nohup: ignoring input
2026-08-18 13:59:28,367 [INFO] ============================================================
2026-08-18 13:59:28,367 [INFO] Demarrage scraping Galeries Bartoux (artistes.json + catalogue.json)
2026-08-18 13:59:28,367 [INFO] ============================================================
2026-08-18 13:59:28,367 [INFO] Chargement page artistes : https://www.galeries-bartoux.com/artistes/
[2026-08-18 13:59:34] INFO: Fetched (200) <GET https://www.galeries-bartoux.com/artistes/> (referer: https://www.google.com/)
2026-08-18 13:59:34,407 [INFO] Fetched (200) <GET https://www.galeries-bartoux.com/artistes/> (referer: https://www.google.com/)
2026-08-18 13:59:36,588 [INFO] Sections trouvees : 3
2026-08-18 13:59:36,600 [INFO]   peintres (Peintre) : 24 artistes
2026-08-18 13:59:36,606 [INFO]   sculpteurs (Sculpteur) : 22 artistes
2026-08-18 13:59:36,609 [INFO]   design (Design) : 11 artistes
2026-08-18 13:59:36,609 [INFO] Total artistes trouves : 57
2026-08-18 13:59:36,609 [INFO]   -> Artiste : AL FRENO [Peintre]
[2026-08-18 13:59:41] INFO: Fetched (200) <GET https://www.galeries-bartoux.com/artistes/al-freno/> (referer: https://www.google.com/)
2026-08-18 13:59:41,197 [INFO] Fetched (200) <GET https://www.galeries-bartoux.com/artistes/al-freno/> (referer: https://www.google.com/)
2026-08-18 13:59:44,890 [INFO]     Bio recuperee (1837 caracteres)
2026-08-18 13:59:44,895 [INFO]     Oeuvres candidates : 8
[2026-08-18 13:59:49] INFO: Fetched (200) <GET https://www.galeries-bartoux.com/artistes/al-freno/al-freno_a-whiter-shade-of-pale-sung-by-procol-harung_150x150cm/> (referer: https://www.google.com/)
2026-08-18 13:59:49,885 [INFO] Fetched (200) <GET https://www.galeries-bartoux.com/artistes/al-freno/al-freno_a-whiter-shade-of-pale-sung-by-procol-harung_150x150cm/> (referer: https://www.google.com/)
2026-08-18 13:59:53,066 [INFO]       Image sauvee -> artistes/al-freno/a-whiter-shade-of-pale-150x150cm.jpg
2026-08-18 13:59:53,067 [INFO]       OK A WHITER SHADE OF PALE | 150 x 150 cm
[2026-08-18 13:59:57] INFO: Fetched (200) <GET https://www.galeries-bartoux.com/artistes/al-freno/your-love-is-king-120-x-120-cm/> (referer: https://www.google.com/)
2026-08-18 13:59:57,522 [INFO] Fetched (200) <GET https://www.galeries-bartoux.com/artistes/al-freno/your-love-is-king-120-x-120-cm/> (referer: https://www.google.com/)
2026-08-18 14:00:00,684 [INFO]       Image sauvee -> artistes/al-freno/your-love-is-king-120x120cm.jpg
2026-08-18 14:00:00,685 [INFO]       OK YOUR LOVE IS KING | 120 x 120 cm
[2026-08-18 14:00:05] INFO: Fetched (200) <GET https://www.galeries-bartoux.com/artistes/al-freno/al-freno-i-only-have-eyes-for-you-150-x-150-cm-blockx-and-williamsburg-extra-fine-oil-on-linen-canvas/> (referer: https://www.google.com/)
2026-08-18 14:00:05,636 [INFO] Fetched (200) <GET https://www.galeries-bartoux.com/artistes/al-freno/al-freno-i-only-have-eyes-for-you-150-x-150-cm-blockx-and-williamsburg-extra-fine-oil-on-linen-canvas/> (referer: https://www.google.com/)
2026-08-18 14:00:08,799 [INFO]       Image sauvee -> artistes/al-freno/i-only-have-eyes-for-you-150x150cm.jpg
2026-08-18 14:00:08,800 [INFO]       OK I ONLY HAVE EYES FOR YOU | 150 x 150 cm
[2026-08-18 14:00:13] INFO: Fetched (200) <GET https://www.galeries-bartoux.com/artistes/al-freno/al-freno-el-paso-114-x-162-cm-extra-fine-oil-blockx-and-williamsburg-on-linen-canvas-3/> (referer: https://www.google.com/)
2026-08-18 14:00:13,128 [INFO] Fetched (200) <GET https://www.galeries-bartoux.com/artistes/al-freno/al-freno-el-paso-114-x-162-cm-extra-fine-oil-blockx-and-williamsburg-on-linen-canvas-3/> (referer: https://www.google.com/)
2026-08-18 14:00:16,299 [INFO]       Image sauvee -> artistes/al-freno/el-paso-114x162cm.jpg
2026-08-18 14:00:16,299 [INFO]       OK EL PASO | 114 x 162 cm
[2026-08-18 14:00:21] INFO: Fetched (200) <GET https://www.galeries-bartoux.com/artistes/al-freno/lets-go-lets-go-lets-go-100-x-130-cm-huile-extra-fine-blockx-et-williamsburg-sur-toile-de-lin/> (referer: https://www.google.com/)
2026-08-18 14:00:21,912 [INFO] Fetched (200) <GET https://www.galeries-bartoux.com/artistes/al-freno/lets-go-lets-go-lets-go-100-x-130-cm-huile-extra-fine-blockx-et-williamsburg-sur-toile-de-lin/> (referer: https://www.google.com/)
2026-08-18 14:00:25,093 [INFO]       Image sauvee -> artistes/al-freno/let-s-go-100x130cm.jpg
2026-08-18 14:00:25,093 [INFO]       OK LET’S GO | 100 x 130 cm
[2026-08-18 14:00:29] INFO: Fetched (200) <GET https://www.galeries-bartoux.com/artistes/al-freno/you-really-got-me-100-x-130-cm/> (referer: https://www.google.com/)
2026-08-18 14:00:29,572 [INFO] Fetched (200) <GET https://www.galeries-bartoux.com/artistes/al-freno/you-really-got-me-100-x-130-cm/> (referer: https://www.google.com/)
2026-08-18 14:00:32,739 [INFO]       Image sauvee -> artistes/al-freno/you-really-got-me-100x130cm.jpg
2026-08-18 14:00:32,740 [INFO]       OK YOU REALLY GOT ME | 100 x 130 cm
[2026-08-18 14:00:38] INFO: Fetched (200) <GET https://www.galeries-bartoux.com/artistes/al-freno/in-the-groove-90-x-120-cm-huile-extra-fine-blockx-et-williamsburg-sur-toile-de-lin/> (referer: https://www.google.com/)
2026-08-18 14:00:38,789 [INFO] Fetched (200) <GET https://www.galeries-bartoux.com/artistes/al-freno/in-the-groove-90-x-120-cm-huile-extra-fine-blockx-et-williamsburg-sur-toile-de-lin/> (referer: https://www.google.com/)
2026-08-18 14:00:41,970 [INFO]       Image sauvee -> artistes/al-freno/in-the-groove-90x120cm.jpg
2026-08-18 14:00:41,970 [INFO]       OK IN THE GROOVE | 90 x 120 cm
[2026-08-18 14:00:46] INFO: Fetched (200) <GET https://www.galeries-bartoux.com/artistes/al-freno/gopher-90-x-120-cm-huile-extra-fine-blockx-et-williamsburg-sur-toile-de-lin/> (referer: https://www.google.com/)
2026-08-18 14:00:46,605 [INFO] Fetched (200) <GET https://www.galeries-bartoux.com/artistes/al-freno/gopher-90-x-120-cm-huile-extra-fine-blockx-et-williamsburg-sur-toile-de-lin/> (referer: https://www.google.com/)
2026-08-18 14:00:49,792 [INFO]       Image sauvee -> artistes/al-freno/gopher-90x120cm.jpg
2026-08-18 14:00:49,793 [INFO]       OK GOPHER | 90 x 120 cm
2026-08-18 14:00:49,793 [INFO]   -> Artiste : CHRIS CAROLINA [Peintre]
[2026-08-18 14:00:56] INFO: Fetched (200) <GET https://www.galeries-bartoux.com/artistes/chris-carolina/> (referer: https://www.google.com/)
2026-08-18 14:00:56,400 [INFO] Fetched (200) <GET https://www.galeries-bartoux.com/artistes/chris-carolina/> (referer: https://www.google.com/)
2026-08-18 14:01:00,086 [INFO]     Bio recuperee (1261 caracteres)
2026-08-18 14:01:00,087 [INFO]     Oeuvres candidates : 11
[2026-08-18 14:01:04] INFO: Fetched (200) <GET https://www.galeries-bartoux.com/artistes/chris-carolina/chris-carolina-alone-in-the-night-110-x-140-cm-oil-on-wood/> (referer: https://www.google.com/)
2026-08-18 14:01:04,569 [INFO] Fetched (200) <GET https://www.galeries-bartoux.com/artistes/chris-carolina/chris-carolina-alone-in-the-night-110-x-140-cm-oil-on-wood/> (referer: https://www.google.com/)
2026-08-18 14:01:07,763 [INFO]       Image sauvee -> artistes/chris-carolina/alone-in-the-night-110x140cm.jpg
2026-08-18 14:01:07,764 [INFO]       OK ALONE IN THE NIGHT | 110 x 140 cm
[2026-08-18 14:01:12] INFO: Fetched (200) <GET https://www.galeries-bartoux.com/artistes/chris-carolina/chris-carolina-white-blouse-130-x-150-cm-huile-sur-bois/> (referer: https://www.google.com/)
2026-08-18 14:01:12,018 [INFO] Fetched (200) <GET https://www.galeries-bartoux.com/artistes/chris-carolina/chris-carolina-white-blouse-130-x-150-cm-huile-sur-bois/> (referer: https://www.google.com/)
2026-08-18 14:01:15,164 [INFO]       Image sauvee -> artistes/chris-carolina/white-blouse-130x150cm.jpg
2026-08-18 14:01:15,164 [INFO]       OK WHITE BLOUSE | 130 x 150 cm
[2026-08-18 14:01:19] INFO: Fetched (200) <GET https://www.galeries-bartoux.com/artistes/chris-carolina/chris-carolina-blue-night-100-x-130-cm-huile-sur-bois/> (referer: https://www.google.com/)
2026-08-18 14:01:19,482 [INFO] Fetched (200) <GET https://www.galeries-bartoux.com/artistes/chris-carolina/chris-carolina-blue-night-100-x-130-cm-huile-sur-bois/> (referer: https://www.google.com/)
2026-08-18 14:01:22,650 [INFO]       Image sauvee -> artistes/chris-carolina/blue-night-100x130cm.jpg
2026-08-18 14:01:22,650 [INFO]       OK BLUE NIGHT | 100 x 130 cm
[2026-08-18 14:01:27] INFO: Fetched (200) <GET https://www.galeries-bartoux.com/artistes/chris-carolina/chris-carolina-drama-night-100-x-100-cm-huile-sur-bois/> (referer: https://www.google.com/)
2026-08-18 14:01:27,054 [INFO] Fetched (200) <GET https://www.galeries-bartoux.com/artistes/chris-carolina/chris-carolina-drama-night-100-x-100-cm-huile-sur-bois/> (referer: https://www.google.com/)
2026-08-18 14:01:30,210 [INFO]       Image sauvee -> artistes/chris-carolina/drama-night-100x100cm.jpg
2026-08-18 14:01:30,210 [INFO]       OK DRAMA NIGHT | 100 x 100 cm
[2026-08-18 14:01:34] INFO: Fetched (200) <GET https://www.galeries-bartoux.com/artistes/chris-carolina/chris-carolina-summer-warmth-100-x-130-cm-oil-on-wood/> (referer: https://www.google.com/)
2026-08-18 14:01:34,689 [INFO] Fetched (200) <GET https://www.galeries-bartoux.com/artistes/chris-carolina/chris-carolina-summer-warmth-100-x-130-cm-oil-on-wood/> (referer: https://www.google.com/)
2026-08-18 14:01:37,870 [INFO]       Image sauvee -> artistes/chris-carolina/summer-warmth-100x130cm.jpg
2026-08-18 14:01:37,872 [INFO]       OK SUMMER WARMTH | 100 x 130 cm
[2026-08-18 14:01:42] INFO: Fetched (200) <GET https://www.galeries-bartoux.com/artistes/chris-carolina/chris-carolina-twilight-glamour-130-x-110-cm-oil-on-wood/> (referer: https://www.google.com/)
2026-08-18 14:01:42,184 [INFO] Fetched (200) <GET https://www.galeries-bartoux.com/artistes/chris-carolina/chris-carolina-twilight-glamour-130-x-110-cm-oil-on-wood/> (referer: https://www.google.com/)
2026-08-18 14:01:45,342 [INFO]       Image sauvee -> artistes/chris-carolina/twilight-glamour-130x110cm.jpg
2026-08-18 14:01:45,343 [INFO]       OK TWILIGHT GLAMOUR | 130 x 110 cm
[2026-08-18 14:01:50] INFO: Fetched (200) <GET https://www.galeries-bartoux.com/artistes/chris-carolina/chris-carolina-everything-was-dark-100-x-100-cm-huile-sur-bois/> (referer: https://www.google.com/)
2026-08-18 14:01:50,968 [INFO] Fetched (200) <GET https://www.galeries-bartoux.com/artistes/chris-carolina/chris-carolina-everything-was-dark-100-x-100-cm-huile-sur-bois/> (referer: https://www.google.com/)
2026-08-18 14:01:54,137 [INFO]       Image sauvee -> artistes/chris-carolina/everything-was-dark-100x100cm.jpg
2026-08-18 14:01:54,138 [INFO]       OK EVERYTHING WAS DARK | 100 x 100 cm
[2026-08-18 14:01:58] INFO: Fetched (200) <GET https://www.galeries-bartoux.com/artistes/chris-carolina/alone-in-the-night-244-120-x-120-cm-huile-sur-bois/> (referer: https://www.google.com/)
2026-08-18 14:01:58,792 [INFO] Fetched (200) <GET https://www.galeries-bartoux.com/artistes/chris-carolina/alone-in-the-night-244-120-x-120-cm-huile-sur-bois/> (referer: https://www.google.com/)
2026-08-18 14:02:01,951 [INFO]       Image sauvee -> artistes/chris-carolina/alone-in-the-night-120x120cm.jpg
2026-08-18 14:02:01,952 [INFO]       OK ALONE IN THE NIGHT | 120 x 120 cm
[2026-08-18 14:02:06] INFO: Fetched (200) <GET https://www.galeries-bartoux.com/artistes/chris-carolina/chris-carolina-sunny-day-140-x-140-cm-oil-on-wood/> (referer: https://www.google.com/)
2026-08-18 14:02:06,486 [INFO] Fetched (200) <GET https://www.galeries-bartoux.com/artistes/chris-carolina/chris-carolina-sunny-day-140-x-140-cm-oil-on-wood/> (referer: https://www.google.com/)
2026-08-18 14:02:09,670 [INFO]       Image sauvee -> artistes/chris-carolina/sunny-day-140x140cm.jpg
2026-08-18 14:02:09,671 [INFO]       OK SUNNY DAY | 140 x 140 cm
[2026-08-18 14:02:14] INFO: Fetched (200) <GET https://www.galeries-bartoux.com/artistes/chris-carolina/chris-carolina-blue-armchairs-100-x-140-cm-oil-on-wood/> (referer: https://www.google.com/)
2026-08-18 14:02:14,954 [INFO] Fetched (200) <GET https://www.galeries-bartoux.com/artistes/chris-carolina/chris-carolina-blue-armchairs-100-x-140-cm-oil-on-wood/> (referer: https://www.google.com/)
2026-08-18 14:02:18,174 [INFO]       Image sauvee -> artistes/chris-carolina/blue-armchairs-100x140cm.jpg
2026-08-18 14:02:18,174 [INFO]       OK BLUE ARMCHAIRS | 100 x 140 cm
[2026-08-18 14:02:22] INFO: Fetched (200) <GET https://www.galeries-bartoux.com/artistes/chris-carolina/chris-carolina-red-armchair-100-x-120-cm-huile-sur-bois/> (referer: https://www.google.com/)
2026-08-18 14:02:22,835 [INFO] Fetched (200) <GET https://www.galeries-bartoux.com/artistes/chris-carolina/chris-carolina-red-armchair-100-x-120-cm-huile-sur-bois/> (referer: https://www.google.com/)
2026-08-18 14:02:26,038 [INFO]       Image sauvee -> artistes/chris-carolina/red-armchair-100x120cm.jpg
2026-08-18 14:02:26,038 [INFO]       OK RED ARMCHAIR | 100 x 120 cm
2026-08-18 14:02:26,039 [INFO]   -> Artiste : CHRIS RILEY [Peintre]
[2026-08-18 14:02:31] INFO: Fetched (200) <GET https://www.galeries-bartoux.com/artistes/chris-riley/> (referer: https://www.google.com/)
2026-08-18 14:02:31,856 [INFO] Fetched (200) <GET https://www.galeries-bartoux.com/artistes/chris-riley/> (referer: https://www.google.com/)
2026-08-18 14:02:35,541 [INFO]     Bio recuperee (970 caracteres)
2026-08-18 14:02:35,543 [INFO]     Oeuvres candidates : 7
[2026-08-18 14:02:40] INFO: Fetched (200) <GET https://www.galeries-bartoux.com/artistes/chris-riley/chris-riley-on-our-way-120-x-160-cm/> (referer: https://www.google.com/)
2026-08-18 14:02:40,083 [INFO] Fetched (200) <GET https://www.galeries-bartoux.com/artistes/chris-riley/chris-riley-on-our-way-120-x-160-cm/> (referer: https://www.google.com/)
2026-08-18 14:02:43,247 [INFO]       Image sauvee -> artistes/chris-riley/on-our-way-120x160cm.jpg
2026-08-18 14:02:43,247 [INFO]       OK ON OUR WAY | 120 x 160 cm
[2026-08-18 14:02:47] INFO: Fetched (200) <GET https://www.galeries-bartoux.com/artistes/chris-riley/chris-riley-fashionably-early-120-x-120-cm/> (referer: https://www.google.com/)
2026-08-18 14:02:47,579 [INFO] Fetched (200) <GET https://www.galeries-bartoux.com/artistes/chris-riley/chris-riley-fashionably-early-120-x-120-cm/> (referer: https://www.google.com/)
2026-08-18 14:02:50,744 [INFO]       Image sauvee -> artistes/chris-riley/fashionably-early-120x120cm.jpg
2026-08-18 14:02:50,745 [INFO]       OK FASHIONABLY EARLY | 120 x 120 cm
[2026-08-18 14:02:55] INFO: Fetched (200) <GET https://www.galeries-bartoux.com/artistes/chris-riley/chris-riley-extended-stay-100-x-150-cm/> (referer: https://www.google.com/)
2026-08-18 14:02:55,175 [INFO] Fetched (200) <GET https://www.galeries-bartoux.com/artistes/chris-riley/chris-riley-extended-stay-100-x-150-cm/> (referer: https://www.google.com/)
2026-08-18 14:02:58,329 [INFO]       Image sauvee -> artistes/chris-riley/extended-stay-100x150cm.jpg
2026-08-18 14:02:58,331 [INFO]       OK EXTENDED STAY | 100 x 150 cm
[2026-08-18 14:03:03] INFO: Fetched (200) <GET https://www.galeries-bartoux.com/artistes/chris-riley/chris-riley-dont-forget-to-stop-130-x-230-cm/> (referer: https://www.google.com/)
2026-08-18 14:03:03,543 [INFO] Fetched (200) <GET https://www.galeries-bartoux.com/artistes/chris-riley/chris-riley-dont-forget-to-stop-130-x-230-cm/> (referer: https://www.google.com/)
2026-08-18 14:03:06,719 [INFO]       Image sauvee -> artistes/chris-riley/don-t-forget-to-stop-130x230cm.jpg
2026-08-18 14:03:06,719 [INFO]       OK DON’T FORGET TO STOP | 130 x 230 cm
[2026-08-18 14:03:11] INFO: Fetched (200) <GET https://www.galeries-bartoux.com/artistes/chris-riley/chris-riley-long-lunch-160-x-120-cm/> (referer: https://www.google.com/)
2026-08-18 14:03:11,026 [INFO] Fetched (200) <GET https://www.galeries-bartoux.com/artistes/chris-riley/chris-riley-long-lunch-160-x-120-cm/> (referer: https://www.google.com/)
2026-08-18 14:03:14,182 [INFO]       Image sauvee -> artistes/chris-riley/long-lunch-160x120cm.jpg
2026-08-18 14:03:14,183 [INFO]       OK LONG LUNCH | 160 x 120 cm
[2026-08-18 14:03:19] INFO: Fetched (200) <GET https://www.galeries-bartoux.com/artistes/chris-riley/chris-riley-morning-routine-104-x-104-cm-acrylic-on-canvas/> (referer: https://www.google.com/)
2026-08-18 14:03:19,104 [INFO] Fetched (200) <GET https://www.galeries-bartoux.com/artistes/chris-riley/chris-riley-morning-routine-104-x-104-cm-acrylic-on-canvas/> (referer: https://www.google.com/)
2026-08-18 14:03:22,251 [INFO]       Image sauvee -> artistes/chris-riley/morning-routine-104x104cm.jpg
2026-08-18 14:03:22,251 [INFO]       OK MORNING ROUTINE | 104 x 104 cm
[2026-08-18 14:03:26] INFO: Fetched (200) <GET https://www.galeries-bartoux.com/artistes/chris-riley/chris-riley-the-good-life-134-x-234-cm-acrylic-on-canvas/> (referer: https://www.google.com/)
2026-08-18 14:03:26,517 [INFO] Fetched (200) <GET https://www.galeries-bartoux.com/artistes/chris-riley/chris-riley-the-good-life-134-x-234-cm-acrylic-on-canvas/> (referer: https://www.google.com/)
2026-08-18 14:03:29,707 [INFO]       Image sauvee -> artistes/chris-riley/the-good-life-134x234cm.jpg
2026-08-18 14:03:29,707 [INFO]       OK THE GOOD LIFE | 134 x 234 cm
2026-08-18 14:03:29,707 [INFO]   -> Artiste : DAVID UESSEM [Peintre]
[2026-08-18 14:03:35] INFO: Fetched (200) <GET https://www.galeries-bartoux.com/artistes/david-uessem/> (referer: https://www.google.com/)
2026-08-18 14:03:35,781 [INFO] Fetched (200) <GET https://www.galeries-bartoux.com/artistes/david-uessem/> (referer: https://www.google.com/)
2026-08-18 14:03:39,464 [INFO]     Bio recuperee (1466 caracteres)
2026-08-18 14:03:39,467 [INFO]     Oeuvres candidates : 6
[2026-08-18 14:03:43] INFO: Fetched (200) <GET https://www.galeries-bartoux.com/artistes/david-uessem/david-uessem-radiant-light-200-x-180-cm-huile-sur-toile-2/> (referer: https://www.google.com/)
2026-08-18 14:03:43,843 [INFO] Fetched (200) <GET https://www.galeries-bartoux.com/artistes/david-uessem/david-uessem-radiant-light-200-x-180-cm-huile-sur-toile-2/> (referer: https://www.google.com/)
2026-08-18 14:03:46,990 [INFO]       Image sauvee -> artistes/david-uessem/radiant-light-200x180cm.jpg
2026-08-18 14:03:46,991 [INFO]       OK RADIANT LIGHT | 200 x 180 cm
[2026-08-18 14:03:52] INFO: Fetched (200) <GET https://www.galeries-bartoux.com/artistes/david-uessem/where-hope-blooms-210-x-160-cm-oil-on-canvas-01/> (referer: https://www.google.com/)
2026-08-18 14:03:52,937 [INFO] Fetched (200) <GET https://www.galeries-bartoux.com/artistes/david-uessem/where-hope-blooms-210-x-160-cm-oil-on-canvas-01/> (referer: https://www.google.com/)
2026-08-18 14:03:56,082 [INFO]       Image sauvee -> artistes/david-uessem/where-hope-blooms-210x160cm.jpg
2026-08-18 14:03:56,083 [INFO]       OK WHERE HOPE BLOOMS | 210 x 160 cm
[2026-08-18 14:04:00] INFO: Fetched (200) <GET https://www.galeries-bartoux.com/artistes/david-uessem/the-sun-will-rise-again-oil-on-canvas-250x180cm/> (referer: https://www.google.com/)
2026-08-18 14:04:00,269 [INFO] Fetched (200) <GET https://www.galeries-bartoux.com/artistes/david-uessem/the-sun-will-rise-again-oil-on-canvas-250x180cm/> (referer: https://www.google.com/)
2026-08-18 14:04:03,387 [INFO]       Image sauvee -> artistes/david-uessem/the-sun-will-rise-again-250x180cm.jpg
2026-08-18 14:04:03,388 [INFO]       OK THE SUN WILL RISE AGAIN | 250 x 180 cm
[2026-08-18 14:04:08] INFO: Fetched (200) <GET https://www.galeries-bartoux.com/artistes/david-uessem/soulstorm-210-x-160-cm-oil-on-canvas-01/> (referer: https://www.google.com/)
2026-08-18 14:04:08,356 [INFO] Fetched (200) <GET https://www.galeries-bartoux.com/artistes/david-uessem/soulstorm-210-x-160-cm-oil-on-canvas-01/> (referer: https://www.google.com/)
2026-08-18 14:04:11,503 [INFO]       Image sauvee -> artistes/david-uessem/soulstorm-210x160cm.jpg
2026-08-18 14:04:11,503 [INFO]       OK SOULSTORM | 210 x 160 cm
[2026-08-18 14:04:15] INFO: Fetched (200) <GET https://www.galeries-bartoux.com/artistes/david-uessem/botanical-garden-100-x-80-cm-huile-sur-toile/> (referer: https://www.google.com/)
2026-08-18 14:04:15,990 [INFO] Fetched (200) <GET https://www.galeries-bartoux.com/artistes/david-uessem/botanical-garden-100-x-80-cm-huile-sur-toile/> (referer: https://www.google.com/)
2026-08-18 14:04:19,147 [INFO]       Image sauvee -> artistes/david-uessem/botanical-garden-100x80cm.jpg
2026-08-18 14:04:19,148 [INFO]       OK BOTANICAL GARDEN | 100 x 80 cm
[2026-08-18 14:04:24] INFO: Fetched (200) <GET https://www.galeries-bartoux.com/artistes/david-uessem/crystal-sky-180-x-150-cm-huile-sur-toile/> (referer: https://www.google.com/)
2026-08-18 14:04:24,582 [INFO] Fetched (200) <GET https://www.galeries-bartoux.com/artistes/david-uessem/crystal-sky-180-x-150-cm-huile-sur-toile/> (referer: https://www.google.com/)
2026-08-18 14:04:27,758 [INFO]       Image sauvee -> artistes/david-uessem/crystal-sky-180x150cm.jpg
2026-08-18 14:04:27,760 [INFO]       OK CRYSTAL SKY | 180 x 150 cm
2026-08-18 14:04:27,760 [INFO]   -> Artiste : DIRK VERDOORN [Peintre]
[2026-08-18 14:04:32] INFO: Fetched (200) <GET https://www.galeries-bartoux.com/artistes/dirk-verdoorn/> (referer: https://www.google.com/)
2026-08-18 14:04:32,393 [INFO] Fetched (200) <GET https://www.galeries-bartoux.com/artistes/dirk-verdoorn/> (referer: https://www.google.com/)
2026-08-18 14:04:36,083 [INFO]     Bio recuperee (1679 caracteres)
2026-08-18 14:04:36,088 [INFO]     Oeuvres candidates : 10
[2026-08-18 14:04:41] INFO: Fetched (200) <GET https://www.galeries-bartoux.com/artistes/dirk-verdoorn/dirk-verdoorn-backwaters-in-kerala-114-x-146-cm-huile-sur-toile/> (referer: https://www.google.com/)
2026-08-18 14:04:41,101 [INFO] Fetched (200) <GET https://www.galeries-bartoux.com/artistes/dirk-verdoorn/dirk-verdoorn-backwaters-in-kerala-114-x-146-cm-huile-sur-toile/> (referer: https://www.google.com/)
2026-08-18 14:04:44,272 [INFO]       Image sauvee -> artistes/dirk-verdoorn/backwaters-in-kerala-114x146cm.jpg
2026-08-18 14:04:44,273 [INFO]       OK BACKWATERS IN KERALA | 114 x 146 cm
[2026-08-18 14:04:49] INFO: Fetched (200) <GET https://www.galeries-bartoux.com/artistes/dirk-verdoorn/dirk-verdoorn-sirtaki-devant-n-y-120-x-120-cm-huile-sur-toile/> (referer: https://www.google.com/)
2026-08-18 14:04:49,826 [INFO] Fetched (200) <GET https://www.galeries-bartoux.com/artistes/dirk-verdoorn/dirk-verdoorn-sirtaki-devant-n-y-120-x-120-cm-huile-sur-toile/> (referer: https://www.google.com/)
2026-08-18 14:04:53,021 [INFO]       Image sauvee -> artistes/dirk-verdoorn/sirtaki-devant-n-y-120x120cm.jpg
2026-08-18 14:04:53,022 [INFO]       OK SIRTAKI DEVANT N.Y. | 120 x 120 cm
[2026-08-18 14:04:58] INFO: Fetched (200) <GET https://www.galeries-bartoux.com/artistes/dirk-verdoorn/dirk-verdoorn-happy-hour-100-x-80-cm-huile-sur-toile/> (referer: https://www.google.com/)
2026-08-18 14:04:58,220 [INFO] Fetched (200) <GET https://www.galeries-bartoux.com/artistes/dirk-verdoorn/dirk-verdoorn-happy-hour-100-x-80-cm-huile-sur-toile/> (referer: https://www.google.com/)
2026-08-18 14:05:01,373 [INFO]       Image sauvee -> artistes/dirk-verdoorn/happy-hour-100x80cm.jpg
2026-08-18 14:05:01,373 [INFO]       OK HAPPY HOUR | 100 x 80 cm
[2026-08-18 14:05:05] INFO: Fetched (200) <GET https://www.galeries-bartoux.com/artistes/dirk-verdoorn/dirk-verdoorn-lor-noir-120-x-120-cm-huile-sur-toile/> (referer: https://www.google.com/)
2026-08-18 14:05:05,915 [INFO] Fetched (200) <GET https://www.galeries-bartoux.com/artistes/dirk-verdoorn/dirk-verdoorn-lor-noir-120-x-120-cm-huile-sur-toile/> (referer: https://www.google.com/)
2026-08-18 14:05:09,084 [INFO]       Image sauvee -> artistes/dirk-verdoorn/l-or-noir-120x120cm.jpg
2026-08-18 14:05:09,084 [INFO]       OK L’OR NOIR | 120 x 120 cm
[2026-08-18 14:05:14] INFO: Fetched (200) <GET https://www.galeries-bartoux.com/artistes/dirk-verdoorn/dirk-verdoorn-contre-jour-avec-san-giorgio-114-x-146-cm-huile-sur-toile/> (referer: https://www.google.com/)
2026-08-18 14:05:14,464 [INFO] Fetched (200) <GET https://www.galeries-bartoux.com/artistes/dirk-verdoorn/dirk-verdoorn-contre-jour-avec-san-giorgio-114-x-146-cm-huile-sur-toile/> (referer: https://www.google.com/)
2026-08-18 14:05:17,602 [INFO]       Image sauvee -> artistes/dirk-verdoorn/contre-jour-avec-san-giorgio-114x146cm.jpg
2026-08-18 14:05:17,603 [INFO]       OK CONTRE JOUR AVEC SAN GIORGIO | 114 x 146 cm
[2026-08-18 14:05:22] INFO: Fetched (200) <GET https://www.galeries-bartoux.com/artistes/dirk-verdoorn/dirk-verdoorn-traffic-autour-de-la-punta-della-dogana-130-x-96-cm-huile-sur-toile/> (referer: https://www.google.com/)
2026-08-18 14:05:22,010 [INFO] Fetched (200) <GET https://www.galeries-bartoux.com/artistes/dirk-verdoorn/dirk-verdoorn-traffic-autour-de-la-punta-della-dogana-130-x-96-cm-huile-sur-toile/> (referer: https://www.google.com/)
2026-08-18 14:05:25,166 [INFO]       Image sauvee -> artistes/dirk-verdoorn/trafic-autour-de-la-punta-della-dogana-130x96cm.jpg
2026-08-18 14:05:25,166 [INFO]       OK TRAFIC AUTOUR DE LA PUNTA DELLA DOGANA | 130 x 96 cm
[2026-08-18 14:05:30] INFO: Fetched (200) <GET https://www.galeries-bartoux.com/artistes/dirk-verdoorn/dirk-verdoorn-poveglia-lintrigante-130-x-190-cm-huile-sur-toile/> (referer: https://www.google.com/)
2026-08-18 14:05:30,616 [INFO] Fetched (200) <GET https://www.galeries-bartoux.com/artistes/dirk-verdoorn/dirk-verdoorn-poveglia-lintrigante-130-x-190-cm-huile-sur-toile/> (referer: https://www.google.com/)
2026-08-18 14:05:33,800 [INFO]       Image sauvee -> artistes/dirk-verdoorn/poveglia-l-intrigante-130x190cm.jpg
2026-08-18 14:05:33,801 [INFO]       OK POVEGLIA L’INTRIGANTE | 130 x 190 cm
[2026-08-18 14:05:39] INFO: Fetched (200) <GET https://www.galeries-bartoux.com/artistes/dirk-verdoorn/dirk-verdoorn-bora-heading-out-of-santa-maria-del-mar-130-x-195-cm-huile-sur-toile/> (referer: https://www.google.com/)
2026-08-18 14:05:39,177 [INFO] Fetched (200) <GET https://www.galeries-bartoux.com/artistes/dirk-verdoorn/dirk-verdoorn-bora-heading-out-of-santa-maria-del-mar-130-x-195-cm-huile-sur-toile/> (referer: https://www.google.com/)
2026-08-18 14:05:42,345 [INFO]       Image sauvee -> artistes/dirk-verdoorn/bora-heading-out-of-santa-maria-del-mar-130x195cm.jpg
2026-08-18 14:05:42,345 [INFO]       OK BORA HEADING OUT OF SANTA MARIA DEL MAR | 130 x 195 cm
[2026-08-18 14:05:47] INFO: Fetched (200) <GET https://www.galeries-bartoux.com/artistes/dirk-verdoorn/dirk-verdoorn-san-giorgio-in-notturna-diptych-148-x-228-cm-huile-sur-toile/> (referer: https://www.google.com/)
2026-08-18 14:05:47,341 [INFO] Fetched (200) <GET https://www.galeries-bartoux.com/artistes/dirk-verdoorn/dirk-verdoorn-san-giorgio-in-notturna-diptych-148-x-228-cm-huile-sur-toile/> (referer: https://www.google.com/)
2026-08-18 14:05:50,504 [INFO]       Image sauvee -> artistes/dirk-verdoorn/san-giorgio-in-notturna-diptych-148x228cm.jpg
2026-08-18 14:05:50,506 [INFO]       OK SAN GIORGIO IN NOTTURNA (DIPTYCH) | 148 x 228 cm
[2026-08-18 14:05:55] INFO: Fetched (200) <GET https://www.galeries-bartoux.com/artistes/dirk-verdoorn/dirk-verdoorn-reveries-lagunaires-100-x-190-cm-huile-sur-toile/> (referer: https://www.google.com/)
2026-08-18 14:05:55,883 [INFO] Fetched (200) <GET https://www.galeries-bartoux.com/artistes/dirk-verdoorn/dirk-verdoorn-reveries-lagunaires-100-x-190-cm-huile-sur-toile/> (referer: https://www.google.com/)
2026-08-18 14:05:59,005 [INFO]       Image sauvee -> artistes/dirk-verdoorn/re-veries-lagunaires-100x190cm.jpg
2026-08-18 14:05:59,006 [INFO]       OK RÊVERIES LAGUNAIRES | 100 x 190 cm
2026-08-18 14:05:59,006 [INFO]   -> Artiste : ERIC ALFARO [Peintre]
[2026-08-18 14:06:04] INFO: Fetched (200) <GET https://www.galeries-bartoux.com/artistes/eric-alfaro/> (referer: https://www.google.com/)
2026-08-18 14:06:04,273 [INFO] Fetched (200) <GET https://www.galeries-bartoux.com/artistes/eric-alfaro/> (referer: https://www.google.com/)
2026-08-18 14:06:07,966 [INFO]     Bio recuperee (1549 caracteres)
2026-08-18 14:06:07,969 [INFO]     Oeuvres candidates : 15
[2026-08-18 14:06:13] INFO: Fetched (301) <GET https://www.galeries-bartoux.com/artistes/eric-alfaro/eric-alfaro-spring-love-120-x-120-cm/> (referer: https://www.google.com/)
2026-08-18 14:06:13,256 [INFO] Fetched (301) <GET https://www.galeries-bartoux.com/artistes/eric-alfaro/eric-alfaro-spring-love-120-x-120-cm/> (referer: https://www.google.com/)
[2026-08-18 14:06:13] INFO: Fetched (200) <GET https://www.galeries-bartoux.com/artistes/eric-alfaro/> (referer: https://www.google.com/)
2026-08-18 14:06:13,324 [INFO] Fetched (200) <GET https://www.galeries-bartoux.com/artistes/eric-alfaro/> (referer: https://www.google.com/)
2026-08-18 14:06:16,317 [WARNING]       Redirection vers page artiste -> ignore : https://www.galeries-bartoux.com/artistes/eric-alfaro/eric-alfaro-spring-love-120-x-120-cm/
[2026-08-18 14:06:22] INFO: Fetched (301) <GET https://www.galeries-bartoux.com/artistes/eric-alfaro/eric-alfaro-blooming-flowers-146-x-114-cm/> (referer: https://www.google.com/)
2026-08-18 14:06:22,184 [INFO] Fetched (301) <GET https://www.galeries-bartoux.com/artistes/eric-alfaro/eric-alfaro-blooming-flowers-146-x-114-cm/> (referer: https://www.google.com/)
[2026-08-18 14:06:22] INFO: Fetched (200) <GET https://www.galeries-bartoux.com/artistes/eric-alfaro/> (referer: https://www.google.com/)
2026-08-18 14:06:22,249 [INFO] Fetched (200) <GET https://www.galeries-bartoux.com/artistes/eric-alfaro/> (referer: https://www.google.com/)
2026-08-18 14:06:25,231 [WARNING]       Redirection vers page artiste -> ignore : https://www.galeries-bartoux.com/artistes/eric-alfaro/eric-alfaro-blooming-flowers-146-x-114-cm/
[2026-08-18 14:06:29] INFO: Fetched (200) <GET https://www.galeries-bartoux.com/artistes/eric-alfaro/eric-alfaro-with-you-in-the-garden-122-x-122-cm-acrylic-on-linen/> (referer: https://www.google.com/)
2026-08-18 14:06:29,980 [INFO] Fetched (200) <GET https://www.galeries-bartoux.com/artistes/eric-alfaro/eric-alfaro-with-you-in-the-garden-122-x-122-cm-acrylic-on-linen/> (referer: https://www.google.com/)
2026-08-18 14:06:33,159 [INFO]       Image sauvee -> artistes/eric-alfaro/with-you-in-the-garden-122x122cm.jpg
2026-08-18 14:06:33,160 [INFO]       OK WITH YOU IN THE GARDEN | 122 x 122 cm
[2026-08-18 14:06:37] INFO: Fetched (200) <GET https://www.galeries-bartoux.com/artistes/eric-alfaro/eric-alfaro-blooming-in-my-heart-122-x-122-cm-acrylic-on-linen/> (referer: https://www.google.com/)
2026-08-18 14:06:37,605 [INFO] Fetched (200) <GET https://www.galeries-bartoux.com/artistes/eric-alfaro/eric-alfaro-blooming-in-my-heart-122-x-122-cm-acrylic-on-linen/> (referer: https://www.google.com/)
2026-08-18 14:06:40,783 [INFO]       Image sauvee -> artistes/eric-alfaro/blooming-in-my-heart-122x122cm.jpg
2026-08-18 14:06:40,784 [INFO]       OK BLOOMING IN MY HEART | 122 x 122 cm
[2026-08-18 14:06:45] INFO: Fetched (200) <GET https://www.galeries-bartoux.com/artistes/eric-alfaro/eric-alfaro-your-love-152-x-152-cm-acrylic-on-linen/> (referer: https://www.google.com/)
2026-08-18 14:06:45,810 [INFO] Fetched (200) <GET https://www.galeries-bartoux.com/artistes/eric-alfaro/eric-alfaro-your-love-152-x-152-cm-acrylic-on-linen/> (referer: https://www.google.com/)
2026-08-18 14:06:49,001 [INFO]       Image sauvee -> artistes/eric-alfaro/your-love-152x152cm.jpg
2026-08-18 14:06:49,003 [INFO]       OK YOUR LOVE | 152 x 152 cm
[2026-08-18 14:06:54] INFO: Fetched (200) <GET https://www.galeries-bartoux.com/artistes/eric-alfaro/eric-alfaro-our-song-152-x-152-cm-acrylic-on-linen/> (referer: https://www.google.com/)
2026-08-18 14:06:54,937 [INFO] Fetched (200) <GET https://www.galeries-bartoux.com/artistes/eric-alfaro/eric-alfaro-our-song-152-x-152-cm-acrylic-on-linen/> (referer: https://www.google.com/)
2026-08-18 14:06:58,128 [INFO]       Image sauvee -> artistes/eric-alfaro/our-song-152x152cm.jpg
2026-08-18 14:06:58,129 [INFO]       OK OUR SONG | 152 x 152 cm
[2026-08-18 14:07:02] INFO: Fetched (200) <GET https://www.galeries-bartoux.com/artistes/eric-alfaro/eric-alfaro-spring-stories-122-x-122-cm-acrylic-on-linen/> (referer: https://www.google.com/)
2026-08-18 14:07:02,574 [INFO] Fetched (200) <GET https://www.galeries-bartoux.com/artistes/eric-alfaro/eric-alfaro-spring-stories-122-x-122-cm-acrylic-on-linen/> (referer: https://www.google.com/)
2026-08-18 14:07:05,814 [INFO]       Image sauvee -> artistes/eric-alfaro/spring-stories-122x122cm.jpg
2026-08-18 14:07:05,815 [INFO]       OK SPRING STORIES | 122 x 122 cm
[2026-08-18 14:07:10] INFO: Fetched (200) <GET https://www.galeries-bartoux.com/artistes/eric-alfaro/eric-alfaro-botanical-love-152-x-152-cm-acrylic-on-linen-1/> (referer: https://www.google.com/)
2026-08-18 14:07:10,956 [INFO] Fetched (200) <GET https://www.galeries-bartoux.com/artistes/eric-alfaro/eric-alfaro-botanical-love-152-x-152-cm-acrylic-on-linen-1/> (referer: https://www.google.com/)
2026-08-18 14:07:14,092 [INFO]       Image sauvee -> artistes/eric-alfaro/botanical-love-152x152cm.jpg
2026-08-18 14:07:14,093 [INFO]       OK BOTANICAL LOVE | 152 x 152 cm
[2026-08-18 14:07:18] INFO: Fetched (301) <GET https://www.galeries-bartoux.com/artistes/eric-alfaro/eric-alfaro-lake-with-blue-flowers-120-x-120cm/> (referer: https://www.google.com/)
2026-08-18 14:07:18,909 [INFO] Fetched (301) <GET https://www.galeries-bartoux.com/artistes/eric-alfaro/eric-alfaro-lake-with-blue-flowers-120-x-120cm/> (referer: https://www.google.com/)
[2026-08-18 14:07:18] INFO: Fetched (200) <GET https://www.galeries-bartoux.com/artistes/eric-alfaro/> (referer: https://www.google.com/)
2026-08-18 14:07:18,959 [INFO] Fetched (200) <GET https://www.galeries-bartoux.com/artistes/eric-alfaro/> (referer: https://www.google.com/)
2026-08-18 14:07:21,935 [WARNING]       Redirection vers page artiste -> ignore : https://www.galeries-bartoux.com/artistes/eric-alfaro/eric-alfaro-lake-with-blue-flowers-120-x-120cm/
[2026-08-18 14:07:28] INFO: Fetched (301) <GET https://www.galeries-bartoux.com/artistes/eric-alfaro/eric-alfaro-breeze-on-the-pond-120-x-96-cm/> (referer: https://www.google.com/)
2026-08-18 14:07:28,003 [INFO] Fetched (301) <GET https://www.galeries-bartoux.com/artistes/eric-alfaro/eric-alfaro-breeze-on-the-pond-120-x-96-cm/> (referer: https://www.google.com/)
[2026-08-18 14:07:28] INFO: Fetched (200) <GET https://www.galeries-bartoux.com/artistes/eric-alfaro/> (referer: https://www.google.com/)
2026-08-18 14:07:28,073 [INFO] Fetched (200) <GET https://www.galeries-bartoux.com/artistes/eric-alfaro/> (referer: https://www.google.com/)
2026-08-18 14:07:31,089 [WARNING]       Redirection vers page artiste -> ignore : https://www.galeries-bartoux.com/artistes/eric-alfaro/eric-alfaro-breeze-on-the-pond-120-x-96-cm/
[2026-08-18 14:07:36] INFO: Fetched (200) <GET https://www.galeries-bartoux.com/artistes/eric-alfaro/eric-alfaro-water-lilies-garden-198-x-198-cm-acrylic-on-linen/> (referer: https://www.google.com/)
2026-08-18 14:07:36,357 [INFO] Fetched (200) <GET https://www.galeries-bartoux.com/artistes/eric-alfaro/eric-alfaro-water-lilies-garden-198-x-198-cm-acrylic-on-linen/> (referer: https://www.google.com/)
2026-08-18 14:07:39,537 [INFO]       Image sauvee -> artistes/eric-alfaro/water-lilies-garden-198x198cm.jpg
2026-08-18 14:07:39,537 [INFO]       OK WATER LILIES GARDEN | 198 x 198 cm
[2026-08-18 14:07:44] INFO: Fetched (200) <GET https://www.galeries-bartoux.com/artistes/eric-alfaro/eric-alfaro-blooming-lake-198-x-198-cm-acrylic-on-linen/> (referer: https://www.google.com/)
2026-08-18 14:07:44,899 [INFO] Fetched (200) <GET https://www.galeries-bartoux.com/artistes/eric-alfaro/eric-alfaro-blooming-lake-198-x-198-cm-acrylic-on-linen/> (referer: https://www.google.com/)
2026-08-18 14:07:48,116 [INFO]       Image sauvee -> artistes/eric-alfaro/blooming-lake-198x198cm.jpg
2026-08-18 14:07:48,116 [INFO]       OK BLOOMING LAKE | 198 x 198 cm
[2026-08-18 14:07:53] INFO: Fetched (200) <GET https://www.galeries-bartoux.com/artistes/eric-alfaro/alfaro-together-in-the-lake-122-x-142-x-5-cm-oil-on-canvas/> (referer: https://www.google.com/)
2026-08-18 14:07:53,641 [INFO] Fetched (200) <GET https://www.galeries-bartoux.com/artistes/eric-alfaro/alfaro-together-in-the-lake-122-x-142-x-5-cm-oil-on-canvas/> (referer: https://www.google.com/)
2026-08-18 14:07:56,852 [INFO]       Image sauvee -> artistes/eric-alfaro/together-in-the-lake-122x142x5cm.jpg
2026-08-18 14:07:56,853 [INFO]       OK TOGETHER IN THE LAKE | 122 x 142 x 5 cm
[2026-08-18 14:08:01] INFO: Fetched (200) <GET https://www.galeries-bartoux.com/artistes/eric-alfaro/alfaro-when-i-met-you-153-x-153-x-5-cm-oil-on-canvas/> (referer: https://www.google.com/)
2026-08-18 14:08:01,857 [INFO] Fetched (200) <GET https://www.galeries-bartoux.com/artistes/eric-alfaro/alfaro-when-i-met-you-153-x-153-x-5-cm-oil-on-canvas/> (referer: https://www.google.com/)
2026-08-18 14:08:05,061 [INFO]       Image sauvee -> artistes/eric-alfaro/when-i-met-you-153x153x5cm.jpg
2026-08-18 14:08:05,062 [INFO]       OK WHEN I MET YOU | 153 x 153 x 5 cm
[2026-08-18 14:08:10] INFO: Fetched (301) <GET https://www.galeries-bartoux.com/artistes/eric-alfaro/alfaro-water-garden-102-x-102-cm-oil-on-canvas/> (referer: https://www.google.com/)
2026-08-18 14:08:10,260 [INFO] Fetched (301) <GET https://www.galeries-bartoux.com/artistes/eric-alfaro/alfaro-water-garden-102-x-102-cm-oil-on-canvas/> (referer: https://www.google.com/)
[2026-08-18 14:08:10] INFO: Fetched (200) <GET https://www.galeries-bartoux.com/artistes/eric-alfaro/> (referer: https://www.google.com/)
2026-08-18 14:08:10,340 [INFO] Fetched (200) <GET https://www.galeries-bartoux.com/artistes/eric-alfaro/> (referer: https://www.google.com/)
2026-08-18 14:08:13,353 [WARNING]       Redirection vers page artiste -> ignore : https://www.galeries-bartoux.com/artistes/eric-alfaro/alfaro-water-garden-102-x-102-cm-oil-on-canvas/
2026-08-18 14:08:13,353 [INFO]   -> Artiste : FRANÇOIS D’IZARNY [Peintre]
[2026-08-18 14:08:18] INFO: Fetched (200) <GET https://www.galeries-bartoux.com/artistes/francois-dizarny/> (referer: https://www.google.com/)
2026-08-18 14:08:18,497 [INFO] Fetched (200) <GET https://www.galeries-bartoux.com/artistes/francois-dizarny/> (referer: https://www.google.com/)
2026-08-18 14:08:22,196 [INFO]     Bio recuperee (633 caracteres)
2026-08-18 14:08:22,199 [INFO]     Oeuvres candidates : 5
[2026-08-18 14:08:26] INFO: Fetched (200) <GET https://www.galeries-bartoux.com/artistes/francois-dizarny/hommage-a-venise-140-x-250-cm-technique-mixte-sur-toile/> (referer: https://www.google.com/)
2026-08-18 14:08:26,510 [INFO] Fetched (200) <GET https://www.galeries-bartoux.com/artistes/francois-dizarny/hommage-a-venise-140-x-250-cm-technique-mixte-sur-toile/> (referer: https://www.google.com/)
2026-08-18 14:08:29,678 [INFO]       Image sauvee -> artistes/francois-d-izarny/hommage-a-venise-140x250cm.jpg
2026-08-18 14:08:29,679 [INFO]       OK HOMMAGE À VENISE | 140 x 250 cm
[2026-08-18 14:08:34] INFO: Fetched (200) <GET https://www.galeries-bartoux.com/artistes/francois-dizarny/atelier-saint-tropez-200-x-140-cm-technique-mixte-sur-toile-3/> (referer: https://www.google.com/)
2026-08-18 14:08:34,828 [INFO] Fetched (200) <GET https://www.galeries-bartoux.com/artistes/francois-dizarny/atelier-saint-tropez-200-x-140-cm-technique-mixte-sur-toile-3/> (referer: https://www.google.com/)
2026-08-18 14:08:37,971 [INFO]       Image sauvee -> artistes/francois-d-izarny/atelier-saint-tropez-200x140cm.jpg
2026-08-18 14:08:37,971 [INFO]       OK ATELIER SAINT-TROPEZ | 200 x 140 cm
[2026-08-18 14:08:42] INFO: Fetched (200) <GET https://www.galeries-bartoux.com/artistes/francois-dizarny/gb-dizarny-atelier-bleu-140x95cm/> (referer: https://www.google.com/)
2026-08-18 14:08:42,342 [INFO] Fetched (200) <GET https://www.galeries-bartoux.com/artistes/francois-dizarny/gb-dizarny-atelier-bleu-140x95cm/> (referer: https://www.google.com/)
2026-08-18 14:08:45,488 [INFO]       Image sauvee -> artistes/francois-d-izarny/atelier-bleu-140x95cm.jpg
2026-08-18 14:08:45,489 [INFO]       OK Atelier Bleu | 140x95cm
[2026-08-18 14:08:51] INFO: Fetched (200) <GET https://www.galeries-bartoux.com/artistes/francois-dizarny/bouquet-jaune-2/> (referer: https://www.google.com/)
2026-08-18 14:08:51,684 [INFO] Fetched (200) <GET https://www.galeries-bartoux.com/artistes/francois-dizarny/bouquet-jaune-2/> (referer: https://www.google.com/)
2026-08-18 14:08:54,889 [INFO]       Image sauvee -> artistes/francois-d-izarny/bouquet-jaune-160x130cm.jpg
2026-08-18 14:08:54,889 [INFO]       OK BOUQUET JAUNE | 160 x 130 cm
[2026-08-18 14:08:59] INFO: Fetched (200) <GET https://www.galeries-bartoux.com/artistes/francois-dizarny/bouquet-rouge-2/> (referer: https://www.google.com/)
2026-08-18 14:08:59,367 [INFO] Fetched (200) <GET https://www.galeries-bartoux.com/artistes/francois-dizarny/bouquet-rouge-2/> (referer: https://www.google.com/)
2026-08-18 14:09:02,544 [INFO]       Image sauvee -> artistes/francois-d-izarny/bouquet-rouge-160x130cm.jpg
2026-08-18 14:09:02,544 [INFO]       OK BOUQUET ROUGE | 160 x 130 cm
2026-08-18 14:09:02,545 [INFO]   -> Artiste : GABRIEL MORENO [Peintre]
[2026-08-18 14:09:08] INFO: Fetched (200) <GET https://www.galeries-bartoux.com/artistes/gabriel-moreno/> (referer: https://www.google.com/)
2026-08-18 14:09:08,005 [INFO] Fetched (200) <GET https://www.galeries-bartoux.com/artistes/gabriel-moreno/> (referer: https://www.google.com/)
2026-08-18 14:09:11,716 [INFO]     Bio recuperee (721 caracteres)
2026-08-18 14:09:11,720 [INFO]     Oeuvres candidates : 16
[2026-08-18 14:09:16] INFO: Fetched (200) <GET https://www.galeries-bartoux.com/artistes/gabriel-moreno/moreno-smoke-and-mirrors-n1-200-x-200-cm/> (referer: https://www.google.com/)
2026-08-18 14:09:16,071 [INFO] Fetched (200) <GET https://www.galeries-bartoux.com/artistes/gabriel-moreno/moreno-smoke-and-mirrors-n1-200-x-200-cm/> (referer: https://www.google.com/)
2026-08-18 14:09:19,233 [INFO]       Image sauvee -> artistes/gabriel-moreno/smoke-and-mirrors-n-1-200x200cm.jpg
2026-08-18 14:09:19,234 [INFO]       OK SMOKE AND MIRRORS N°1 | 200 x 200 cm
[2026-08-18 14:09:24] INFO: Fetched (200) <GET https://www.galeries-bartoux.com/artistes/gabriel-moreno/moreno-smoke-and-mirrors-n2-diam-130-cm/> (referer: https://www.google.com/)
2026-08-18 14:09:24,899 [INFO] Fetched (200) <GET https://www.galeries-bartoux.com/artistes/gabriel-moreno/moreno-smoke-and-mirrors-n2-diam-130-cm/> (referer: https://www.google.com/)
2026-08-18 14:09:28,061 [INFO]       Image sauvee -> artistes/gabriel-moreno/smoke-and-mirrors-n-2-130cm.jpg
2026-08-18 14:09:28,062 [INFO]       OK SMOKE AND MIRRORS N°2 | Diam. 130 cm
[2026-08-18 14:09:32] INFO: Fetched (200) <GET https://www.galeries-bartoux.com/artistes/gabriel-moreno/gabriel-moreno-maria-xv-220-x-140-cm-crayons-de-couleur-et-stylos-sur-bois/> (referer: https://www.google.com/)
2026-08-18 14:09:32,612 [INFO] Fetched (200) <GET https://www.galeries-bartoux.com/artistes/gabriel-moreno/gabriel-moreno-maria-xv-220-x-140-cm-crayons-de-couleur-et-stylos-sur-bois/> (referer: https://www.google.com/)
2026-08-18 14:09:35,777 [INFO]       Image sauvee -> artistes/gabriel-moreno/maria-xv-220x140cm.jpg
2026-08-18 14:09:35,777 [INFO]       OK MARIA XV | 220 x 140 cm
[2026-08-18 14:09:40] INFO: Fetched (200) <GET https://www.galeries-bartoux.com/artistes/gabriel-moreno/maria-xi-200-x-200-cm-crayons-de-couleur-et-stylos-sur-bois/> (referer: https://www.google.com/)
2026-08-18 14:09:40,684 [INFO] Fetched (200) <GET https://www.galeries-bartoux.com/artistes/gabriel-moreno/maria-xi-200-x-200-cm-crayons-de-couleur-et-stylos-sur-bois/> (referer: https://www.google.com/)
2026-08-18 14:09:43,860 [INFO]       Image sauvee -> artistes/gabriel-moreno/maria-xi-200x200cm.jpg
2026-08-18 14:09:43,861 [INFO]       OK MARIA XI | 200 x 200 cm
[2026-08-18 14:09:49] INFO: Fetched (200) <GET https://www.galeries-bartoux.com/artistes/gabriel-moreno/maria-xii-200-x-200-cm-crayons-de-couleur-et-stylos-sur-bois/> (referer: https://www.google.com/)
2026-08-18 14:09:49,006 [INFO] Fetched (200) <GET https://www.galeries-bartoux.com/artistes/gabriel-moreno/maria-xii-200-x-200-cm-crayons-de-couleur-et-stylos-sur-bois/> (referer: https://www.google.com/)
2026-08-18 14:09:52,179 [INFO]       Image sauvee -> artistes/gabriel-moreno/maria-xii-200x200cm.jpg
2026-08-18 14:09:52,180 [INFO]       OK MARIA XII | 200 x 200 cm
[2026-08-18 14:09:58] INFO: Fetched (200) <GET https://www.galeries-bartoux.com/artistes/gabriel-moreno/maria-ix-160-x-200-cm-crayons-de-couleur-et-stylos-sur-bois/> (referer: https://www.google.com/)
2026-08-18 14:09:58,098 [INFO] Fetched (200) <GET https://www.galeries-bartoux.com/artistes/gabriel-moreno/maria-ix-160-x-200-cm-crayons-de-couleur-et-stylos-sur-bois/> (referer: https://www.google.com/)
2026-08-18 14:10:01,277 [INFO]       Image sauvee -> artistes/gabriel-moreno/maria-ix-160x200cm.jpg
2026-08-18 14:10:01,278 [INFO]       OK MARIA IX | 160 x 200 cm
[2026-08-18 14:10:05] INFO: Fetched (200) <GET https://www.galeries-bartoux.com/artistes/gabriel-moreno/maria-x-200-x-200-cm-crayons-de-couleur-et-stylos-sur-bois/> (referer: https://www.google.com/)
2026-08-18 14:10:05,968 [INFO] Fetched (200) <GET https://www.galeries-bartoux.com/artistes/gabriel-moreno/maria-x-200-x-200-cm-crayons-de-couleur-et-stylos-sur-bois/> (referer: https://www.google.com/)
2026-08-18 14:10:09,179 [INFO]       Image sauvee -> artistes/gabriel-moreno/maria-x-200x200cm.jpg
2026-08-18 14:10:09,179 [INFO]       OK MARIA X | 200 x 200 cm
[2026-08-18 14:10:14] INFO: Fetched (200) <GET https://www.galeries-bartoux.com/artistes/gabriel-moreno/maria-vii-160-x-160-cm-crayons-de-couleur-et-stylos-sur-bois/> (referer: https://www.google.com/)
2026-08-18 14:10:14,446 [INFO] Fetched (200) <GET https://www.galeries-bartoux.com/artistes/gabriel-moreno/maria-vii-160-x-160-cm-crayons-de-couleur-et-stylos-sur-bois/> (referer: https://www.google.com/)
2026-08-18 14:10:17,613 [INFO]       Image sauvee -> artistes/gabriel-moreno/maria-vii-160x160cm.jpg
2026-08-18 14:10:17,614 [INFO]       OK MARIA VII | 160 x 160 cm
[2026-08-18 14:10:22] INFO: Fetched (200) <GET https://www.galeries-bartoux.com/artistes/gabriel-moreno/mariaviii-160-x-160-cm-crayons-de-couleur-et-stylos-sur-bois/> (referer: https://www.google.com/)
2026-08-18 14:10:22,113 [INFO] Fetched (200) <GET https://www.galeries-bartoux.com/artistes/gabriel-moreno/mariaviii-160-x-160-cm-crayons-de-couleur-et-stylos-sur-bois/> (referer: https://www.google.com/)
2026-08-18 14:10:25,282 [INFO]       Image sauvee -> artistes/gabriel-moreno/maria-viii-160x160cm.jpg
2026-08-18 14:10:25,283 [INFO]       OK MARIA VIII | 160 x 160 cm
[2026-08-18 14:10:30] INFO: Fetched (200) <GET https://www.galeries-bartoux.com/artistes/gabriel-moreno/la-madre-xiii-180-x-180-cm-crayons-de-couleur-et-stylos-sur-bois/> (referer: https://www.google.com/)
2026-08-18 14:10:30,485 [INFO] Fetched (200) <GET https://www.galeries-bartoux.com/artistes/gabriel-moreno/la-madre-xiii-180-x-180-cm-crayons-de-couleur-et-stylos-sur-bois/> (referer: https://www.google.com/)
2026-08-18 14:10:33,661 [INFO]       Image sauvee -> artistes/gabriel-moreno/la-madre-xiii-200x160cm.jpg
2026-08-18 14:10:33,662 [INFO]       OK LA MADRE XIII | 200 x 160 cm
[2026-08-18 14:10:38] INFO: Fetched (200) <GET https://www.galeries-bartoux.com/artistes/gabriel-moreno/gabriel-moreno-la-madre-no20-160-x-200-cm-crayons-de-couleur-et-stylos-sur-bois/> (referer: https://www.google.com/)
2026-08-18 14:10:38,862 [INFO] Fetched (200) <GET https://www.galeries-bartoux.com/artistes/gabriel-moreno/gabriel-moreno-la-madre-no20-160-x-200-cm-crayons-de-couleur-et-stylos-sur-bois/> (referer: https://www.google.com/)
2026-08-18 14:10:42,053 [INFO]       Image sauvee -> artistes/gabriel-moreno/la-madre-n-20-160x200cm.jpg
2026-08-18 14:10:42,054 [INFO]       OK LA MADRE Nº20 | 160 x 200 cm
[2026-08-18 14:10:48] INFO: Fetched (200) <GET https://www.galeries-bartoux.com/artistes/gabriel-moreno/la-madre-xv-180-x-180-cm-2/> (referer: https://www.google.com/)
2026-08-18 14:10:48,772 [INFO] Fetched (200) <GET https://www.galeries-bartoux.com/artistes/gabriel-moreno/la-madre-xv-180-x-180-cm-2/> (referer: https://www.google.com/)
2026-08-18 14:10:51,975 [INFO]       Image sauvee -> artistes/gabriel-moreno/la-madre-xv-180x180cm.jpg
2026-08-18 14:10:51,976 [INFO]       OK LA MADRE XV | 180 x 180 cm
[2026-08-18 14:10:56] INFO: Fetched (200) <GET https://www.galeries-bartoux.com/artistes/gabriel-moreno/la-madre-nvi-160-x-160-cm/> (referer: https://www.google.com/)
2026-08-18 14:10:56,458 [INFO] Fetched (200) <GET https://www.galeries-bartoux.com/artistes/gabriel-moreno/la-madre-nvi-160-x-160-cm/> (referer: https://www.google.com/)
2026-08-18 14:10:59,620 [INFO]       Image sauvee -> artistes/gabriel-moreno/la-madre-n-vi-160x160cm.jpg
2026-08-18 14:10:59,621 [INFO]       OK LA MADRE N°VI | 160 x 160 cm
[2026-08-18 14:11:04] INFO: Fetched (200) <GET https://www.galeries-bartoux.com/artistes/gabriel-moreno/la-madre-xiv-180-x-180-cm-crayons-de-couleur-et-stylos-sur-bois-2/> (referer: https://www.google.com/)
2026-08-18 14:11:04,030 [INFO] Fetched (200) <GET https://www.galeries-bartoux.com/artistes/gabriel-moreno/la-madre-xiv-180-x-180-cm-crayons-de-couleur-et-stylos-sur-bois-2/> (referer: https://www.google.com/)
2026-08-18 14:11:07,237 [INFO]       Image sauvee -> artistes/gabriel-moreno/la-madre-xiv-180x180cm.jpg
2026-08-18 14:11:07,238 [INFO]       OK LA MADRE XIV | 180 x 180 cm
[2026-08-18 14:11:11] INFO: Fetched (200) <GET https://www.galeries-bartoux.com/artistes/gabriel-moreno/la-madre-ix-200-x-162-cm-crayons-de-couleur-et-stylos-sur-bois-2025/> (referer: https://www.google.com/)
2026-08-18 14:11:11,591 [INFO] Fetched (200) <GET https://www.galeries-bartoux.com/artistes/gabriel-moreno/la-madre-ix-200-x-162-cm-crayons-de-couleur-et-stylos-sur-bois-2025/> (referer: https://www.google.com/)
2026-08-18 14:11:14,768 [INFO]       Image sauvee -> artistes/gabriel-moreno/la-madre-ix-200x162cm.jpg
2026-08-18 14:11:14,769 [INFO]       OK LA MADRE IX | 200 x 162 cm
[2026-08-18 14:11:19] INFO: Fetched (200) <GET https://www.galeries-bartoux.com/artistes/gabriel-moreno/gabriel-moreno-la-madre-no21-160-x-200-cm-crayons-de-couleur-et-stylos-sur-bois/> (referer: https://www.google.com/)
2026-08-18 14:11:19,927 [INFO] Fetched (200) <GET https://www.galeries-bartoux.com/artistes/gabriel-moreno/gabriel-moreno-la-madre-no21-160-x-200-cm-crayons-de-couleur-et-stylos-sur-bois/> (referer: https://www.google.com/)
2026-08-18 14:11:23,109 [INFO]       Image sauvee -> artistes/gabriel-moreno/la-madre-n-21-160x200cm.jpg
2026-08-18 14:11:23,110 [INFO]       OK LA MADRE Nº21 | 160 x 200 cm
2026-08-18 14:11:23,110 [INFO]   -> Artiste : Gianluca Corona [Peintre]
[2026-08-18 14:11:27] INFO: Fetched (200) <GET https://www.galeries-bartoux.com/artistes/40587/> (referer: https://www.google.com/)
2026-08-18 14:11:27,717 [INFO] Fetched (200) <GET https://www.galeries-bartoux.com/artistes/40587/> (referer: https://www.google.com/)
2026-08-18 14:11:31,410 [INFO]     Bio recuperee (796 caracteres)
2026-08-18 14:11:31,412 [INFO]     Oeuvres candidates : 7
[2026-08-18 14:11:35] INFO: Fetched (200) <GET https://www.galeries-bartoux.com/artistes/40587/gianluca-corona-frutti-di-bosco-e-vasetti-raku-37-cm-x-37-cm-oil-on-canvas/> (referer: https://www.google.com/)
2026-08-18 14:11:35,754 [INFO] Fetched (200) <GET https://www.galeries-bartoux.com/artistes/40587/gianluca-corona-frutti-di-bosco-e-vasetti-raku-37-cm-x-37-cm-oil-on-canvas/> (referer: https://www.google.com/)
2026-08-18 14:11:38,936 [INFO]       Image sauvee -> artistes/gianluca-corona/frutti-di-bosco-e-vasetti-raku-37x37cm.jpg
2026-08-18 14:11:38,937 [INFO]       OK FRUTTI DI BOSCO E VASETTI RAKU | 37 x 37 cm
[2026-08-18 14:11:43] INFO: Fetched (200) <GET https://www.galeries-bartoux.com/artistes/40587/gianluca-corona-vaso-con-tulipani-gialli-60-x-60-cm-oil-on-canvas/> (referer: https://www.google.com/)
2026-08-18 14:11:43,181 [INFO] Fetched (200) <GET https://www.galeries-bartoux.com/artistes/40587/gianluca-corona-vaso-con-tulipani-gialli-60-x-60-cm-oil-on-canvas/> (referer: https://www.google.com/)
2026-08-18 14:11:46,346 [INFO]       Image sauvee -> artistes/gianluca-corona/vaso-con-tulipani-gialli-60x60cm.jpg
2026-08-18 14:11:46,347 [INFO]       OK VASO CON TULIPANI GIALLI | 60 x 60 cm
[2026-08-18 14:11:50] INFO: Fetched (200) <GET https://www.galeries-bartoux.com/artistes/40587/gianluca-corona-peonia-30-x-30-cm-oil-on-canvas/> (referer: https://www.google.com/)
2026-08-18 14:11:50,811 [INFO] Fetched (200) <GET https://www.galeries-bartoux.com/artistes/40587/gianluca-corona-peonia-30-x-30-cm-oil-on-canvas/> (referer: https://www.google.com/)
2026-08-18 14:11:53,981 [INFO]       Image sauvee -> artistes/gianluca-corona/peonia-30x30cm.jpg
2026-08-18 14:11:53,981 [INFO]       OK PEONIA | 30 x 30 cm
[2026-08-18 14:11:58] INFO: Fetched (200) <GET https://www.galeries-bartoux.com/artistes/40587/gianluca-corona-vasetti-con-nespole-34-x-34-cm-oil-on-canvas/> (referer: https://www.google.com/)
2026-08-18 14:11:58,345 [INFO] Fetched (200) <GET https://www.galeries-bartoux.com/artistes/40587/gianluca-corona-vasetti-con-nespole-34-x-34-cm-oil-on-canvas/> (referer: https://www.google.com/)
2026-08-18 14:12:01,495 [INFO]       Image sauvee -> artistes/gianluca-corona/vasetti-con-nespole-34x34cm.jpg
2026-08-18 14:12:01,496 [INFO]       OK VASETTI CON NESPOLE | 34 x 34 cm
[2026-08-18 14:12:06] INFO: Fetched (200) <GET https://www.galeries-bartoux.com/artistes/40587/gianluca-corona-vaso-con-limoni-naturali-50-x-50-cm-oil-on-canvas/> (referer: https://www.google.com/)
2026-08-18 14:12:06,017 [INFO] Fetched (200) <GET https://www.galeries-bartoux.com/artistes/40587/gianluca-corona-vaso-con-limoni-naturali-50-x-50-cm-oil-on-canvas/> (referer: https://www.google.com/)
2026-08-18 14:12:09,175 [INFO]       Image sauvee -> artistes/gianluca-corona/vaso-con-limoni-naturali-50x50cm.jpg
2026-08-18 14:12:09,176 [INFO]       OK VASO CON LIMONI NATURALI | 50 x 50 cm
[2026-08-18 14:12:13] INFO: Fetched (200) <GET https://www.galeries-bartoux.com/artistes/40587/vaso-nero-con-cachi-2025-olio-su-tavola-cm-50x70/> (referer: https://www.google.com/)
2026-08-18 14:12:13,440 [INFO] Fetched (200) <GET https://www.galeries-bartoux.com/artistes/40587/vaso-nero-con-cachi-2025-olio-su-tavola-cm-50x70/> (referer: https://www.google.com/)
2026-08-18 14:12:16,573 [INFO]       Image sauvee -> artistes/gianluca-corona/vaso-nero-con-cachi-50x70cm.jpg
2026-08-18 14:12:16,573 [INFO]       OK Vaso Nero con Cachi | 50 x 70 cm
[2026-08-18 14:12:21] INFO: Fetched (200) <GET https://www.galeries-bartoux.com/artistes/40587/vaso-in-bucchero-e-limoni-80-x-80-cm-huile-sur-toile/> (referer: https://www.google.com/)
2026-08-18 14:12:21,490 [INFO] Fetched (200) <GET https://www.galeries-bartoux.com/artistes/40587/vaso-in-bucchero-e-limoni-80-x-80-cm-huile-sur-toile/> (referer: https://www.google.com/)
2026-08-18 14:12:24,647 [INFO]       Image sauvee -> artistes/gianluca-corona/vaso-in-bucchero-e-limoni-80x80cm.jpg
2026-08-18 14:12:24,647 [INFO]       OK VASO IN BUCCHERO E LIMONI | 80 x 80 cm
2026-08-18 14:12:24,647 [INFO]   -> Artiste : HARDING MEYER [Peintre]
[2026-08-18 14:12:29] INFO: Fetched (200) <GET https://www.galeries-bartoux.com/artistes/harding-meyer/> (referer: https://www.google.com/)
2026-08-18 14:12:29,298 [INFO] Fetched (200) <GET https://www.galeries-bartoux.com/artistes/harding-meyer/> (referer: https://www.google.com/)
2026-08-18 14:12:32,991 [INFO]     Bio recuperee (1521 caracteres)
2026-08-18 14:12:32,994 [INFO]     Oeuvres candidates : 15
[2026-08-18 14:12:37] INFO: Fetched (200) <GET https://www.galeries-bartoux.com/artistes/harding-meyer/harding-meyer-15-160-x-200-cm-oil-on-canvas/> (referer: https://www.google.com/)
2026-08-18 14:12:37,945 [INFO] Fetched (200) <GET https://www.galeries-bartoux.com/artistes/harding-meyer/harding-meyer-15-160-x-200-cm-oil-on-canvas/> (referer: https://www.google.com/)
2026-08-18 14:12:41,114 [INFO]       Image sauvee -> artistes/harding-meyer/15-160x200cm.jpg
2026-08-18 14:12:41,115 [INFO]       OK 15 | 160 x 200 cm
[2026-08-18 14:12:45] INFO: Fetched (200) <GET https://www.galeries-bartoux.com/artistes/harding-meyer/harding-meyer-12-150-x-120-cm-oil-on-canvas/> (referer: https://www.google.com/)
2026-08-18 14:12:45,556 [INFO] Fetched (200) <GET https://www.galeries-bartoux.com/artistes/harding-meyer/harding-meyer-12-150-x-120-cm-oil-on-canvas/> (referer: https://www.google.com/)
2026-08-18 14:12:48,725 [INFO]       Image sauvee -> artistes/harding-meyer/12-150x120cm.jpg
2026-08-18 14:12:48,726 [INFO]       OK 12 | 150 x 120 cm
[2026-08-18 14:12:54] INFO: Fetched (200) <GET https://www.galeries-bartoux.com/artistes/harding-meyer/hardin-meyer-11-120-x-150-cm-huile-sur-toile/> (referer: https://www.google.com/)
2026-08-18 14:12:54,909 [INFO] Fetched (200) <GET https://www.galeries-bartoux.com/artistes/harding-meyer/hardin-meyer-11-120-x-150-cm-huile-sur-toile/> (referer: https://www.google.com/)
2026-08-18 14:12:58,087 [INFO]       Image sauvee -> artistes/harding-meyer/11-120x150cm.jpg
2026-08-18 14:12:58,088 [INFO]       OK 11 | 120 x 150 cm
[2026-08-18 14:13:02] INFO: Fetched (200) <GET https://www.galeries-bartoux.com/artistes/harding-meyer/9-160-x-130cm-huile-sur-toile/> (referer: https://www.google.com/)
2026-08-18 14:13:02,217 [INFO] Fetched (200) <GET https://www.galeries-bartoux.com/artistes/harding-meyer/9-160-x-130cm-huile-sur-toile/> (referer: https://www.google.com/)
2026-08-18 14:13:05,391 [INFO]       Image sauvee -> artistes/harding-meyer/9-160x130cm.jpg
2026-08-18 14:13:05,392 [INFO]       OK 9 | 160 x 130 cm
[2026-08-18 14:13:10] INFO: Fetched (200) <GET https://www.galeries-bartoux.com/artistes/harding-meyer/8-160-x-200-cm-huile-sur-toile/> (referer: https://www.google.com/)
2026-08-18 14:13:10,517 [INFO] Fetched (200) <GET https://www.galeries-bartoux.com/artistes/harding-meyer/8-160-x-200-cm-huile-sur-toile/> (referer: https://www.google.com/)
2026-08-18 14:13:13,759 [INFO]       Image sauvee -> artistes/harding-meyer/8-160x200cm.jpg
2026-08-18 14:13:13,760 [INFO]       OK 8 | 160 x 200 cm
[2026-08-18 14:13:18] INFO: Fetched (200) <GET https://www.galeries-bartoux.com/artistes/harding-meyer/34-190-x-150-cm-huile-sur-toile/> (referer: https://www.google.com/)
2026-08-18 14:13:18,142 [INFO] Fetched (200) <GET https://www.galeries-bartoux.com/artistes/harding-meyer/34-190-x-150-cm-huile-sur-toile/> (referer: https://www.google.com/)
2026-08-18 14:13:21,299 [INFO]       Image sauvee -> artistes/harding-meyer/34-190x150cm.jpg
2026-08-18 14:13:21,299 [INFO]       OK 34 | 190 x 150 cm
[2026-08-18 14:13:26] INFO: Fetched (200) <GET https://www.galeries-bartoux.com/artistes/harding-meyer/10-200-x-160-cm-huile-sur-toile/> (referer: https://www.google.com/)
2026-08-18 14:13:26,018 [INFO] Fetched (200) <GET https://www.galeries-bartoux.com/artistes/harding-meyer/10-200-x-160-cm-huile-sur-toile/> (referer: https://www.google.com/)
2026-08-18 14:13:29,201 [INFO]       Image sauvee -> artistes/harding-meyer/10-200x160cm.jpg
2026-08-18 14:13:29,202 [INFO]       OK 10 | 200 x 160 cm
[2026-08-18 14:13:34] INFO: Fetched (200) <GET https://www.galeries-bartoux.com/artistes/harding-meyer/4-2026-110-x-90-cm-huile-sur-toile/> (referer: https://www.google.com/)
2026-08-18 14:13:34,376 [INFO] Fetched (200) <GET https://www.galeries-bartoux.com/artistes/harding-meyer/4-2026-110-x-90-cm-huile-sur-toile/> (referer: https://www.google.com/)
2026-08-18 14:13:37,569 [INFO]       Image sauvee -> artistes/harding-meyer/4-110x90cm.jpg
2026-08-18 14:13:37,570 [INFO]       OK 4 | 110 x 90 cm
[2026-08-18 14:13:41] INFO: Fetched (200) <GET https://www.galeries-bartoux.com/artistes/harding-meyer/2-2026-120-x-150-cm-huile-sur-toile/> (referer: https://www.google.com/)
2026-08-18 14:13:41,982 [INFO] Fetched (200) <GET https://www.galeries-bartoux.com/artistes/harding-meyer/2-2026-120-x-150-cm-huile-sur-toile/> (referer: https://www.google.com/)
2026-08-18 14:13:45,166 [INFO]       Image sauvee -> artistes/harding-meyer/2-120x150cm.jpg
2026-08-18 14:13:45,166 [INFO]       OK 2 | 120 x 150 cm
[2026-08-18 14:13:50] INFO: Fetched (200) <GET https://www.galeries-bartoux.com/artistes/harding-meyer/27-190-x-160-cm/> (referer: https://www.google.com/)
2026-08-18 14:13:50,741 [INFO] Fetched (200) <GET https://www.galeries-bartoux.com/artistes/harding-meyer/27-190-x-160-cm/> (referer: https://www.google.com/)
2026-08-18 14:13:53,903 [INFO]       Image sauvee -> artistes/harding-meyer/27-190x160cm.jpg
2026-08-18 14:13:53,903 [INFO]       OK 27 | 190 x 160 cm
[2026-08-18 14:13:58] INFO: Fetched (200) <GET https://www.galeries-bartoux.com/artistes/harding-meyer/35-160-x-130-cm-huile-sur-toile/> (referer: https://www.google.com/)
2026-08-18 14:13:58,251 [INFO] Fetched (200) <GET https://www.galeries-bartoux.com/artistes/harding-meyer/35-160-x-130-cm-huile-sur-toile/> (referer: https://www.google.com/)
2026-08-18 14:14:01,423 [INFO]       Image sauvee -> artistes/harding-meyer/35-160x130cm.jpg
2026-08-18 14:14:01,424 [INFO]       OK 35 | 160 x 130 cm
[2026-08-18 14:14:05] INFO: Fetched (200) <GET https://www.galeries-bartoux.com/artistes/harding-meyer/22-2025-130-x-160-cm-huile-sur-toile/> (referer: https://www.google.com/)
2026-08-18 14:14:05,784 [INFO] Fetched (200) <GET https://www.galeries-bartoux.com/artistes/harding-meyer/22-2025-130-x-160-cm-huile-sur-toile/> (referer: https://www.google.com/)
2026-08-18 14:14:08,966 [INFO]       Image sauvee -> artistes/harding-meyer/22-130x160cm.jpg
2026-08-18 14:14:08,967 [INFO]       OK 22 | 130 x 160 cm
[2026-08-18 14:14:13] INFO: Fetched (200) <GET https://www.galeries-bartoux.com/artistes/harding-meyer/19-2025-190-x-160-cm-huile-sur-toile/> (referer: https://www.google.com/)
2026-08-18 14:14:13,391 [INFO] Fetched (200) <GET https://www.galeries-bartoux.com/artistes/harding-meyer/19-2025-190-x-160-cm-huile-sur-toile/> (referer: https://www.google.com/)
2026-08-18 14:14:16,563 [INFO]       Image sauvee -> artistes/harding-meyer/19-190x160cm.jpg
2026-08-18 14:14:16,564 [INFO]       OK 19 | 190 x 160 cm
[2026-08-18 14:14:21] INFO: Fetched (200) <GET https://www.galeries-bartoux.com/artistes/harding-meyer/30-200-x-160-cm-huile-sur-toile/> (referer: https://www.google.com/)
2026-08-18 14:14:21,093 [INFO] Fetched (200) <GET https://www.galeries-bartoux.com/artistes/harding-meyer/30-200-x-160-cm-huile-sur-toile/> (referer: https://www.google.com/)
2026-08-18 14:14:24,271 [INFO]       Image sauvee -> artistes/harding-meyer/30-200x160cm.jpg
2026-08-18 14:14:24,271 [INFO]       OK 30 | 200 x 160 cm
[2026-08-18 14:14:28] INFO: Fetched (200) <GET https://www.galeries-bartoux.com/artistes/harding-meyer/21-2025-160-x-130-cm-huile-sur-toile/> (referer: https://www.google.com/)
2026-08-18 14:14:28,636 [INFO] Fetched (200) <GET https://www.galeries-bartoux.com/artistes/harding-meyer/21-2025-160-x-130-cm-huile-sur-toile/> (referer: https://www.google.com/)
2026-08-18 14:14:31,833 [INFO]       Image sauvee -> artistes/harding-meyer/21-160x130cm.jpg
2026-08-18 14:14:31,835 [INFO]       OK 21 | 160 x 130 cm
2026-08-18 14:14:31,835 [INFO]   -> Artiste : JOSÉ LUIS CEÑA [Peintre]
[2026-08-18 14:14:36] INFO: Fetched (200) <GET https://www.galeries-bartoux.com/artistes/jose-luis-cena/> (referer: https://www.google.com/)
2026-08-18 14:14:36,303 [INFO] Fetched (200) <GET https://www.galeries-bartoux.com/artistes/jose-luis-cena/> (referer: https://www.google.com/)
2026-08-18 14:14:39,978 [INFO]     Bio recuperee (1241 caracteres)
2026-08-18 14:14:39,981 [INFO]     Oeuvres candidates : 4
[2026-08-18 14:14:45] INFO: Fetched (200) <GET https://www.galeries-bartoux.com/artistes/jose-luis-cena/jose-luis-cena-the-princess-of-the-pond-180-x-180-cm-huile-sur-lin/> (referer: https://www.google.com/)
2026-08-18 14:14:45,561 [INFO] Fetched (200) <GET https://www.galeries-bartoux.com/artistes/jose-luis-cena/jose-luis-cena-the-princess-of-the-pond-180-x-180-cm-huile-sur-lin/> (referer: https://www.google.com/)
2026-08-18 14:14:48,735 [INFO]       Image sauvee -> artistes/jose-luis-ce-a/the-princess-of-the-pond-180x180cm.jpg
2026-08-18 14:14:48,735 [INFO]       OK THE PRINCESS OF THE POND | 180 x 180 cm
[2026-08-18 14:14:53] INFO: Fetched (200) <GET https://www.galeries-bartoux.com/artistes/jose-luis-cena/jose-luis-cena-the-heir-to-flight-150-x-150-cm-huile-sur-lin-2/> (referer: https://www.google.com/)
2026-08-18 14:14:53,042 [INFO] Fetched (200) <GET https://www.galeries-bartoux.com/artistes/jose-luis-cena/jose-luis-cena-the-heir-to-flight-150-x-150-cm-huile-sur-lin-2/> (referer: https://www.google.com/)
2026-08-18 14:14:56,232 [INFO]       Image sauvee -> artistes/jose-luis-ce-a/the-heir-to-flight-150x150cm.jpg
2026-08-18 14:14:56,233 [INFO]       OK THE HEIR TO FLIGHT | 150 x 150 cm
[2026-08-18 14:15:01] INFO: Fetched (200) <GET https://www.galeries-bartoux.com/artistes/jose-luis-cena/jose-luis-cena-rehearsal-for-metamorphosis-180-x-180-cm-huile-sur-lin-1/> (referer: https://www.google.com/)
2026-08-18 14:15:01,182 [INFO] Fetched (200) <GET https://www.galeries-bartoux.com/artistes/jose-luis-cena/jose-luis-cena-rehearsal-for-metamorphosis-180-x-180-cm-huile-sur-lin-1/> (referer: https://www.google.com/)
2026-08-18 14:15:04,341 [INFO]       Image sauvee -> artistes/jose-luis-ce-a/rehearsal-for-metamorphosis-180x180cm.jpg
2026-08-18 14:15:04,341 [INFO]       OK REHEARSAL FOR METAMORPHOSIS | 180 x 180 cm
[2026-08-18 14:15:08] INFO: Fetched (200) <GET https://www.galeries-bartoux.com/artistes/jose-luis-cena/jose-luis-cena-echo-of-this-other-100-x-100-cm-huile-sur-lin-1/> (referer: https://www.google.com/)
2026-08-18 14:15:08,835 [INFO] Fetched (200) <GET https://www.galeries-bartoux.com/artistes/jose-luis-cena/jose-luis-cena-echo-of-this-other-100-x-100-cm-huile-sur-lin-1/> (referer: https://www.google.com/)
2026-08-18 14:15:11,994 [INFO]       Image sauvee -> artistes/jose-luis-ce-a/echo-of-this-other-100x100cm.jpg
2026-08-18 14:15:11,995 [INFO]       OK ECHO OF THIS OTHER | 100 x 100 cm
2026-08-18 14:15:11,995 [INFO]   -> Artiste : KADIR AKYOL [Peintre]
[2026-08-18 14:15:16] INFO: Fetched (200) <GET https://www.galeries-bartoux.com/artistes/kadir-akyol/> (referer: https://www.google.com/)
2026-08-18 14:15:16,840 [INFO] Fetched (200) <GET https://www.galeries-bartoux.com/artistes/kadir-akyol/> (referer: https://www.google.com/)
2026-08-18 14:15:20,524 [INFO]     Bio recuperee (1195 caracteres)
2026-08-18 14:15:20,528 [INFO]     Oeuvres candidates : 13
[2026-08-18 14:15:25] INFO: Fetched (200) <GET https://www.galeries-bartoux.com/artistes/kadir-akyol/kadir-akyol-sakura-72-150-x-125-cm-peinture-a-lhuile-sur-tissu/> (referer: https://www.google.com/)
2026-08-18 14:15:25,065 [INFO] Fetched (200) <GET https://www.galeries-bartoux.com/artistes/kadir-akyol/kadir-akyol-sakura-72-150-x-125-cm-peinture-a-lhuile-sur-tissu/> (referer: https://www.google.com/)
2026-08-18 14:15:28,233 [INFO]       Image sauvee -> artistes/kadir-akyol/sakura-72-150x125cm.jpg
2026-08-18 14:15:28,234 [INFO]       OK SAKURA 72 | 150 x 125 cm
[2026-08-18 14:15:33] INFO: Fetched (200) <GET https://www.galeries-bartoux.com/artistes/kadir-akyol/kadir-akyol-sakura-70-150-x-125-cm-peinture-a-lhuile-sur-tissu/> (referer: https://www.google.com/)
2026-08-18 14:15:33,146 [INFO] Fetched (200) <GET https://www.galeries-bartoux.com/artistes/kadir-akyol/kadir-akyol-sakura-70-150-x-125-cm-peinture-a-lhuile-sur-tissu/> (referer: https://www.google.com/)
2026-08-18 14:15:36,316 [INFO]       Image sauvee -> artistes/kadir-akyol/sakura-70-150x125cm.jpg
2026-08-18 14:15:36,316 [INFO]       OK SAKURA 70 | 150 x 125 cm
[2026-08-18 14:15:40] INFO: Fetched (200) <GET https://www.galeries-bartoux.com/artistes/kadir-akyol/kadir-akyol-sakura-73-150-x-125-cm-peinture-a-lhuile-sur-tissu/> (referer: https://www.google.com/)
2026-08-18 14:15:40,570 [INFO] Fetched (200) <GET https://www.galeries-bartoux.com/artistes/kadir-akyol/kadir-akyol-sakura-73-150-x-125-cm-peinture-a-lhuile-sur-tissu/> (referer: https://www.google.com/)
2026-08-18 14:15:43,747 [INFO]       Image sauvee -> artistes/kadir-akyol/sakura-73-150x125cm.jpg
2026-08-18 14:15:43,748 [INFO]       OK SAKURA 73 | 150 x 125 cm
[2026-08-18 14:15:49] INFO: Fetched (200) <GET https://www.galeries-bartoux.com/artistes/kadir-akyol/kadir-akyol-sakura-71-150-x-125-cm-peinture-a-lhuile-sur-tissu/> (referer: https://www.google.com/)
2026-08-18 14:15:49,315 [INFO] Fetched (200) <GET https://www.galeries-bartoux.com/artistes/kadir-akyol/kadir-akyol-sakura-71-150-x-125-cm-peinture-a-lhuile-sur-tissu/> (referer: https://www.google.com/)
2026-08-18 14:15:52,541 [INFO]       Image sauvee -> artistes/kadir-akyol/sakura-71-150x125cm.jpg
2026-08-18 14:15:52,541 [INFO]       OK SAKURA 71 | 150 x 125 cm
[2026-08-18 14:15:56] INFO: Fetched (200) <GET https://www.galeries-bartoux.com/artistes/kadir-akyol/kadir-akyol-sakura-66-150-x-125-cm/> (referer: https://www.google.com/)
2026-08-18 14:15:56,927 [INFO] Fetched (200) <GET https://www.galeries-bartoux.com/artistes/kadir-akyol/kadir-akyol-sakura-66-150-x-125-cm/> (referer: https://www.google.com/)
2026-08-18 14:16:00,117 [INFO]       Image sauvee -> artistes/kadir-akyol/sakura-66-150x125cm.jpg
2026-08-18 14:16:00,118 [INFO]       OK SAKURA 66 | 150 x 125 cm
[2026-08-18 14:16:05] INFO: Fetched (200) <GET https://www.galeries-bartoux.com/artistes/kadir-akyol/kadir-akyol-sakura-68-150-x-125-cm/> (referer: https://www.google.com/)
2026-08-18 14:16:05,107 [INFO] Fetched (200) <GET https://www.galeries-bartoux.com/artistes/kadir-akyol/kadir-akyol-sakura-68-150-x-125-cm/> (referer: https://www.google.com/)
2026-08-18 14:16:08,294 [INFO]       Image sauvee -> artistes/kadir-akyol/sakura-68-150x125cm.jpg
2026-08-18 14:16:08,294 [INFO]       OK SAKURA 68 | 150 x 125 cm
[2026-08-18 14:16:12] INFO: Fetched (200) <GET https://www.galeries-bartoux.com/artistes/kadir-akyol/kadir-akyol-sakura-67-150-x-125-cm/> (referer: https://www.google.com/)
2026-08-18 14:16:12,500 [INFO] Fetched (200) <GET https://www.galeries-bartoux.com/artistes/kadir-akyol/kadir-akyol-sakura-67-150-x-125-cm/> (referer: https://www.google.com/)
2026-08-18 14:16:15,683 [INFO]       Image sauvee -> artistes/kadir-akyol/sakura-67-150x125cm.jpg
2026-08-18 14:16:15,684 [INFO]       OK SAKURA 67 | 150 x 125 cm
[2026-08-18 14:16:20] INFO: Fetched (200) <GET https://www.galeries-bartoux.com/artistes/kadir-akyol/sakura-xxx-135-x-135-cm-oil-on-fabric/> (referer: https://www.google.com/)
2026-08-18 14:16:20,674 [INFO] Fetched (200) <GET https://www.galeries-bartoux.com/artistes/kadir-akyol/sakura-xxx-135-x-135-cm-oil-on-fabric/> (referer: https://www.google.com/)
2026-08-18 14:16:23,851 [INFO]       Image sauvee -> artistes/kadir-akyol/sakura-xxx-135x135cm.jpg
2026-08-18 14:16:23,851 [INFO]       OK SAKURA XXX | 135 x 135 cm
[2026-08-18 14:16:28] INFO: Fetched (200) <GET https://www.galeries-bartoux.com/artistes/kadir-akyol/sakura-59-150-x-125-cm-peinture-a-lhuile-sur-tissu-3/> (referer: https://www.google.com/)
2026-08-18 14:16:28,097 [INFO] Fetched (200) <GET https://www.galeries-bartoux.com/artistes/kadir-akyol/sakura-59-150-x-125-cm-peinture-a-lhuile-sur-tissu-3/> (referer: https://www.google.com/)
2026-08-18 14:16:31,263 [INFO]       Image sauvee -> artistes/kadir-akyol/sakura-59-150x125cm.jpg
2026-08-18 14:16:31,263 [INFO]       OK SAKURA 59 | 150 x 125 cm
[2026-08-18 14:16:36] INFO: Fetched (200) <GET https://www.galeries-bartoux.com/artistes/kadir-akyol/interculturality-sakura-i-150-x-125-cm/> (referer: https://www.google.com/)
2026-08-18 14:16:36,156 [INFO] Fetched (200) <GET https://www.galeries-bartoux.com/artistes/kadir-akyol/interculturality-sakura-i-150-x-125-cm/> (referer: https://www.google.com/)
2026-08-18 14:16:39,369 [INFO]       Image sauvee -> artistes/kadir-akyol/interculturality-sakura-i-150x125cm.jpg
2026-08-18 14:16:39,369 [INFO]       OK INTERCULTURALITY SAKURA I | 150 x 125 cm
[2026-08-18 14:16:43] INFO: Fetched (200) <GET https://www.galeries-bartoux.com/artistes/kadir-akyol/sakura-60-150-x-125-cm-peinture-a-lhuile-sur-tissu-3/> (referer: https://www.google.com/)
2026-08-18 14:16:43,993 [INFO] Fetched (200) <GET https://www.galeries-bartoux.com/artistes/kadir-akyol/sakura-60-150-x-125-cm-peinture-a-lhuile-sur-tissu-3/> (referer: https://www.google.com/)
2026-08-18 14:16:47,172 [INFO]       Image sauvee -> artistes/kadir-akyol/sakura-60-150x125cm.jpg
2026-08-18 14:16:47,172 [INFO]       OK SAKURA 60 | 150 x 125 cm
[2026-08-18 14:16:53] INFO: Fetched (200) <GET https://www.galeries-bartoux.com/artistes/kadir-akyol/sakura-xxxviii-110-x-130-cm-peinture-a-lhuile-sur-tissu/> (referer: https://www.google.com/)
2026-08-18 14:16:53,140 [INFO] Fetched (200) <GET https://www.galeries-bartoux.com/artistes/kadir-akyol/sakura-xxxviii-110-x-130-cm-peinture-a-lhuile-sur-tissu/> (referer: https://www.google.com/)
2026-08-18 14:16:56,311 [INFO]       Image sauvee -> artistes/kadir-akyol/sakura-xxxviii-110x130cm.jpg
2026-08-18 14:16:56,312 [INFO]       OK SAKURA XXXVIII | 110 x 130 cm
[2026-08-18 14:17:00] INFO: Fetched (200) <GET https://www.galeries-bartoux.com/artistes/kadir-akyol/sakura-xxxx-150-x-125-cm-peinture-a-lhuile-sur-tissu/> (referer: https://www.google.com/)
2026-08-18 14:17:00,668 [INFO] Fetched (200) <GET https://www.galeries-bartoux.com/artistes/kadir-akyol/sakura-xxxx-150-x-125-cm-peinture-a-lhuile-sur-tissu/> (referer: https://www.google.com/)
2026-08-18 14:17:03,871 [INFO]       Image sauvee -> artistes/kadir-akyol/sakura-xxxx-150x125cm.jpg
2026-08-18 14:17:03,872 [INFO]       OK SAKURA XXXX | 150 x 125 cm
2026-08-18 14:17:03,872 [INFO]   -> Artiste : KIKO [Peintre]
[2026-08-18 14:17:09] INFO: Fetched (200) <GET https://www.galeries-bartoux.com/artistes/kiko/> (referer: https://www.google.com/)
2026-08-18 14:17:09,208 [INFO] Fetched (200) <GET https://www.galeries-bartoux.com/artistes/kiko/> (referer: https://www.google.com/)
2026-08-18 14:17:12,930 [INFO]     Bio recuperee (824 caracteres)
2026-08-18 14:17:12,940 [INFO]     Oeuvres candidates : 39
[2026-08-18 14:17:17] INFO: Fetched (200) <GET https://www.galeries-bartoux.com/artistes/kiko/kiko-le-bateau-blanc-150-x-150-cm-palette-knife-painting-on-linen-canvas/> (referer: https://www.google.com/)
2026-08-18 14:17:17,428 [INFO] Fetched (200) <GET https://www.galeries-bartoux.com/artistes/kiko/kiko-le-bateau-blanc-150-x-150-cm-palette-knife-painting-on-linen-canvas/> (referer: https://www.google.com/)
2026-08-18 14:17:20,609 [INFO]       Image sauvee -> artistes/kiko/le-bateau-blanc-150x150cm.jpg
2026-08-18 14:17:20,610 [INFO]       OK LE BATEAU BLANC | 150 x 150 cm
[2026-08-18 14:17:25] INFO: Fetched (200) <GET https://www.galeries-bartoux.com/artistes/kiko/kiko-le-secret-des-papillons-100-x-100-cm-palette-knife-painting-on-linen-canvas/> (referer: https://www.google.com/)
2026-08-18 14:17:25,789 [INFO] Fetched (200) <GET https://www.galeries-bartoux.com/artistes/kiko/kiko-le-secret-des-papillons-100-x-100-cm-palette-knife-painting-on-linen-canvas/> (referer: https://www.google.com/)
2026-08-18 14:17:29,001 [INFO]       Image sauvee -> artistes/kiko/le-secret-des-papillons-100x100cm.jpg
2026-08-18 14:17:29,002 [INFO]       OK LE SECRET DES PAPILLONS | 100 x 100 cm
[2026-08-18 14:17:34] INFO: Fetched (200) <GET https://www.galeries-bartoux.com/artistes/kiko/kiko-les-veilleurs-du-chapiteau-150-x-150-cm-palette-knife-painting-on-linen-canvas/> (referer: https://www.google.com/)
2026-08-18 14:17:34,215 [INFO] Fetched (200) <GET https://www.galeries-bartoux.com/artistes/kiko/kiko-les-veilleurs-du-chapiteau-150-x-150-cm-palette-knife-painting-on-linen-canvas/> (referer: https://www.google.com/)
2026-08-18 14:17:37,408 [INFO]       Image sauvee -> artistes/kiko/les-veilleurs-du-chapiteau-150x150cm.jpg
2026-08-18 14:17:37,409 [INFO]       OK LES VEILLEURS DU CHAPITEAU | 150 x 150 cm
[2026-08-18 14:17:42] INFO: Fetched (200) <GET https://www.galeries-bartoux.com/artistes/kiko/kiko-les-deux-soeurs-120-x-120-cm-palette-knife-painting-on-linen-canvas/> (referer: https://www.google.com/)
2026-08-18 14:17:42,917 [INFO] Fetched (200) <GET https://www.galeries-bartoux.com/artistes/kiko/kiko-les-deux-soeurs-120-x-120-cm-palette-knife-painting-on-linen-canvas/> (referer: https://www.google.com/)
2026-08-18 14:17:46,100 [INFO]       Image sauvee -> artistes/kiko/les-deux-soeurs-120x120cm.jpg
2026-08-18 14:17:46,101 [INFO]       OK LES DEUX SOEURS | 120 x 120 cm
[2026-08-18 14:17:51] INFO: Fetched (200) <GET https://www.galeries-bartoux.com/artistes/kiko/kiko-coeur-dourson-100-x-100-cm-palette-knife-painting-on-linen-canvas/> (referer: https://www.google.com/)
2026-08-18 14:17:51,601 [INFO] Fetched (200) <GET https://www.galeries-bartoux.com/artistes/kiko/kiko-coeur-dourson-100-x-100-cm-palette-knife-painting-on-linen-canvas/> (referer: https://www.google.com/)
2026-08-18 14:17:54,756 [INFO]       Image sauvee -> artistes/kiko/coeur-d-ourson-100x100cm.jpg
2026-08-18 14:17:54,756 [INFO]       OK COEUR D’OURSON | 100 x 100 cm
[2026-08-18 14:17:59] INFO: Fetched (200) <GET https://www.galeries-bartoux.com/artistes/kiko/kiko-le-premier-accord-120-x-120-cm-palette-knife-painting-on-linen-canvas/> (referer: https://www.google.com/)
2026-08-18 14:17:59,940 [INFO] Fetched (200) <GET https://www.galeries-bartoux.com/artistes/kiko/kiko-le-premier-accord-120-x-120-cm-palette-knife-painting-on-linen-canvas/> (referer: https://www.google.com/)
2026-08-18 14:18:03,106 [INFO]       Image sauvee -> artistes/kiko/le-premier-accord-120x120cm.jpg
2026-08-18 14:18:03,106 [INFO]       OK LE PREMIER ACCORD | 120 x 120 cm
[2026-08-18 14:18:07] INFO: Fetched (200) <GET https://www.galeries-bartoux.com/artistes/kiko/kiko-cote-a-cote-100-x-100-cm-palette-knife-painting-on-linen-canvas/> (referer: https://www.google.com/)
2026-08-18 14:18:07,804 [INFO] Fetched (200) <GET https://www.galeries-bartoux.com/artistes/kiko/kiko-cote-a-cote-100-x-100-cm-palette-knife-painting-on-linen-canvas/> (referer: https://www.google.com/)
2026-08-18 14:18:11,002 [INFO]       Image sauvee -> artistes/kiko/co-te-a-co-te-100x100cm.jpg
2026-08-18 14:18:11,003 [INFO]       OK CÔTE À CÔTE | 100 x 100 cm
[2026-08-18 14:18:15] INFO: Fetched (200) <GET https://www.galeries-bartoux.com/artistes/kiko/kiko-le-bouquet-des-promesses-150-x-100-cm-palette-knife-painting-on-linen-canvas/> (referer: https://www.google.com/)
2026-08-18 14:18:15,594 [INFO] Fetched (200) <GET https://www.galeries-bartoux.com/artistes/kiko/kiko-le-bouquet-des-promesses-150-x-100-cm-palette-knife-painting-on-linen-canvas/> (referer: https://www.google.com/)
2026-08-18 14:18:18,773 [INFO]       Image sauvee -> artistes/kiko/le-bouquet-des-promesses-150x100cm.jpg
2026-08-18 14:18:18,774 [INFO]       OK LE BOUQUET DES PROMESSES | 150 x 100 cm
[2026-08-18 14:18:23] INFO: Fetched (200) <GET https://www.galeries-bartoux.com/artistes/kiko/kiko-je-te-confie-mon-coeur-195-x-130-cm-palette-knife-painting-on-linen-canvas/> (referer: https://www.google.com/)
2026-08-18 14:18:23,263 [INFO] Fetched (200) <GET https://www.galeries-bartoux.com/artistes/kiko/kiko-je-te-confie-mon-coeur-195-x-130-cm-palette-knife-painting-on-linen-canvas/> (referer: https://www.google.com/)
2026-08-18 14:18:26,462 [INFO]       Image sauvee -> artistes/kiko/je-te-confie-mon-coeur-195x130cm.jpg
2026-08-18 14:18:26,462 [INFO]       OK JE TE CONFIE MON COEUR | 195 x 130 cm
[2026-08-18 14:18:31] INFO: Fetched (200) <GET https://www.galeries-bartoux.com/artistes/kiko/kiko-a-deux-200-x-200-cm-palette-knife-painting-on-linen-canvas/> (referer: https://www.google.com/)
2026-08-18 14:18:31,901 [INFO] Fetched (200) <GET https://www.galeries-bartoux.com/artistes/kiko/kiko-a-deux-200-x-200-cm-palette-knife-painting-on-linen-canvas/> (referer: https://www.google.com/)
2026-08-18 14:18:35,076 [INFO]       Image sauvee -> artistes/kiko/a-deux-200x200cm.jpg
2026-08-18 14:18:35,077 [INFO]       OK À DEUX | 200 x 200 cm
[2026-08-18 14:18:39] INFO: Fetched (200) <GET https://www.galeries-bartoux.com/artistes/kiko/kiko-a-pas-de-velours-100-x-100-cm-palette-knife-painting-on-linen-canvas/> (referer: https://www.google.com/)
2026-08-18 14:18:39,688 [INFO] Fetched (200) <GET https://www.galeries-bartoux.com/artistes/kiko/kiko-a-pas-de-velours-100-x-100-cm-palette-knife-painting-on-linen-canvas/> (referer: https://www.google.com/)
2026-08-18 14:18:42,851 [INFO]       Image sauvee -> artistes/kiko/a-pas-de-velours-100x100cm.jpg
2026-08-18 14:18:42,851 [INFO]       OK À PAS DE VELOURS | 100 x 100 cm
[2026-08-18 14:18:49] INFO: Fetched (200) <GET https://www.galeries-bartoux.com/artistes/kiko/kiko-fragments-de-violon-100-x-100-cm-peinture-au-couteau-sur-toile-de-lin/> (referer: https://www.google.com/)
2026-08-18 14:18:49,516 [INFO] Fetched (200) <GET https://www.galeries-bartoux.com/artistes/kiko/kiko-fragments-de-violon-100-x-100-cm-peinture-au-couteau-sur-toile-de-lin/> (referer: https://www.google.com/)
2026-08-18 14:18:52,702 [INFO]       Image sauvee -> artistes/kiko/fragments-de-violon-100x100cm.jpg
2026-08-18 14:18:52,703 [INFO]       OK FRAGMENTS DE VIOLON | 100 x 100 cm
[2026-08-18 14:18:57] INFO: Fetched (200) <GET https://www.galeries-bartoux.com/artistes/kiko/kiko-fragments-de-licorne-55-x-46-cm-peinture-au-couteau-sur-toile-de-lin/> (referer: https://www.google.com/)
2026-08-18 14:18:57,119 [INFO] Fetched (200) <GET https://www.galeries-bartoux.com/artistes/kiko/kiko-fragments-de-licorne-55-x-46-cm-peinture-au-couteau-sur-toile-de-lin/> (referer: https://www.google.com/)
2026-08-18 14:19:00,298 [INFO]       Image sauvee -> artistes/kiko/fragments-de-licorne-55x46cm.jpg
2026-08-18 14:19:00,299 [INFO]       OK FRAGMENTS DE LICORNE | 55 x 46 cm
[2026-08-18 14:19:04] INFO: Fetched (200) <GET https://www.galeries-bartoux.com/artistes/kiko/kiko-lecture-50-x-50-cm-peinture-au-couteau-sur-toile-de-lin/> (referer: https://www.google.com/)
2026-08-18 14:19:04,630 [INFO] Fetched (200) <GET https://www.galeries-bartoux.com/artistes/kiko/kiko-lecture-50-x-50-cm-peinture-au-couteau-sur-toile-de-lin/> (referer: https://www.google.com/)
2026-08-18 14:19:07,820 [INFO]       Image sauvee -> artistes/kiko/lecture-50x50cm.jpg
2026-08-18 14:19:07,821 [INFO]       OK LECTURE | 50 x 50 cm
[2026-08-18 14:19:12] INFO: Fetched (200) <GET https://www.galeries-bartoux.com/artistes/kiko/kiko-chat-declat-50-x-50-cm-peinture-au-couteau-sur-toile-de-lin/> (referer: https://www.google.com/)
2026-08-18 14:19:12,189 [INFO] Fetched (200) <GET https://www.galeries-bartoux.com/artistes/kiko/kiko-chat-declat-50-x-50-cm-peinture-au-couteau-sur-toile-de-lin/> (referer: https://www.google.com/)
2026-08-18 14:19:15,350 [INFO]       Image sauvee -> artistes/kiko/chat-d-e-clat-50x50cm.jpg
2026-08-18 14:19:15,351 [INFO]       OK CHAT D’ÉCLAT | 50 x 50 cm
[2026-08-18 14:19:19] INFO: Fetched (200) <GET https://www.galeries-bartoux.com/artistes/kiko/kiko-eclat-au-piano-150-x-150-cm-peinture-au-couteau-sur-toile-de-lin/> (referer: https://www.google.com/)
2026-08-18 14:19:19,637 [INFO] Fetched (200) <GET https://www.galeries-bartoux.com/artistes/kiko/kiko-eclat-au-piano-150-x-150-cm-peinture-au-couteau-sur-toile-de-lin/> (referer: https://www.google.com/)
2026-08-18 14:19:22,810 [INFO]       Image sauvee -> artistes/kiko/e-clat-au-piano-150x150cm.jpg
2026-08-18 14:19:22,811 [INFO]       OK ÉCLAT AU PIANO | 150 x 150 cm
[2026-08-18 14:19:27] INFO: Fetched (200) <GET https://www.galeries-bartoux.com/artistes/kiko/kiko-fragments-de-lapin-55-x-46-cm-peinture-au-couteau-sur-toile-de-lin/> (referer: https://www.google.com/)
2026-08-18 14:19:27,321 [INFO] Fetched (200) <GET https://www.galeries-bartoux.com/artistes/kiko/kiko-fragments-de-lapin-55-x-46-cm-peinture-au-couteau-sur-toile-de-lin/> (referer: https://www.google.com/)
2026-08-18 14:19:30,499 [INFO]       Image sauvee -> artistes/kiko/fragments-de-lapin-55x46cm.jpg
2026-08-18 14:19:30,500 [INFO]       OK FRAGMENTS DE LAPIN | 55 x 46 cm
[2026-08-18 14:19:35] INFO: Fetched (200) <GET https://www.galeries-bartoux.com/artistes/kiko/kiko-un-instant-deternite-100-x-81-cm-peinture-au-couteau-sur-toile-de-lin/> (referer: https://www.google.com/)
2026-08-18 14:19:35,249 [INFO] Fetched (200) <GET https://www.galeries-bartoux.com/artistes/kiko/kiko-un-instant-deternite-100-x-81-cm-peinture-au-couteau-sur-toile-de-lin/> (referer: https://www.google.com/)
2026-08-18 14:19:38,509 [INFO]       Image sauvee -> artistes/kiko/un-instant-d-e-ternite-100x81cm.jpg
2026-08-18 14:19:38,510 [INFO]       OK UN INSTANT D’ÉTERNITÉ | 100 x 81 cm
[2026-08-18 14:19:43] INFO: Fetched (200) <GET https://www.galeries-bartoux.com/artistes/kiko/kiko-le-refuge-81-x-100-cm-peinture-au-couteau-sur-toile-de-lin/> (referer: https://www.google.com/)
2026-08-18 14:19:43,122 [INFO] Fetched (200) <GET https://www.galeries-bartoux.com/artistes/kiko/kiko-le-refuge-81-x-100-cm-peinture-au-couteau-sur-toile-de-lin/> (referer: https://www.google.com/)
2026-08-18 14:19:46,307 [INFO]       Image sauvee -> artistes/kiko/le-refuge-81x100cm.jpg
2026-08-18 14:19:46,309 [INFO]       OK LE REFUGE | 81 x 100 cm
[2026-08-18 14:19:51] INFO: Fetched (200) <GET https://www.galeries-bartoux.com/artistes/kiko/kiko-fragment-dorigami-150-x-100-cm-palette-knife-painting-on-linen-canvas/> (referer: https://www.google.com/)
2026-08-18 14:19:51,798 [INFO] Fetched (200) <GET https://www.galeries-bartoux.com/artistes/kiko/kiko-fragment-dorigami-150-x-100-cm-palette-knife-painting-on-linen-canvas/> (referer: https://www.google.com/)
2026-08-18 14:19:54,959 [INFO]       Image sauvee -> artistes/kiko/fragment-d-origami-150x100cm.jpg
2026-08-18 14:19:54,959 [INFO]       OK FRAGMENT D’ORIGAMI | 150 x 100 cm
[2026-08-18 14:19:59] INFO: Fetched (200) <GET https://www.galeries-bartoux.com/artistes/kiko/kiko-a-fleur-dorigami-120-x-120-cm-palette-knife-painting-on-linen-canvas/> (referer: https://www.google.com/)
2026-08-18 14:19:59,586 [INFO] Fetched (200) <GET https://www.galeries-bartoux.com/artistes/kiko/kiko-a-fleur-dorigami-120-x-120-cm-palette-knife-painting-on-linen-canvas/> (referer: https://www.google.com/)
2026-08-18 14:20:02,762 [INFO]       Image sauvee -> artistes/kiko/a-fleur-d-origami-120x120cm.jpg
2026-08-18 14:20:02,762 [INFO]       OK À FLEUR D’ORIGAMI | 120 x 120 cm
[2026-08-18 14:20:07] INFO: Fetched (200) <GET https://www.galeries-bartoux.com/artistes/kiko/kiko-constellation-130-x-195-cm/> (referer: https://www.google.com/)
2026-08-18 14:20:07,489 [INFO] Fetched (200) <GET https://www.galeries-bartoux.com/artistes/kiko/kiko-constellation-130-x-195-cm/> (referer: https://www.google.com/)
2026-08-18 14:20:10,678 [INFO]       Image sauvee -> artistes/kiko/constellation-130x195cm.jpg
2026-08-18 14:20:10,678 [INFO]       OK CONSTELLATION | 130 x 195 cm
[2026-08-18 14:20:15] INFO: Fetched (200) <GET https://www.galeries-bartoux.com/artistes/kiko/kiko-fragment-demotion-150-x-150-cm/> (referer: https://www.google.com/)
2026-08-18 14:20:15,320 [INFO] Fetched (200) <GET https://www.galeries-bartoux.com/artistes/kiko/kiko-fragment-demotion-150-x-150-cm/> (referer: https://www.google.com/)
2026-08-18 14:20:18,486 [INFO]       Image sauvee -> artistes/kiko/fragment-d-e-motion-150x150cm.jpg
2026-08-18 14:20:18,486 [INFO]       OK FRAGMENT D’ÉMOTION | 150 x 150 cm
[2026-08-18 14:20:23] INFO: Fetched (200) <GET https://www.galeries-bartoux.com/artistes/kiko/kiko-eclosion-120-x-120-cm/> (referer: https://www.google.com/)
2026-08-18 14:20:23,779 [INFO] Fetched (200) <GET https://www.galeries-bartoux.com/artistes/kiko/kiko-eclosion-120-x-120-cm/> (referer: https://www.google.com/)
2026-08-18 14:20:27,007 [INFO]       Image sauvee -> artistes/kiko/eclosion-120x120cm.jpg
2026-08-18 14:20:27,007 [INFO]       OK ECLOSION | 120 x 120 cm
[2026-08-18 14:20:31] INFO: Fetched (200) <GET https://www.galeries-bartoux.com/artistes/kiko/kiko-a-fleur-de-lumiere-150-x-150-cm-2/> (referer: https://www.google.com/)
2026-08-18 14:20:31,773 [INFO] Fetched (200) <GET https://www.galeries-bartoux.com/artistes/kiko/kiko-a-fleur-de-lumiere-150-x-150-cm-2/> (referer: https://www.google.com/)
2026-08-18 14:20:34,936 [INFO]       Image sauvee -> artistes/kiko/a-fleur-de-lumie-re-150x150cm.jpg
2026-08-18 14:20:34,937 [INFO]       OK À FLEUR DE LUMIÈRE | 150 x 150 cm
[2026-08-18 14:20:39] INFO: Fetched (200) <GET https://www.galeries-bartoux.com/artistes/kiko/le-lion-dantan-55-x-46-cm/> (referer: https://www.google.com/)
2026-08-18 14:20:39,769 [INFO] Fetched (200) <GET https://www.galeries-bartoux.com/artistes/kiko/le-lion-dantan-55-x-46-cm/> (referer: https://www.google.com/)
2026-08-18 14:20:42,947 [INFO]       Image sauvee -> artistes/kiko/le-lion-d-antan-55x46cm.jpg
2026-08-18 14:20:42,948 [INFO]       OK LE LION D’ANTAN | 55 x 46 cm
[2026-08-18 14:20:49] INFO: Fetched (200) <GET https://www.galeries-bartoux.com/artistes/kiko/fragment-de-lapin-100-x-100-cm/> (referer: https://www.google.com/)
2026-08-18 14:20:49,179 [INFO] Fetched (200) <GET https://www.galeries-bartoux.com/artistes/kiko/fragment-de-lapin-100-x-100-cm/> (referer: https://www.google.com/)
2026-08-18 14:20:52,392 [INFO]       Image sauvee -> artistes/kiko/fragment-de-lapin-100x100cm.jpg
2026-08-18 14:20:52,393 [INFO]       OK FRAGMENT DE LAPIN | 100 x 100 cm
[2026-08-18 14:20:57] INFO: Fetched (200) <GET https://www.galeries-bartoux.com/artistes/kiko/kiko-gardien-de-lumiere-120-x-120-cm-peinture-au-couteau/> (referer: https://www.google.com/)
2026-08-18 14:20:57,773 [INFO] Fetched (200) <GET https://www.galeries-bartoux.com/artistes/kiko/kiko-gardien-de-lumiere-120-x-120-cm-peinture-au-couteau/> (referer: https://www.google.com/)
2026-08-18 14:21:00,927 [INFO]       Image sauvee -> artistes/kiko/gardien-de-lumie-re-120x120cm.jpg
2026-08-18 14:21:00,927 [INFO]       OK GARDIEN DE LUMIÈRE | 120 x 120 cm
[2026-08-18 14:21:05] INFO: Fetched (200) <GET https://www.galeries-bartoux.com/artistes/kiko/kiko-fusion-120-x-120-cm/> (referer: https://www.google.com/)
2026-08-18 14:21:05,289 [INFO] Fetched (200) <GET https://www.galeries-bartoux.com/artistes/kiko/kiko-fusion-120-x-120-cm/> (referer: https://www.google.com/)
2026-08-18 14:21:08,513 [INFO]       Image sauvee -> artistes/kiko/fusion-120x120cm.jpg
2026-08-18 14:21:08,514 [INFO]       OK FUSION | 120 x 120 cm
[2026-08-18 14:21:14] INFO: Fetched (200) <GET https://www.galeries-bartoux.com/artistes/kiko/kiko-a-fleur-de-silence-150-x-150-cm/> (referer: https://www.google.com/)
2026-08-18 14:21:14,356 [INFO] Fetched (200) <GET https://www.galeries-bartoux.com/artistes/kiko/kiko-a-fleur-de-silence-150-x-150-cm/> (referer: https://www.google.com/)
2026-08-18 14:21:17,536 [INFO]       Image sauvee -> artistes/kiko/a-fleur-de-silence-150x150cm.jpg
2026-08-18 14:21:17,536 [INFO]       OK À FLEUR DE SILENCE | 150 x 150 cm
[2026-08-18 14:21:22] INFO: Fetched (200) <GET https://www.galeries-bartoux.com/artistes/kiko/letreinte-des-eclats-100-x-150-cm/> (referer: https://www.google.com/)
2026-08-18 14:21:22,097 [INFO] Fetched (200) <GET https://www.galeries-bartoux.com/artistes/kiko/letreinte-des-eclats-100-x-150-cm/> (referer: https://www.google.com/)
2026-08-18 14:21:25,235 [INFO]       Image sauvee -> artistes/kiko/l-etreinte-des-eclats-100x150cm.jpg
2026-08-18 14:21:25,235 [INFO]       OK L’ETREINTE DES ECLATS | 100 x 150 cm
[2026-08-18 14:21:30] INFO: Fetched (200) <GET https://www.galeries-bartoux.com/artistes/kiko/reve-en-bleu-120-x-120-cm-techniques-mixtes-au-couteau/> (referer: https://www.google.com/)
2026-08-18 14:21:30,440 [INFO] Fetched (200) <GET https://www.galeries-bartoux.com/artistes/kiko/reve-en-bleu-120-x-120-cm-techniques-mixtes-au-couteau/> (referer: https://www.google.com/)
2026-08-18 14:21:33,624 [INFO]       Image sauvee -> artistes/kiko/re-ve-en-bleu-120x120cm.jpg
2026-08-18 14:21:33,625 [INFO]       OK RÊVE EN BLEU | 120 x 120 cm
[2026-08-18 14:21:38] INFO: Fetched (200) <GET https://www.galeries-bartoux.com/artistes/kiko/la-grace-150-x-100-cm-encre-sur-toile-resinee/> (referer: https://www.google.com/)
2026-08-18 14:21:38,038 [INFO] Fetched (200) <GET https://www.galeries-bartoux.com/artistes/kiko/la-grace-150-x-100-cm-encre-sur-toile-resinee/> (referer: https://www.google.com/)
2026-08-18 14:21:41,258 [INFO]       Image sauvee -> artistes/kiko/la-gra-ce-150x100cm.jpg
2026-08-18 14:21:41,259 [INFO]       OK LA GRÂCE | 150 x 100 cm
[2026-08-18 14:21:46] INFO: Fetched (200) <GET https://www.galeries-bartoux.com/artistes/kiko/kiko-la-fleur-du-temps-150-x-150-cm-encre-sur-toile-resinee/> (referer: https://www.google.com/)
2026-08-18 14:21:46,310 [INFO] Fetched (200) <GET https://www.galeries-bartoux.com/artistes/kiko/kiko-la-fleur-du-temps-150-x-150-cm-encre-sur-toile-resinee/> (referer: https://www.google.com/)
2026-08-18 14:21:49,509 [INFO]       Image sauvee -> artistes/kiko/la-fleur-du-temps-150x150cm.jpg
2026-08-18 14:21:49,510 [INFO]       OK LA FLEUR DU TEMPS | 150 x 150 cm
[2026-08-18 14:21:53] INFO: Fetched (200) <GET https://www.galeries-bartoux.com/artistes/kiko/geometrie-du-cirque-interieur-120-x-120-cm-encre-sur-toile-resinee/> (referer: https://www.google.com/)
2026-08-18 14:21:53,960 [INFO] Fetched (200) <GET https://www.galeries-bartoux.com/artistes/kiko/geometrie-du-cirque-interieur-120-x-120-cm-encre-sur-toile-resinee/> (referer: https://www.google.com/)
2026-08-18 14:21:57,129 [INFO]       Image sauvee -> artistes/kiko/ge-ome-trie-du-cirque-inte-rieur-120x120cm.jpg
2026-08-18 14:21:57,130 [INFO]       OK GÉOMÉTRIE DU CIRQUE INTÉRIEUR | 120 x 120 cm
[2026-08-18 14:22:01] INFO: Fetched (200) <GET https://www.galeries-bartoux.com/artistes/kiko/lours-aux-cordes-dor-150-x-150-cm-encre-sur-toile-resinee/> (referer: https://www.google.com/)
2026-08-18 14:22:01,607 [INFO] Fetched (200) <GET https://www.galeries-bartoux.com/artistes/kiko/lours-aux-cordes-dor-150-x-150-cm-encre-sur-toile-resinee/> (referer: https://www.google.com/)
2026-08-18 14:22:04,788 [INFO]       Image sauvee -> artistes/kiko/l-ours-aux-cordes-d-or-150x150cm.jpg
2026-08-18 14:22:04,790 [INFO]       OK L’OURS AUX CORDES D’OR | 150 x 150 cm
[2026-08-18 14:22:09] INFO: Fetched (200) <GET https://www.galeries-bartoux.com/artistes/kiko/le-silence-du-piano-150-x-150-cm-encre-sur-toile-resinee/> (referer: https://www.google.com/)
2026-08-18 14:22:09,447 [INFO] Fetched (200) <GET https://www.galeries-bartoux.com/artistes/kiko/le-silence-du-piano-150-x-150-cm-encre-sur-toile-resinee/> (referer: https://www.google.com/)
2026-08-18 14:22:12,671 [INFO]       Image sauvee -> artistes/kiko/le-silence-du-piano-150x150cm.jpg
2026-08-18 14:22:12,672 [INFO]       OK LE SILENCE DU PIANO | 150 x 150 cm
[2026-08-18 14:22:18] INFO: Fetched (200) <GET https://www.galeries-bartoux.com/artistes/kiko/fleurs-dorigami-150-x-150-cm-encre-sur-toile-resinee-2/> (referer: https://www.google.com/)
2026-08-18 14:22:18,276 [INFO] Fetched (200) <GET https://www.galeries-bartoux.com/artistes/kiko/fleurs-dorigami-150-x-150-cm-encre-sur-toile-resinee-2/> (referer: https://www.google.com/)
2026-08-18 14:22:21,471 [INFO]       Image sauvee -> artistes/kiko/fleurs-d-origami-150x150cm.jpg
2026-08-18 14:22:21,471 [INFO]       OK FLEURS D’ORIGAMI | 150 x 150 cm
[2026-08-18 14:22:25] INFO: Fetched (200) <GET https://www.galeries-bartoux.com/artistes/kiko/le-lapin-dantan-100-x-100-cm-encre-sur-toile-resinee/> (referer: https://www.google.com/)
2026-08-18 14:22:25,935 [INFO] Fetched (200) <GET https://www.galeries-bartoux.com/artistes/kiko/le-lapin-dantan-100-x-100-cm-encre-sur-toile-resinee/> (referer: https://www.google.com/)
2026-08-18 14:22:29,121 [INFO]       Image sauvee -> artistes/kiko/le-lapin-d-antan-100x100cm.jpg
2026-08-18 14:22:29,122 [INFO]       OK LE LAPIN D’ANTAN | 100 x 100 cm
2026-08-18 14:22:29,122 [INFO]   -> Artiste : KOZO [Peintre]
[2026-08-18 14:22:34] INFO: Fetched (200) <GET https://www.galeries-bartoux.com/artistes/kozo/> (referer: https://www.google.com/)
2026-08-18 14:22:34,784 [INFO] Fetched (200) <GET https://www.galeries-bartoux.com/artistes/kozo/> (referer: https://www.google.com/)
2026-08-18 14:22:38,466 [INFO]     Bio recuperee (1052 caracteres)
2026-08-18 14:22:38,469 [INFO]     Oeuvres candidates : 1
[2026-08-18 14:22:42] INFO: Fetched (200) <GET https://www.galeries-bartoux.com/artistes/kozo/the-three-graces-160-x-173-cm-1/> (referer: https://www.google.com/)
2026-08-18 14:22:42,855 [INFO] Fetched (200) <GET https://www.galeries-bartoux.com/artistes/kozo/the-three-graces-160-x-173-cm-1/> (referer: https://www.google.com/)
2026-08-18 14:22:46,021 [INFO]       Image sauvee -> artistes/kozo/the-three-graces-160x173cm.jpg
2026-08-18 14:22:46,022 [INFO]       OK THE THREE GRACES | 160 x 173 cm
2026-08-18 14:22:46,022 [INFO]   -> Artiste : LIS SAM [Peintre]
[2026-08-18 14:22:51] INFO: Fetched (200) <GET https://www.galeries-bartoux.com/artistes/lis-sam/> (referer: https://www.google.com/)
2026-08-18 14:22:51,998 [INFO] Fetched (200) <GET https://www.galeries-bartoux.com/artistes/lis-sam/> (referer: https://www.google.com/)
2026-08-18 14:22:55,721 [INFO]     Bio recuperee (1361 caracteres)
2026-08-18 14:22:55,726 [INFO]     Oeuvres candidates : 29
[2026-08-18 14:22:59] INFO: Fetched (200) <GET https://www.galeries-bartoux.com/artistes/lis-sam/lis-sam-printemps-150-x-150-cm/> (referer: https://www.google.com/)
2026-08-18 14:22:59,859 [INFO] Fetched (200) <GET https://www.galeries-bartoux.com/artistes/lis-sam/lis-sam-printemps-150-x-150-cm/> (referer: https://www.google.com/)
2026-08-18 14:23:03,030 [INFO]       Image sauvee -> artistes/lis-sam/printemps-150x150cm.jpg
2026-08-18 14:23:03,030 [INFO]       OK PRINTEMPS | 150 x 150 cm
[2026-08-18 14:23:08] INFO: Fetched (200) <GET https://www.galeries-bartoux.com/artistes/lis-sam/lis-sam-automne-150-x-150-cm-papier-hahnemuhle-fineart-veritables-papillons-naturalises/> (referer: https://www.google.com/)
2026-08-18 14:23:08,341 [INFO] Fetched (200) <GET https://www.galeries-bartoux.com/artistes/lis-sam/lis-sam-automne-150-x-150-cm-papier-hahnemuhle-fineart-veritables-papillons-naturalises/> (referer: https://www.google.com/)
2026-08-18 14:23:11,519 [INFO]       Image sauvee -> artistes/lis-sam/automne-150x150cm.jpg
2026-08-18 14:23:11,520 [INFO]       OK AUTOMNE | 150 x 150 cm
[2026-08-18 14:23:16] INFO: Fetched (200) <GET https://www.galeries-bartoux.com/artistes/lis-sam/lis-sam-new-dahlia-gold-150-x-150-cm-papier-hahnemuhle-fineart-veritables-papillons-naturalises/> (referer: https://www.google.com/)
2026-08-18 14:23:16,009 [INFO] Fetched (200) <GET https://www.galeries-bartoux.com/artistes/lis-sam/lis-sam-new-dahlia-gold-150-x-150-cm-papier-hahnemuhle-fineart-veritables-papillons-naturalises/> (referer: https://www.google.com/)
2026-08-18 14:23:19,167 [INFO]       Image sauvee -> artistes/lis-sam/new-dahlia-gold-150x150cm.jpg
2026-08-18 14:23:19,167 [INFO]       OK NEW DAHLIA GOLD | 150 x 150 cm
[2026-08-18 14:23:24] INFO: Fetched (200) <GET https://www.galeries-bartoux.com/artistes/lis-sam/lis-sam-automne-140-x-120-cm-papier-hahnemuhle-fineart-veritables-papillons-naturalises/> (referer: https://www.google.com/)
2026-08-18 14:23:24,490 [INFO] Fetched (200) <GET https://www.galeries-bartoux.com/artistes/lis-sam/lis-sam-automne-140-x-120-cm-papier-hahnemuhle-fineart-veritables-papillons-naturalises/> (referer: https://www.google.com/)
2026-08-18 14:23:27,667 [INFO]       Image sauvee -> artistes/lis-sam/automne-140x120cm.jpg
2026-08-18 14:23:27,667 [INFO]       OK AUTOMNE | 140 x 120 cm
[2026-08-18 14:23:32] INFO: Fetched (200) <GET https://www.galeries-bartoux.com/artistes/lis-sam/lis-sam-printemps-cuivre-140-x-140-cm-1/> (referer: https://www.google.com/)
2026-08-18 14:23:32,094 [INFO] Fetched (200) <GET https://www.galeries-bartoux.com/artistes/lis-sam/lis-sam-printemps-cuivre-140-x-140-cm-1/> (referer: https://www.google.com/)
2026-08-18 14:23:35,268 [INFO]       Image sauvee -> artistes/lis-sam/printemps-cuivre-140x140cm.jpg
2026-08-18 14:23:35,268 [INFO]       OK PRINTEMPS CUIVRE | 140 x 140 cm
[2026-08-18 14:23:40] INFO: Fetched (200) <GET https://www.galeries-bartoux.com/artistes/lis-sam/lis-sam-printemps-100-x-100-cm/> (referer: https://www.google.com/)
2026-08-18 14:23:40,872 [INFO] Fetched (200) <GET https://www.galeries-bartoux.com/artistes/lis-sam/lis-sam-printemps-100-x-100-cm/> (referer: https://www.google.com/)
2026-08-18 14:23:44,070 [INFO]       Image sauvee -> artistes/lis-sam/printemps-100x100cm.jpg
2026-08-18 14:23:44,070 [INFO]       OK PRINTEMPS | 100 x 100 cm
[2026-08-18 14:23:49] INFO: Fetched (200) <GET https://www.galeries-bartoux.com/artistes/lis-sam/lis-sam-sous-les-petales-violet-100-x-100-cm/> (referer: https://www.google.com/)
2026-08-18 14:23:49,769 [INFO] Fetched (200) <GET https://www.galeries-bartoux.com/artistes/lis-sam/lis-sam-sous-les-petales-violet-100-x-100-cm/> (referer: https://www.google.com/)
2026-08-18 14:23:52,970 [INFO]       Image sauvee -> artistes/lis-sam/sous-les-pe-tales-violet-100x100cm.jpg
2026-08-18 14:23:52,970 [INFO]       OK SOUS LES PÉTALES VIOLET | 100 x 100 cm
[2026-08-18 14:23:58] INFO: Fetched (200) <GET https://www.galeries-bartoux.com/artistes/lis-sam/lis-sam-flore-120-x-120-cm/> (referer: https://www.google.com/)
2026-08-18 14:23:58,002 [INFO] Fetched (200) <GET https://www.galeries-bartoux.com/artistes/lis-sam/lis-sam-flore-120-x-120-cm/> (referer: https://www.google.com/)
2026-08-18 14:24:01,173 [INFO]       Image sauvee -> artistes/lis-sam/flore-120x120cm.jpg
2026-08-18 14:24:01,175 [INFO]       OK FLORE | 120 x 120 cm
[2026-08-18 14:24:05] INFO: Fetched (200) <GET https://www.galeries-bartoux.com/artistes/lis-sam/lis-sam-flore-silver-150-x-150-cm-1/> (referer: https://www.google.com/)
2026-08-18 14:24:05,726 [INFO] Fetched (200) <GET https://www.galeries-bartoux.com/artistes/lis-sam/lis-sam-flore-silver-150-x-150-cm-1/> (referer: https://www.google.com/)
2026-08-18 14:24:08,915 [INFO]       Image sauvee -> artistes/lis-sam/flore-silver-150x150cm.jpg
2026-08-18 14:24:08,916 [INFO]       OK FLORE SILVER | 150 x 150 cm
[2026-08-18 14:24:13] INFO: Fetched (200) <GET https://www.galeries-bartoux.com/artistes/lis-sam/lis-sam-printemps-120-x-120-cm/> (referer: https://www.google.com/)
2026-08-18 14:24:13,994 [INFO] Fetched (200) <GET https://www.galeries-bartoux.com/artistes/lis-sam/lis-sam-printemps-120-x-120-cm/> (referer: https://www.google.com/)
2026-08-18 14:24:17,191 [INFO]       Image sauvee -> artistes/lis-sam/printemps-120x120cm.jpg
2026-08-18 14:24:17,192 [INFO]       OK PRINTEMPS | 120 x 120 cm
[2026-08-18 14:24:21] INFO: Fetched (200) <GET https://www.galeries-bartoux.com/artistes/lis-sam/jardin-dhiver-120-x-120-cm/> (referer: https://www.google.com/)
2026-08-18 14:24:21,795 [INFO] Fetched (200) <GET https://www.galeries-bartoux.com/artistes/lis-sam/jardin-dhiver-120-x-120-cm/> (referer: https://www.google.com/)
2026-08-18 14:24:25,118 [INFO]       Image sauvee -> artistes/lis-sam/jardin-d-hiver-120x120cm.jpg
2026-08-18 14:24:25,120 [INFO]       OK JARDIN D’HIVER | 120 x 120 cm
[2026-08-18 14:24:30] INFO: Fetched (200) <GET https://www.galeries-bartoux.com/artistes/lis-sam/lis-sam-printemps-1-150-x-150-cm/> (referer: https://www.google.com/)
2026-08-18 14:24:30,097 [INFO] Fetched (200) <GET https://www.galeries-bartoux.com/artistes/lis-sam/lis-sam-printemps-1-150-x-150-cm/> (referer: https://www.google.com/)
2026-08-18 14:24:33,292 [INFO]       Image sauvee -> artistes/lis-sam/printemps-i-150x150cm.jpg
2026-08-18 14:24:33,293 [INFO]       OK PRINTEMPS I | 150 x 150 cm
[2026-08-18 14:24:37] INFO: Fetched (200) <GET https://www.galeries-bartoux.com/artistes/lis-sam/wild-rose-150-x-150-x-15-cm-techniques-mixtes/> (referer: https://www.google.com/)
2026-08-18 14:24:37,643 [INFO] Fetched (200) <GET https://www.galeries-bartoux.com/artistes/lis-sam/wild-rose-150-x-150-x-15-cm-techniques-mixtes/> (referer: https://www.google.com/)
2026-08-18 14:24:40,843 [INFO]       Image sauvee -> artistes/lis-sam/wild-rose-150x150x15cm.jpg
2026-08-18 14:24:40,843 [INFO]       OK WILD ROSE | 150 x 150 x 15 cm
[2026-08-18 14:24:45] INFO: Fetched (200) <GET https://www.galeries-bartoux.com/artistes/lis-sam/lis-sam-jardin-d-hiver-120-x-120-x-15-cm/> (referer: https://www.google.com/)
2026-08-18 14:24:45,756 [INFO] Fetched (200) <GET https://www.galeries-bartoux.com/artistes/lis-sam/lis-sam-jardin-d-hiver-120-x-120-x-15-cm/> (referer: https://www.google.com/)
2026-08-18 14:24:48,950 [INFO]       Image sauvee -> artistes/lis-sam/jardin-d-hiver-120x120x15cm.jpg
2026-08-18 14:24:48,951 [INFO]       OK JARDIN D HIVER | 120 x 120 x 15 cm
[2026-08-18 14:24:53] INFO: Fetched (200) <GET https://www.galeries-bartoux.com/artistes/lis-sam/sous-les-petales-violets-ii-120-x-120-x-15-cm-techniques-mixtes/> (referer: https://www.google.com/)
2026-08-18 14:24:53,660 [INFO] Fetched (200) <GET https://www.galeries-bartoux.com/artistes/lis-sam/sous-les-petales-violets-ii-120-x-120-x-15-cm-techniques-mixtes/> (referer: https://www.google.com/)
2026-08-18 14:24:56,840 [INFO]       Image sauvee -> artistes/lis-sam/sous-les-pe-tales-violets-ii-120x120x15cm.jpg
2026-08-18 14:24:56,840 [INFO]       OK SOUS LES PÉTALES VIOLETS II | 120 x 120 x 15 cm
[2026-08-18 14:25:01] INFO: Fetched (200) <GET https://www.galeries-bartoux.com/artistes/lis-sam/jardin-secret-iv-140-x-140-x-15-cm-techniques-mixtes/> (referer: https://www.google.com/)
2026-08-18 14:25:01,907 [INFO] Fetched (200) <GET https://www.galeries-bartoux.com/artistes/lis-sam/jardin-secret-iv-140-x-140-x-15-cm-techniques-mixtes/> (referer: https://www.google.com/)
2026-08-18 14:25:05,138 [INFO]       Image sauvee -> artistes/lis-sam/jardin-secret-iv-140x140x15cm.jpg
2026-08-18 14:25:05,138 [INFO]       OK JARDIN SECRET IV | 140 x 140 x 15 cm
[2026-08-18 14:25:09] INFO: Fetched (200) <GET https://www.galeries-bartoux.com/artistes/lis-sam/lis-sam-le-jardin-de-dahlia-160-x-110-x-15-cm-techniques-mixtes/> (referer: https://www.google.com/)
2026-08-18 14:25:09,633 [INFO] Fetched (200) <GET https://www.galeries-bartoux.com/artistes/lis-sam/lis-sam-le-jardin-de-dahlia-160-x-110-x-15-cm-techniques-mixtes/> (referer: https://www.google.com/)
2026-08-18 14:25:12,828 [INFO]       Image sauvee -> artistes/lis-sam/le-jardin-de-dahlia-160x110x15cm.jpg
2026-08-18 14:25:12,829 [INFO]       OK LE JARDIN DE DAHLIA | 160 x 110 x 15 cm
[2026-08-18 14:25:17] INFO: Fetched (200) <GET https://www.galeries-bartoux.com/artistes/lis-sam/new-dahlia-140-x-120-x-15-cm-techniques-mixtes/> (referer: https://www.google.com/)
2026-08-18 14:25:17,280 [INFO] Fetched (200) <GET https://www.galeries-bartoux.com/artistes/lis-sam/new-dahlia-140-x-120-x-15-cm-techniques-mixtes/> (referer: https://www.google.com/)
2026-08-18 14:25:20,469 [INFO]       Image sauvee -> artistes/lis-sam/new-dahlia-140x120x15cm.jpg
2026-08-18 14:25:20,470 [INFO]       OK NEW DAHLIA | 140 x 120 x 15 cm
[2026-08-18 14:25:24] INFO: Fetched (200) <GET https://www.galeries-bartoux.com/artistes/lis-sam/jardin-dhiver-iv-150-x-150-x-15-techniques-mixtes/> (referer: https://www.google.com/)
2026-08-18 14:25:24,958 [INFO] Fetched (200) <GET https://www.galeries-bartoux.com/artistes/lis-sam/jardin-dhiver-iv-150-x-150-x-15-techniques-mixtes/> (referer: https://www.google.com/)
2026-08-18 14:25:28,157 [INFO]       Image sauvee -> artistes/lis-sam/jardin-d-hiver-iv-150x150x15cm.jpg
2026-08-18 14:25:28,158 [INFO]       OK JARDIN D’HIVER IV | Diam. 150 x 150 x 15
[2026-08-18 14:25:33] INFO: Fetched (200) <GET https://www.galeries-bartoux.com/artistes/lis-sam/lis-sam-sakura-gold-100-x-100-cm-papier-hahnemuhle-fineart-veritables-papillons-naturalises/> (referer: https://www.google.com/)
2026-08-18 14:25:33,826 [INFO] Fetched (200) <GET https://www.galeries-bartoux.com/artistes/lis-sam/lis-sam-sakura-gold-100-x-100-cm-papier-hahnemuhle-fineart-veritables-papillons-naturalises/> (referer: https://www.google.com/)
2026-08-18 14:25:37,020 [INFO]       Image sauvee -> artistes/lis-sam/sakura-gold-100x100cm.jpg
2026-08-18 14:25:37,021 [INFO]       OK SAKURA GOLD | 100 x 100 cm
[2026-08-18 14:25:41] INFO: Fetched (200) <GET https://www.galeries-bartoux.com/artistes/lis-sam/lis-sam-sakura-rose-et-rouge-130-x-130-cm/> (referer: https://www.google.com/)
2026-08-18 14:25:41,384 [INFO] Fetched (200) <GET https://www.galeries-bartoux.com/artistes/lis-sam/lis-sam-sakura-rose-et-rouge-130-x-130-cm/> (referer: https://www.google.com/)
2026-08-18 14:25:44,547 [INFO]       Image sauvee -> artistes/lis-sam/sakura-rose-et-rouge-130x130cm.jpg
2026-08-18 14:25:44,548 [INFO]       OK SAKURA ROSE ET ROUGE | 130 x 130 cm
[2026-08-18 14:25:50] INFO: Fetched (200) <GET https://www.galeries-bartoux.com/artistes/lis-sam/lis-sam-sakura-degrade-de-couleurs-130-x-110-cm/> (referer: https://www.google.com/)
2026-08-18 14:25:50,623 [INFO] Fetched (200) <GET https://www.galeries-bartoux.com/artistes/lis-sam/lis-sam-sakura-degrade-de-couleurs-130-x-110-cm/> (referer: https://www.google.com/)
2026-08-18 14:25:53,800 [INFO]       Image sauvee -> artistes/lis-sam/sakura-de-grade-de-couleurs-130x110cm.jpg
2026-08-18 14:25:53,801 [INFO]       OK SAKURA DÉGRADÉ DE COULEURS | 130 x 110 cm
[2026-08-18 14:25:58] INFO: Fetched (200) <GET https://www.galeries-bartoux.com/artistes/lis-sam/sakura-gold-140-x-140-cm/> (referer: https://www.google.com/)
2026-08-18 14:25:58,260 [INFO] Fetched (200) <GET https://www.galeries-bartoux.com/artistes/lis-sam/sakura-gold-140-x-140-cm/> (referer: https://www.google.com/)
2026-08-18 14:26:01,445 [INFO]       Image sauvee -> artistes/lis-sam/sakura-gold-140x140cm.jpg
2026-08-18 14:26:01,445 [INFO]       OK SAKURA GOLD | 140 x 140 cm
[2026-08-18 14:26:05] INFO: Fetched (200) <GET https://www.galeries-bartoux.com/artistes/lis-sam/lis-sam-sakura-rose-130-x-110-cm-mixed-media/> (referer: https://www.google.com/)
2026-08-18 14:26:05,937 [INFO] Fetched (200) <GET https://www.galeries-bartoux.com/artistes/lis-sam/lis-sam-sakura-rose-130-x-110-cm-mixed-media/> (referer: https://www.google.com/)
2026-08-18 14:26:09,160 [INFO]       Image sauvee -> artistes/lis-sam/sakura-rose-130x110cm.jpg
2026-08-18 14:26:09,161 [INFO]       OK SAKURA ROSE | 130 x 110 cm
[2026-08-18 14:26:13] INFO: Fetched (200) <GET https://www.galeries-bartoux.com/artistes/lis-sam/sakura-bleu-140-x-120-x-15-cm-techniques-mixtes/> (referer: https://www.google.com/)
2026-08-18 14:26:13,656 [INFO] Fetched (200) <GET https://www.galeries-bartoux.com/artistes/lis-sam/sakura-bleu-140-x-120-x-15-cm-techniques-mixtes/> (referer: https://www.google.com/)
2026-08-18 14:26:16,846 [INFO]       Image sauvee -> artistes/lis-sam/sakura-bleu-140x120x15cm.jpg
2026-08-18 14:26:16,847 [INFO]       OK SAKURA BLEU | 140 x 120 x 15 cm
[2026-08-18 14:26:21] INFO: Fetched (200) <GET https://www.galeries-bartoux.com/artistes/lis-sam/lis-sam-sakura-copper-leaf-140-x-120-cm-mixed-media/> (referer: https://www.google.com/)
2026-08-18 14:26:21,761 [INFO] Fetched (200) <GET https://www.galeries-bartoux.com/artistes/lis-sam/lis-sam-sakura-copper-leaf-140-x-120-cm-mixed-media/> (referer: https://www.google.com/)
2026-08-18 14:26:24,933 [INFO]       Image sauvee -> artistes/lis-sam/sakura-copper-leaf-140x120cm.jpg
2026-08-18 14:26:24,934 [INFO]       OK SAKURA COPPER LEAF | 140 x 120 cm
[2026-08-18 14:26:29] INFO: Fetched (200) <GET https://www.galeries-bartoux.com/artistes/lis-sam/lis-sam-sakura-gold-130-x-110-cm-mixed-media/> (referer: https://www.google.com/)
2026-08-18 14:26:29,252 [INFO] Fetched (200) <GET https://www.galeries-bartoux.com/artistes/lis-sam/lis-sam-sakura-gold-130-x-110-cm-mixed-media/> (referer: https://www.google.com/)
2026-08-18 14:26:32,444 [INFO]       Image sauvee -> artistes/lis-sam/sakura-gold-130x110cm.jpg
2026-08-18 14:26:32,444 [INFO]       OK SAKURA GOLD | 130 x 110 cm
[2026-08-18 14:26:37] INFO: Fetched (200) <GET https://www.galeries-bartoux.com/artistes/lis-sam/lis-sam-sakura-gold-130-x-110-x-15-cm/> (referer: https://www.google.com/)
2026-08-18 14:26:37,940 [INFO] Fetched (200) <GET https://www.galeries-bartoux.com/artistes/lis-sam/lis-sam-sakura-gold-130-x-110-x-15-cm/> (referer: https://www.google.com/)
2026-08-18 14:26:41,156 [INFO]       Image sauvee -> artistes/lis-sam/sakura-gold-130x110x15cm.jpg
2026-08-18 14:26:41,157 [INFO]       OK SAKURA GOLD | 130 x 110 x 15 cm
[2026-08-18 14:26:45] INFO: Fetched (200) <GET https://www.galeries-bartoux.com/artistes/lis-sam/lis-sam-sakura-gold-blanc-130-x-110-x-15-cm/> (referer: https://www.google.com/)
2026-08-18 14:26:45,707 [INFO] Fetched (200) <GET https://www.galeries-bartoux.com/artistes/lis-sam/lis-sam-sakura-gold-blanc-130-x-110-x-15-cm/> (referer: https://www.google.com/)
2026-08-18 14:26:48,898 [INFO]       Image sauvee -> artistes/lis-sam/sakura-gold-blanc-130x110x15cm.jpg
2026-08-18 14:26:48,899 [INFO]       OK SAKURA GOLD BLANC | 130 x 110 x 15 cm
2026-08-18 14:26:48,899 [INFO]   -> Artiste : MARC PELTZER [Peintre]
[2026-08-18 14:26:55] INFO: Fetched (200) <GET https://www.galeries-bartoux.com/artistes/peltzer-marc/> (referer: https://www.google.com/)
2026-08-18 14:26:55,005 [INFO] Fetched (200) <GET https://www.galeries-bartoux.com/artistes/peltzer-marc/> (referer: https://www.google.com/)
2026-08-18 14:26:58,682 [INFO]     Bio recuperee (806 caracteres)
2026-08-18 14:26:58,686 [INFO]     Oeuvres candidates : 10
[2026-08-18 14:27:03] INFO: Fetched (200) <GET https://www.galeries-bartoux.com/artistes/peltzer-marc/il-campanile-80-x-40-cm-huile-sur-toile/> (referer: https://www.google.com/)
2026-08-18 14:27:03,209 [INFO] Fetched (200) <GET https://www.galeries-bartoux.com/artistes/peltzer-marc/il-campanile-80-x-40-cm-huile-sur-toile/> (referer: https://www.google.com/)
2026-08-18 14:27:06,396 [INFO]       Image sauvee -> artistes/marc-peltzer/il-campanile-80x40cm.jpg
2026-08-18 14:27:06,396 [INFO]       OK IL CAMPANILE | 80 x 40 cm
[2026-08-18 14:27:11] INFO: Fetched (200) <GET https://www.galeries-bartoux.com/artistes/peltzer-marc/sous-la-neige-38-x-46-cm/> (referer: https://www.google.com/)
2026-08-18 14:27:11,253 [INFO] Fetched (200) <GET https://www.galeries-bartoux.com/artistes/peltzer-marc/sous-la-neige-38-x-46-cm/> (referer: https://www.google.com/)
2026-08-18 14:27:14,427 [INFO]       Image sauvee -> artistes/marc-peltzer/sous-la-neige-38x46cm.jpg
2026-08-18 14:27:14,427 [INFO]       OK SOUS LA NEIGE | 38 x 46 cm
[2026-08-18 14:27:18] INFO: Fetched (200) <GET https://www.galeries-bartoux.com/artistes/peltzer-marc/le-gardien-de-la-porte-bleue-50-x-40-cm/> (referer: https://www.google.com/)
2026-08-18 14:27:18,884 [INFO] Fetched (200) <GET https://www.galeries-bartoux.com/artistes/peltzer-marc/le-gardien-de-la-porte-bleue-50-x-40-cm/> (referer: https://www.google.com/)
2026-08-18 14:27:22,097 [INFO]       Image sauvee -> artistes/marc-peltzer/le-gardien-de-la-porte-bleue-50x40cm.jpg
2026-08-18 14:27:22,098 [INFO]       OK LE GARDIEN DE LA PORTE BLEUE | 50 x 40 cm
[2026-08-18 14:27:27] INFO: Fetched (200) <GET https://www.galeries-bartoux.com/artistes/peltzer-marc/la-jeune-fille-a-la-perle-et-la-chandelle-55-x-46-cm-huile-sur-toile/> (referer: https://www.google.com/)
2026-08-18 14:27:27,250 [INFO] Fetched (200) <GET https://www.galeries-bartoux.com/artistes/peltzer-marc/la-jeune-fille-a-la-perle-et-la-chandelle-55-x-46-cm-huile-sur-toile/> (referer: https://www.google.com/)
2026-08-18 14:27:30,426 [INFO]       Image sauvee -> artistes/marc-peltzer/la-jeune-fille-a-la-perle-et-la-chandelle-55x46cm.jpg
2026-08-18 14:27:30,426 [INFO]       OK LA JEUNE FILLE À LA PERLE ET LA CHANDELLE | 55 x 46 cm
[2026-08-18 14:27:34] INFO: Fetched (200) <GET https://www.galeries-bartoux.com/artistes/peltzer-marc/lancre-oubliee-55-x-46-cm/> (referer: https://www.google.com/)
2026-08-18 14:27:34,698 [INFO] Fetched (200) <GET https://www.galeries-bartoux.com/artistes/peltzer-marc/lancre-oubliee-55-x-46-cm/> (referer: https://www.google.com/)
2026-08-18 14:27:37,853 [INFO]       Image sauvee -> artistes/marc-peltzer/l-ancre-oublie-e-55x46cm.jpg
2026-08-18 14:27:37,854 [INFO]       OK L’ANCRE OUBLIÉE | 55 x 46 cm
[2026-08-18 14:27:42] INFO: Fetched (200) <GET https://www.galeries-bartoux.com/artistes/peltzer-marc/jeune-fille-au-chapeau-rouge-devant-la-fenetre-46-x-38-cm-huile-sur-toile/> (referer: https://www.google.com/)
2026-08-18 14:27:42,635 [INFO] Fetched (200) <GET https://www.galeries-bartoux.com/artistes/peltzer-marc/jeune-fille-au-chapeau-rouge-devant-la-fenetre-46-x-38-cm-huile-sur-toile/> (referer: https://www.google.com/)
2026-08-18 14:27:45,832 [INFO]       Image sauvee -> artistes/marc-peltzer/jeune-fille-au-chapeau-rouge-devant-la-fene-tre-46x38cm.jpg
2026-08-18 14:27:45,833 [INFO]       OK JEUNE FILLE AU CHAPEAU ROUGE DEVANT LA FENÊTRE | 46 x 38 cm
[2026-08-18 14:27:51] INFO: Fetched (200) <GET https://www.galeries-bartoux.com/artistes/peltzer-marc/le-chemin-de-traverse-46-x-38-cm-8f-huile-sur-toile/> (referer: https://www.google.com/)
2026-08-18 14:27:51,152 [INFO] Fetched (200) <GET https://www.galeries-bartoux.com/artistes/peltzer-marc/le-chemin-de-traverse-46-x-38-cm-8f-huile-sur-toile/> (referer: https://www.google.com/)
2026-08-18 14:27:54,336 [INFO]       Image sauvee -> artistes/marc-peltzer/le-chemin-de-traverse-46x38cm.jpg
2026-08-18 14:27:54,337 [INFO]       OK LE CHEMIN DE TRAVERSE | 46 x 38 cm
[2026-08-18 14:27:59] INFO: Fetched (200) <GET https://www.galeries-bartoux.com/artistes/peltzer-marc/gb-peltzer-la-taverne-du-galion-10f/> (referer: https://www.google.com/)
2026-08-18 14:27:59,407 [INFO] Fetched (200) <GET https://www.galeries-bartoux.com/artistes/peltzer-marc/gb-peltzer-la-taverne-du-galion-10f/> (referer: https://www.google.com/)
2026-08-18 14:28:02,557 [INFO]       Image sauvee -> artistes/marc-peltzer/la-taverne-du-galion-10cm.jpg
2026-08-18 14:28:02,558 [INFO]       OK La taverne du galion | 10F
[2026-08-18 14:28:06] INFO: Fetched (200) <GET https://www.galeries-bartoux.com/artistes/peltzer-marc/gb-peltzer-tout-est-calme-8f/> (referer: https://www.google.com/)
2026-08-18 14:28:06,808 [INFO] Fetched (200) <GET https://www.galeries-bartoux.com/artistes/peltzer-marc/gb-peltzer-tout-est-calme-8f/> (referer: https://www.google.com/)
2026-08-18 14:28:09,974 [INFO]       Image sauvee -> artistes/marc-peltzer/tout-est-calme.jpg
2026-08-18 14:28:09,976 [INFO]       OK Tout est calme | None
[2026-08-18 14:28:15] INFO: Fetched (200) <GET https://www.galeries-bartoux.com/artistes/peltzer-marc/les-gardiens-du-quai-35-x-75-cm/> (referer: https://www.google.com/)
2026-08-18 14:28:15,103 [INFO] Fetched (200) <GET https://www.galeries-bartoux.com/artistes/peltzer-marc/les-gardiens-du-quai-35-x-75-cm/> (referer: https://www.google.com/)
2026-08-18 14:28:18,290 [INFO]       Image sauvee -> artistes/marc-peltzer/les-gardiens-du-quai-35x75cm.jpg
2026-08-18 14:28:18,292 [INFO]       OK LES GARDIENS DU QUAI | 35 x 75 cm
2026-08-18 14:28:18,292 [INFO]   -> Artiste : MILES HYMAN [Peintre]
[2026-08-18 14:28:22] INFO: Fetched (200) <GET https://www.galeries-bartoux.com/artistes/miles-hyman/> (referer: https://www.google.com/)
2026-08-18 14:28:22,466 [INFO] Fetched (200) <GET https://www.galeries-bartoux.com/artistes/miles-hyman/> (referer: https://www.google.com/)
2026-08-18 14:28:26,153 [INFO]     Bio recuperee (995 caracteres)
2026-08-18 14:28:26,155 [INFO]     Oeuvres candidates : 3
[2026-08-18 14:28:31] INFO: Fetched (200) <GET https://www.galeries-bartoux.com/artistes/miles-hyman/homecoming-146-x-97-cm/> (referer: https://www.google.com/)
2026-08-18 14:28:31,575 [INFO] Fetched (200) <GET https://www.galeries-bartoux.com/artistes/miles-hyman/homecoming-146-x-97-cm/> (referer: https://www.google.com/)
2026-08-18 14:28:34,726 [INFO]       Image sauvee -> artistes/miles-hyman/homecoming-146x97cm.jpg
2026-08-18 14:28:34,727 [INFO]       OK HOMECOMING | 146 x 97 cm
[2026-08-18 14:28:38] INFO: Fetched (200) <GET https://www.galeries-bartoux.com/artistes/miles-hyman/panorama-162-x-114-cm/> (referer: https://www.google.com/)
2026-08-18 14:28:38,962 [INFO] Fetched (200) <GET https://www.galeries-bartoux.com/artistes/miles-hyman/panorama-162-x-114-cm/> (referer: https://www.google.com/)
2026-08-18 14:28:42,152 [INFO]       Image sauvee -> artistes/miles-hyman/panorama-162x114cm.jpg
2026-08-18 14:28:42,153 [INFO]       OK PANORAMA | 162 x 114 cm
[2026-08-18 14:28:47] INFO: Fetched (200) <GET https://www.galeries-bartoux.com/artistes/miles-hyman/laccademia-162-x-114-cm/> (referer: https://www.google.com/)
2026-08-18 14:28:47,410 [INFO] Fetched (200) <GET https://www.galeries-bartoux.com/artistes/miles-hyman/laccademia-162-x-114-cm/> (referer: https://www.google.com/)
2026-08-18 14:28:50,559 [INFO]       Image sauvee -> artistes/miles-hyman/l-accademia-162x114cm.jpg
2026-08-18 14:28:50,560 [INFO]       OK L’ACCADEMIA | 162 x 114 cm
2026-08-18 14:28:50,560 [INFO]   -> Artiste : MÓNICA FERNÁNDEZ [Peintre]
[2026-08-18 14:28:54] INFO: Fetched (200) <GET https://www.galeries-bartoux.com/artistes/monica-fernandez/> (referer: https://www.google.com/)
2026-08-18 14:28:54,924 [INFO] Fetched (200) <GET https://www.galeries-bartoux.com/artistes/monica-fernandez/> (referer: https://www.google.com/)
2026-08-18 14:28:58,600 [INFO]     Bio recuperee (1645 caracteres)
2026-08-18 14:28:58,603 [INFO]     Oeuvres candidates : 3
[2026-08-18 14:29:03] INFO: Fetched (200) <GET https://www.galeries-bartoux.com/artistes/monica-fernandez/monica-fernandez-berlanga-the-weight-of-beautiful-things-220-x-180-cm-huile-sur-toile/> (referer: https://www.google.com/)
2026-08-18 14:29:03,454 [INFO] Fetched (200) <GET https://www.galeries-bartoux.com/artistes/monica-fernandez/monica-fernandez-berlanga-the-weight-of-beautiful-things-220-x-180-cm-huile-sur-toile/> (referer: https://www.google.com/)
2026-08-18 14:29:06,634 [INFO]       Image sauvee -> artistes/monica-fernandez/the-weight-of-beautiful-things-220x180cm.jpg
2026-08-18 14:29:06,635 [INFO]       OK THE WEIGHT OF BEAUTIFUL THINGS | 220 x 180 cm
[2026-08-18 14:29:10] INFO: Fetched (200) <GET https://www.galeries-bartoux.com/artistes/monica-fernandez/monica-fernandez-the-keeper-small-secrets-180-x-160-cm-huile-sur-toile/> (referer: https://www.google.com/)
2026-08-18 14:29:10,968 [INFO] Fetched (200) <GET https://www.galeries-bartoux.com/artistes/monica-fernandez/monica-fernandez-the-keeper-small-secrets-180-x-160-cm-huile-sur-toile/> (referer: https://www.google.com/)
2026-08-18 14:29:14,131 [INFO]       Image sauvee -> artistes/monica-fernandez/the-keeper-small-secrets-180x160cm.jpg
2026-08-18 14:29:14,132 [INFO]       OK THE KEEPER SMALL SECRETS | 180 x 160 cm
[2026-08-18 14:29:19] INFO: Fetched (200) <GET https://www.galeries-bartoux.com/artistes/monica-fernandez/monica-fernandez-all-creatures-belong-160-x-140-cm-huile-sur-toile/> (referer: https://www.google.com/)
2026-08-18 14:29:19,239 [INFO] Fetched (200) <GET https://www.galeries-bartoux.com/artistes/monica-fernandez/monica-fernandez-all-creatures-belong-160-x-140-cm-huile-sur-toile/> (referer: https://www.google.com/)
2026-08-18 14:29:22,425 [INFO]       Image sauvee -> artistes/monica-fernandez/all-creatures-belong-160x140cm.jpg
2026-08-18 14:29:22,426 [INFO]       OK ALL CREATURES BELONG | 160 x 140 cm
2026-08-18 14:29:22,426 [INFO]   -> Artiste : PASQUALE DI FAZIO [Peintre]
[2026-08-18 14:29:27] INFO: Fetched (200) <GET https://www.galeries-bartoux.com/artistes/pasquale-di-fazio/> (referer: https://www.google.com/)
2026-08-18 14:29:27,095 [INFO] Fetched (200) <GET https://www.galeries-bartoux.com/artistes/pasquale-di-fazio/> (referer: https://www.google.com/)
2026-08-18 14:29:30,803 [INFO]     Bio recuperee (947 caracteres)
2026-08-18 14:29:30,808 [INFO]     Oeuvres candidates : 13
[2026-08-18 14:29:36] INFO: Fetched (200) <GET https://www.galeries-bartoux.com/artistes/pasquale-di-fazio/di-fazio-valzer-di-petali-120-x-120-cm-technique-mixte-sur-toile/> (referer: https://www.google.com/)
2026-08-18 14:29:36,535 [INFO] Fetched (200) <GET https://www.galeries-bartoux.com/artistes/pasquale-di-fazio/di-fazio-valzer-di-petali-120-x-120-cm-technique-mixte-sur-toile/> (referer: https://www.google.com/)
2026-08-18 14:29:39,724 [INFO]       Image sauvee -> artistes/pasquale-di-fazio/valzer-di-petali-120x120cm.jpg
2026-08-18 14:29:39,725 [INFO]       OK VALZER DI PETALI | 120 x 120 cm
[2026-08-18 14:29:44] INFO: Fetched (200) <GET https://www.galeries-bartoux.com/artistes/pasquale-di-fazio/di-fazio-cielo-di-fiesta-100-x-100-cm-technique-mixte-sur-toile/> (referer: https://www.google.com/)
2026-08-18 14:29:44,143 [INFO] Fetched (200) <GET https://www.galeries-bartoux.com/artistes/pasquale-di-fazio/di-fazio-cielo-di-fiesta-100-x-100-cm-technique-mixte-sur-toile/> (referer: https://www.google.com/)
2026-08-18 14:29:47,322 [INFO]       Image sauvee -> artistes/pasquale-di-fazio/cielo-di-fiesta-100x100cm.jpg
2026-08-18 14:29:47,323 [INFO]       OK CIELO DI FIESTA | 100 x 100 cm
[2026-08-18 14:29:51] INFO: Fetched (200) <GET https://www.galeries-bartoux.com/artistes/pasquale-di-fazio/di-fazio-luna-park-delle-farfalle-150-x-150-cm-technique-mixte-sur-toile/> (referer: https://www.google.com/)
2026-08-18 14:29:51,597 [INFO] Fetched (200) <GET https://www.galeries-bartoux.com/artistes/pasquale-di-fazio/di-fazio-luna-park-delle-farfalle-150-x-150-cm-technique-mixte-sur-toile/> (referer: https://www.google.com/)
2026-08-18 14:29:54,771 [INFO]       Image sauvee -> artistes/pasquale-di-fazio/luna-park-delle-farfalle-150x150cm.jpg
2026-08-18 14:29:54,772 [INFO]       OK LUNA PARK DELLE FARFALLE | 150 x 150 cm
[2026-08-18 14:29:59] INFO: Fetched (200) <GET https://www.galeries-bartoux.com/artistes/pasquale-di-fazio/fiorire-ancora-150-x-150-cm-technique-mixte-sur-toile/> (referer: https://www.google.com/)
2026-08-18 14:29:59,062 [INFO] Fetched (200) <GET https://www.galeries-bartoux.com/artistes/pasquale-di-fazio/fiorire-ancora-150-x-150-cm-technique-mixte-sur-toile/> (referer: https://www.google.com/)
2026-08-18 14:30:02,250 [INFO]       Image sauvee -> artistes/pasquale-di-fazio/fiorire-ancora-150x150cm.jpg
2026-08-18 14:30:02,251 [INFO]       OK FIORIRE ANCORA | 150 x 150 cm
[2026-08-18 14:30:07] INFO: Fetched (200) <GET https://www.galeries-bartoux.com/artistes/pasquale-di-fazio/caos-in-festa-120x180/> (referer: https://www.google.com/)
2026-08-18 14:30:07,084 [INFO] Fetched (200) <GET https://www.galeries-bartoux.com/artistes/pasquale-di-fazio/caos-in-festa-120x180/> (referer: https://www.google.com/)
2026-08-18 14:30:10,253 [INFO]       Image sauvee -> artistes/pasquale-di-fazio/caos-in-festa-120x180cm.jpg
2026-08-18 14:30:10,254 [INFO]       OK CAOS IN FESTA | 120 x 180 cm
[2026-08-18 14:30:14] INFO: Fetched (200) <GET https://www.galeries-bartoux.com/artistes/pasquale-di-fazio/perdersi-nei-riflessi-120x120/> (referer: https://www.google.com/)
2026-08-18 14:30:14,541 [INFO] Fetched (200) <GET https://www.galeries-bartoux.com/artistes/pasquale-di-fazio/perdersi-nei-riflessi-120x120/> (referer: https://www.google.com/)
2026-08-18 14:30:17,706 [INFO]       Image sauvee -> artistes/pasquale-di-fazio/perdersi-nei-riflessi-120x120cm.jpg
2026-08-18 14:30:17,707 [INFO]       OK PERDERSI NEI RIFLESSI | 120 x 120 cm
[2026-08-18 14:30:22] INFO: Fetched (200) <GET https://www.galeries-bartoux.com/artistes/pasquale-di-fazio/sans-titre-13/> (referer: https://www.google.com/)
2026-08-18 14:30:22,226 [INFO] Fetched (200) <GET https://www.galeries-bartoux.com/artistes/pasquale-di-fazio/sans-titre-13/> (referer: https://www.google.com/)
2026-08-18 14:30:25,430 [INFO]       Image sauvee -> artistes/pasquale-di-fazio/labrinto-di-illusioni-90x90cm.jpg
2026-08-18 14:30:25,431 [INFO]       OK LABRINTO DI ILLUSIONI | 90 x 90 cm
[2026-08-18 14:30:29] INFO: Fetched (200) <GET https://www.galeries-bartoux.com/artistes/pasquale-di-fazio/sans-titre-14/> (referer: https://www.google.com/)
2026-08-18 14:30:29,973 [INFO] Fetched (200) <GET https://www.galeries-bartoux.com/artistes/pasquale-di-fazio/sans-titre-14/> (referer: https://www.google.com/)
2026-08-18 14:30:33,132 [INFO]       Image sauvee -> artistes/pasquale-di-fazio/tra-miti-e-magie-80x80cm.jpg
2026-08-18 14:30:33,133 [INFO]       OK TRA MITI E MAGIE | 80 x 80 cm
[2026-08-18 14:30:38] INFO: Fetched (200) <GET https://www.galeries-bartoux.com/artistes/pasquale-di-fazio/intesa-glaciale-80x120/> (referer: https://www.google.com/)
2026-08-18 14:30:38,185 [INFO] Fetched (200) <GET https://www.galeries-bartoux.com/artistes/pasquale-di-fazio/intesa-glaciale-80x120/> (referer: https://www.google.com/)
2026-08-18 14:30:41,340 [INFO]       Image sauvee -> artistes/pasquale-di-fazio/intesa-glaciale-80x120cm.jpg
2026-08-18 14:30:41,341 [INFO]       OK INTESA GLACIALE | 80x120cm
[2026-08-18 14:30:45] INFO: Fetched (200) <GET https://www.galeries-bartoux.com/artistes/pasquale-di-fazio/nellora-del-tramonto-90x140/> (referer: https://www.google.com/)
2026-08-18 14:30:45,724 [INFO] Fetched (200) <GET https://www.galeries-bartoux.com/artistes/pasquale-di-fazio/nellora-del-tramonto-90x140/> (referer: https://www.google.com/)
2026-08-18 14:30:48,881 [INFO]       Image sauvee -> artistes/pasquale-di-fazio/nell-ora-del-tramonto-90x140cm.jpg
2026-08-18 14:30:48,881 [INFO]       OK NELL’ORA DEL TRAMONTO | 90x140cm
[2026-08-18 14:30:53] INFO: Fetched (200) <GET https://www.galeries-bartoux.com/artistes/pasquale-di-fazio/favola-blu-120x200/> (referer: https://www.google.com/)
2026-08-18 14:30:53,738 [INFO] Fetched (200) <GET https://www.galeries-bartoux.com/artistes/pasquale-di-fazio/favola-blu-120x200/> (referer: https://www.google.com/)
2026-08-18 14:30:56,900 [INFO]       Image sauvee -> artistes/pasquale-di-fazio/favola-blu-120x200cm.jpg
2026-08-18 14:30:56,901 [INFO]       OK FAVOLA BLU | 120x200cm
[2026-08-18 14:31:01] INFO: Fetched (200) <GET https://www.galeries-bartoux.com/artistes/pasquale-di-fazio/memorie-di-una-lunga-estate-130x190/> (referer: https://www.google.com/)
2026-08-18 14:31:01,146 [INFO] Fetched (200) <GET https://www.galeries-bartoux.com/artistes/pasquale-di-fazio/memorie-di-una-lunga-estate-130x190/> (referer: https://www.google.com/)
2026-08-18 14:31:04,294 [INFO]       Image sauvee -> artistes/pasquale-di-fazio/memorie-di-una-lunga-estate-130x190cm.jpg
2026-08-18 14:31:04,294 [INFO]       OK MEMORIE DI UNA LUNGA ESTATE | 130x190cm
[2026-08-18 14:31:09] INFO: Fetched (200) <GET https://www.galeries-bartoux.com/artistes/pasquale-di-fazio/sans-titre-12/> (referer: https://www.google.com/)
2026-08-18 14:31:09,071 [INFO] Fetched (200) <GET https://www.galeries-bartoux.com/artistes/pasquale-di-fazio/sans-titre-12/> (referer: https://www.google.com/)
2026-08-18 14:31:12,239 [INFO]       Image sauvee -> artistes/pasquale-di-fazio/emozioni-scomposte-60x120cm.jpg
2026-08-18 14:31:12,240 [INFO]       OK EMOZIONI SCOMPOSTE | 60 x 120 cm
2026-08-18 14:31:12,240 [INFO]   -> Artiste : PIERRE-YVES RUSSO [Peintre]
[2026-08-18 14:31:16] INFO: Fetched (200) <GET https://www.galeries-bartoux.com/artistes/pierre-yves-russo/> (referer: https://www.google.com/)
2026-08-18 14:31:16,726 [INFO] Fetched (200) <GET https://www.galeries-bartoux.com/artistes/pierre-yves-russo/> (referer: https://www.google.com/)
2026-08-18 14:31:20,403 [INFO]     Bio recuperee (852 caracteres)
2026-08-18 14:31:20,410 [INFO]     Oeuvres candidates : 22
[2026-08-18 14:31:25] INFO: Fetched (200) <GET https://www.galeries-bartoux.com/artistes/pierre-yves-russo/pierre-yves-russo-les-cerises-painting-on-panel/> (referer: https://www.google.com/)
2026-08-18 14:31:25,426 [INFO] Fetched (200) <GET https://www.galeries-bartoux.com/artistes/pierre-yves-russo/pierre-yves-russo-les-cerises-painting-on-panel/> (referer: https://www.google.com/)
2026-08-18 14:31:28,609 [INFO]       Image sauvee -> artistes/pierre-yves-russo/les-cerises-60x70cm.jpg
2026-08-18 14:31:28,610 [INFO]       OK LES CERISES | 60 x 70 cm (avec cadre)
[2026-08-18 14:31:32] INFO: Fetched (200) <GET https://www.galeries-bartoux.com/artistes/pierre-yves-russo/pierre-yves-russo-le-rameau-dabricots-100-x-133-cm-avec-cadre/> (referer: https://www.google.com/)
2026-08-18 14:31:32,905 [INFO] Fetched (200) <GET https://www.galeries-bartoux.com/artistes/pierre-yves-russo/pierre-yves-russo-le-rameau-dabricots-100-x-133-cm-avec-cadre/> (referer: https://www.google.com/)
2026-08-18 14:31:36,046 [INFO]       Image sauvee -> artistes/pierre-yves-russo/le-rameau-d-abricots-100x133cm.jpg
2026-08-18 14:31:36,047 [INFO]       OK LE RAMEAU D’ABRICOTS | 100 x 133 cm (avec cadre)
[2026-08-18 14:31:41] INFO: Fetched (200) <GET https://www.galeries-bartoux.com/artistes/pierre-yves-russo/pierre-yves-russo-les-fleurs-mauves-120-x-100-cm-avec-cadre-peinture-sur-panneau/> (referer: https://www.google.com/)
2026-08-18 14:31:41,042 [INFO] Fetched (200) <GET https://www.galeries-bartoux.com/artistes/pierre-yves-russo/pierre-yves-russo-les-fleurs-mauves-120-x-100-cm-avec-cadre-peinture-sur-panneau/> (referer: https://www.google.com/)
2026-08-18 14:31:44,210 [INFO]       Image sauvee -> artistes/pierre-yves-russo/les-fleurs-mauves-120x100cm.jpg
2026-08-18 14:31:44,211 [INFO]       OK LES FLEURS MAUVES | 120 x 100 cm (avec cadre)
[2026-08-18 14:31:48] INFO: Fetched (200) <GET https://www.galeries-bartoux.com/artistes/pierre-yves-russo/pierre-yves-russo-la-flamme-dune-chandelle-50-x-40-cm-avec-cadre-peinture-sur-panneau/> (referer: https://www.google.com/)
2026-08-18 14:31:48,720 [INFO] Fetched (200) <GET https://www.galeries-bartoux.com/artistes/pierre-yves-russo/pierre-yves-russo-la-flamme-dune-chandelle-50-x-40-cm-avec-cadre-peinture-sur-panneau/> (referer: https://www.google.com/)
2026-08-18 14:31:51,860 [INFO]       Image sauvee -> artistes/pierre-yves-russo/la-flamme-d-une-chandelle-50x40cm.jpg
2026-08-18 14:31:51,860 [INFO]       OK LA FLAMME D’UNE CHANDELLE | 50 x 40 cm (avec cadre)
[2026-08-18 14:31:56] INFO: Fetched (200) <GET https://www.galeries-bartoux.com/artistes/pierre-yves-russo/miniatura-papillon-15-x-10-cm-peinture-sur-panneau/> (referer: https://www.google.com/)
2026-08-18 14:31:56,304 [INFO] Fetched (200) <GET https://www.galeries-bartoux.com/artistes/pierre-yves-russo/miniatura-papillon-15-x-10-cm-peinture-sur-panneau/> (referer: https://www.google.com/)
2026-08-18 14:31:59,385 [INFO]       Image sauvee -> artistes/pierre-yves-russo/miniatura-papillon-43x37cm.jpg
2026-08-18 14:31:59,385 [INFO]       OK MINIATURA PAPILLON | 43 x 37 cm
[2026-08-18 14:32:03] INFO: Fetched (200) <GET https://www.galeries-bartoux.com/artistes/pierre-yves-russo/la-bulle-de-verre-et-la-plume-30-x-20-cm-peinture-sur-panneau/> (referer: https://www.google.com/)
2026-08-18 14:32:03,649 [INFO] Fetched (200) <GET https://www.galeries-bartoux.com/artistes/pierre-yves-russo/la-bulle-de-verre-et-la-plume-30-x-20-cm-peinture-sur-panneau/> (referer: https://www.google.com/)
2026-08-18 14:32:06,761 [INFO]       Image sauvee -> artistes/pierre-yves-russo/la-bulle-de-verre-et-la-plume-60x50cm.jpg
2026-08-18 14:32:06,762 [INFO]       OK LA BULLE DE VERRE ET LA PLUME | 60 x 50 cm
[2026-08-18 14:32:10] INFO: Fetched (200) <GET https://www.galeries-bartoux.com/artistes/pierre-yves-russo/pierre-yves-russo-marguerite-des-champs-50-x-40-cm-avec-cadre-peinture-sur-panneau/> (referer: https://www.google.com/)
2026-08-18 14:32:10,838 [INFO] Fetched (200) <GET https://www.galeries-bartoux.com/artistes/pierre-yves-russo/pierre-yves-russo-marguerite-des-champs-50-x-40-cm-avec-cadre-peinture-sur-panneau/> (referer: https://www.google.com/)
2026-08-18 14:32:13,948 [INFO]       Image sauvee -> artistes/pierre-yves-russo/marguerite-des-champs-50x40cm.jpg
2026-08-18 14:32:13,949 [INFO]       OK MARGUERITE DES CHAMPS | 50 x 40 cm (avec cadre)
[2026-08-18 14:32:18] INFO: Fetched (200) <GET https://www.galeries-bartoux.com/artistes/pierre-yves-russo/une-fleur-simple-60-x-50-cm/> (referer: https://www.google.com/)
2026-08-18 14:32:18,150 [INFO] Fetched (200) <GET https://www.galeries-bartoux.com/artistes/pierre-yves-russo/une-fleur-simple-60-x-50-cm/> (referer: https://www.google.com/)
2026-08-18 14:32:21,241 [INFO]       Image sauvee -> artistes/pierre-yves-russo/une-fleur-simple-50x60cm.jpg
2026-08-18 14:32:21,242 [INFO]       OK UNE FLEUR SIMPLE | 50 x 60 cm (avec cadre)
[2026-08-18 14:32:25] INFO: Fetched (200) <GET https://www.galeries-bartoux.com/artistes/pierre-yves-russo/le-vase-de-venise-40-x-30-cm-sans-cadre-70-x-60-cm-avec-cadre-peinture-sur-panneau/> (referer: https://www.google.com/)
2026-08-18 14:32:25,976 [INFO] Fetched (200) <GET https://www.galeries-bartoux.com/artistes/pierre-yves-russo/le-vase-de-venise-40-x-30-cm-sans-cadre-70-x-60-cm-avec-cadre-peinture-sur-panneau/> (referer: https://www.google.com/)
2026-08-18 14:32:29,126 [INFO]       Image sauvee -> artistes/pierre-yves-russo/le-vase-de-venise-70x60cm.jpg
2026-08-18 14:32:29,126 [INFO]       OK LE VASE DE VENISE | 70 x 60 cm (avec cadre)
[2026-08-18 14:32:33] INFO: Fetched (200) <GET https://www.galeries-bartoux.com/artistes/pierre-yves-russo/les-framboises-et-le-liseron-30-x-20-cm-sans-cadre-et-60-x-50-cm-avec-cadre-peinture-sur-panneau/> (referer: https://www.google.com/)
2026-08-18 14:32:33,436 [INFO] Fetched (200) <GET https://www.galeries-bartoux.com/artistes/pierre-yves-russo/les-framboises-et-le-liseron-30-x-20-cm-sans-cadre-et-60-x-50-cm-avec-cadre-peinture-sur-panneau/> (referer: https://www.google.com/)
2026-08-18 14:32:36,552 [INFO]       Image sauvee -> artistes/pierre-yves-russo/les-framboises-et-le-liseron-60x50cm.jpg
2026-08-18 14:32:36,553 [INFO]       OK LES FRAMBOISES ET LE LISERON | 60 x 50 cm (avec cadre)
[2026-08-18 14:32:41] INFO: Fetched (200) <GET https://www.galeries-bartoux.com/artistes/pierre-yves-russo/la-chandelle-et-les-cerises-30-x-20-cm-peinture-sur-panneau/> (referer: https://www.google.com/)
2026-08-18 14:32:41,069 [INFO] Fetched (200) <GET https://www.galeries-bartoux.com/artistes/pierre-yves-russo/la-chandelle-et-les-cerises-30-x-20-cm-peinture-sur-panneau/> (referer: https://www.google.com/)
2026-08-18 14:32:44,177 [INFO]       Image sauvee -> artistes/pierre-yves-russo/la-chandelle-et-les-cerises-60x50cm.jpg
2026-08-18 14:32:44,178 [INFO]       OK LA CHANDELLE ET LES CERISES | 60 x 50 cm
[2026-08-18 14:32:48] INFO: Fetched (200) <GET https://www.galeries-bartoux.com/artistes/pierre-yves-russo/fleur-devant-une-fenetre-30-x-20-cm-sans-cadre-et-60-x-50-cm-avec-cadre-peinture-sur-panneau/> (referer: https://www.google.com/)
2026-08-18 14:32:48,767 [INFO] Fetched (200) <GET https://www.galeries-bartoux.com/artistes/pierre-yves-russo/fleur-devant-une-fenetre-30-x-20-cm-sans-cadre-et-60-x-50-cm-avec-cadre-peinture-sur-panneau/> (referer: https://www.google.com/)
2026-08-18 14:32:51,947 [INFO]       Image sauvee -> artistes/pierre-yves-russo/fleur-devant-une-fene-tre-60x50cm.jpg
2026-08-18 14:32:51,948 [INFO]       OK FLEUR DEVANT UNE FENÊTRE | 60 x 50 cm (avec cadre)
[2026-08-18 14:32:56] INFO: Fetched (200) <GET https://www.galeries-bartoux.com/artistes/pierre-yves-russo/les-cerises-et-le-lait-70-x-60-cm-avec-cadre-peinture-sur-panneau/> (referer: https://www.google.com/)
2026-08-18 14:32:56,379 [INFO] Fetched (200) <GET https://www.galeries-bartoux.com/artistes/pierre-yves-russo/les-cerises-et-le-lait-70-x-60-cm-avec-cadre-peinture-sur-panneau/> (referer: https://www.google.com/)
2026-08-18 14:32:59,581 [INFO]       Image sauvee -> artistes/pierre-yves-russo/les-cerises-et-le-verre-de-lait-70x60cm.jpg
2026-08-18 14:32:59,583 [INFO]       OK LES CERISES ET LE VERRE DE LAIT | 70 x 60 cm (avec cadre)
[2026-08-18 14:33:04] INFO: Fetched (200) <GET https://www.galeries-bartoux.com/artistes/pierre-yves-russo/miniatura-lumiere-15-x-10-cm-peinture-sur-panneau/> (referer: https://www.google.com/)
2026-08-18 14:33:04,051 [INFO] Fetched (200) <GET https://www.galeries-bartoux.com/artistes/pierre-yves-russo/miniatura-lumiere-15-x-10-cm-peinture-sur-panneau/> (referer: https://www.google.com/)
2026-08-18 14:33:07,207 [INFO]       Image sauvee -> artistes/pierre-yves-russo/miniatura-lumiere-43x37cm.jpg
2026-08-18 14:33:07,207 [INFO]       OK MINIATURA LUMIÈRE | 43 x 37 cm
[2026-08-18 14:33:11] INFO: Fetched (200) <GET https://www.galeries-bartoux.com/artistes/pierre-yves-russo/pierre-yves-russo-les-cerises-et-le-papillon-70-x-60-cm-encadre-peinture-sur-panneau-2/> (referer: https://www.google.com/)
2026-08-18 14:33:11,696 [INFO] Fetched (200) <GET https://www.galeries-bartoux.com/artistes/pierre-yves-russo/pierre-yves-russo-les-cerises-et-le-papillon-70-x-60-cm-encadre-peinture-sur-panneau-2/> (referer: https://www.google.com/)
2026-08-18 14:33:14,872 [INFO]       Image sauvee -> artistes/pierre-yves-russo/les-cerises-et-le-papillon-70x60cm.jpg
2026-08-18 14:33:14,872 [INFO]       OK LES CERISES ET LE PAPILLON | 70 x 60 cm (avec cadre)
[2026-08-18 14:33:19] INFO: Fetched (200) <GET https://www.galeries-bartoux.com/artistes/pierre-yves-russo/leglantine-et-le-papillon-40-x-30-sans-cadre-70-x-60-cm-avec-cadre-peinture-sur-panneau/> (referer: https://www.google.com/)
2026-08-18 14:33:19,284 [INFO] Fetched (200) <GET https://www.galeries-bartoux.com/artistes/pierre-yves-russo/leglantine-et-le-papillon-40-x-30-sans-cadre-70-x-60-cm-avec-cadre-peinture-sur-panneau/> (referer: https://www.google.com/)
2026-08-18 14:33:22,430 [INFO]       Image sauvee -> artistes/pierre-yves-russo/l-e-glantine-et-le-papillon-70x60cm.jpg
2026-08-18 14:33:22,431 [INFO]       OK L’ÉGLANTINE ET LE PAPILLON | 70 x 60 (avec cadre)
[2026-08-18 14:33:26] INFO: Fetched (200) <GET https://www.galeries-bartoux.com/artistes/pierre-yves-russo/flusso-denergia-180-x-180-cm-technique-mixte-sur-toile-1/> (referer: https://www.google.com/)
2026-08-18 14:33:26,965 [INFO] Fetched (200) <GET https://www.galeries-bartoux.com/artistes/pierre-yves-russo/flusso-denergia-180-x-180-cm-technique-mixte-sur-toile-1/> (referer: https://www.google.com/)
2026-08-18 14:33:30,094 [INFO]       Image sauvee -> artistes/pierre-yves-russo/le-soliflore-et-les-pavots-40x30cm.jpg
2026-08-18 14:33:30,094 [INFO]       OK LE SOLIFLORE ET LES PAVOTS | 40 x 30 cm (avec cadre)
[2026-08-18 14:33:34] INFO: Fetched (200) <GET https://www.galeries-bartoux.com/artistes/pierre-yves-russo/lenvol-du-papillon-60-x-70-cm/> (referer: https://www.google.com/)
2026-08-18 14:33:34,543 [INFO] Fetched (200) <GET https://www.galeries-bartoux.com/artistes/pierre-yves-russo/lenvol-du-papillon-60-x-70-cm/> (referer: https://www.google.com/)
2026-08-18 14:33:37,685 [INFO]       Image sauvee -> artistes/pierre-yves-russo/l-envol-du-papillon-60x70cm.jpg
2026-08-18 14:33:37,686 [INFO]       OK L’ENVOL DU PAPILLON | 60 x 70 cm (avec cadre)
[2026-08-18 14:33:42] INFO: Fetched (200) <GET https://www.galeries-bartoux.com/artistes/pierre-yves-russo/les-trois-tulipes-70-x-60-cm-avec-cadre/> (referer: https://www.google.com/)
2026-08-18 14:33:42,389 [INFO] Fetched (200) <GET https://www.galeries-bartoux.com/artistes/pierre-yves-russo/les-trois-tulipes-70-x-60-cm-avec-cadre/> (referer: https://www.google.com/)
2026-08-18 14:33:45,538 [INFO]       Image sauvee -> artistes/pierre-yves-russo/les-trois-tulipes-70x60cm.jpg
2026-08-18 14:33:45,539 [INFO]       OK LES TROIS TULIPES | 70 x 60 cm (avec cadre)
[2026-08-18 14:33:50] INFO: Fetched (200) <GET https://www.galeries-bartoux.com/artistes/pierre-yves-russo/la-brioche-40-x-30-cm-sans-cadre-70-x-60-cm-encadree-peinture-sur-panneau/> (referer: https://www.google.com/)
2026-08-18 14:33:50,993 [INFO] Fetched (200) <GET https://www.galeries-bartoux.com/artistes/pierre-yves-russo/la-brioche-40-x-30-cm-sans-cadre-70-x-60-cm-encadree-peinture-sur-panneau/> (referer: https://www.google.com/)
2026-08-18 14:33:54,278 [INFO]       Image sauvee -> artistes/pierre-yves-russo/la-brioche-70x60cm.jpg
2026-08-18 14:33:54,280 [INFO]       OK LA BRIOCHE | 70 x 60 cm (avec cadre)
[2026-08-18 14:33:58] INFO: Fetched (200) <GET https://www.galeries-bartoux.com/artistes/pierre-yves-russo/le-pavot-70-x-60-cm-avec-cadre/> (referer: https://www.google.com/)
2026-08-18 14:33:58,707 [INFO] Fetched (200) <GET https://www.galeries-bartoux.com/artistes/pierre-yves-russo/le-pavot-70-x-60-cm-avec-cadre/> (referer: https://www.google.com/)
2026-08-18 14:34:01,856 [INFO]       Image sauvee -> artistes/pierre-yves-russo/le-pavot-70x60cm.jpg
2026-08-18 14:34:01,857 [INFO]       OK LE PAVOT | 70 x 60 cm (avec cadre)
[2026-08-18 14:34:06] INFO: Fetched (200) <GET https://www.galeries-bartoux.com/artistes/pierre-yves-russo/les-citrons-de-sicile/> (referer: https://www.google.com/)
2026-08-18 14:34:06,065 [INFO] Fetched (200) <GET https://www.galeries-bartoux.com/artistes/pierre-yves-russo/les-citrons-de-sicile/> (referer: https://www.google.com/)
2026-08-18 14:34:09,179 [INFO]       Image sauvee -> artistes/pierre-yves-russo/les-citrons-de-sicile-160x120cm.jpg
2026-08-18 14:34:09,180 [INFO]       OK LES CITRONS DE SICILE | 160x120cm (avec cadre)
2026-08-18 14:34:09,180 [INFO]   -> Artiste : RAFFAELE MINOTTO [Peintre]
[2026-08-18 14:34:14] INFO: Fetched (200) <GET https://www.galeries-bartoux.com/artistes/raffaele-minotto/> (referer: https://www.google.com/)
2026-08-18 14:34:14,025 [INFO] Fetched (200) <GET https://www.galeries-bartoux.com/artistes/raffaele-minotto/> (referer: https://www.google.com/)
2026-08-18 14:34:17,704 [INFO]     Bio recuperee (1541 caracteres)
2026-08-18 14:34:17,707 [INFO]     Oeuvres candidates : 5
[2026-08-18 14:34:21] INFO: Fetched (200) <GET https://www.galeries-bartoux.com/artistes/raffaele-minotto/raffaele-minotto-il-banchetto-150-x-150-cm/> (referer: https://www.google.com/)
2026-08-18 14:34:21,903 [INFO] Fetched (200) <GET https://www.galeries-bartoux.com/artistes/raffaele-minotto/raffaele-minotto-il-banchetto-150-x-150-cm/> (referer: https://www.google.com/)
2026-08-18 14:34:25,070 [INFO]       Image sauvee -> artistes/raffaele-minotto/il-banchetto-150x150cm.jpg
2026-08-18 14:34:25,071 [INFO]       OK IL BANCHETTO | 150 x 150 cm
[2026-08-18 14:34:29] INFO: Fetched (200) <GET https://www.galeries-bartoux.com/artistes/raffaele-minotto/raffaele-minotto-il-salotto-rosso-150-x-150-cm/> (referer: https://www.google.com/)
2026-08-18 14:34:29,261 [INFO] Fetched (200) <GET https://www.galeries-bartoux.com/artistes/raffaele-minotto/raffaele-minotto-il-salotto-rosso-150-x-150-cm/> (referer: https://www.google.com/)
2026-08-18 14:34:32,461 [INFO]       Image sauvee -> artistes/raffaele-minotto/il-salotto-rosso-150x150cm.jpg
2026-08-18 14:34:32,461 [INFO]       OK IL SALOTTO ROSSO | 150 x 150 cm
[2026-08-18 14:34:36] INFO: Fetched (200) <GET https://www.galeries-bartoux.com/artistes/raffaele-minotto/raffaele-minotto-interno-150-x-150-cm/> (referer: https://www.google.com/)
2026-08-18 14:34:36,691 [INFO] Fetched (200) <GET https://www.galeries-bartoux.com/artistes/raffaele-minotto/raffaele-minotto-interno-150-x-150-cm/> (referer: https://www.google.com/)
2026-08-18 14:34:39,845 [INFO]       Image sauvee -> artistes/raffaele-minotto/interno-150x150cm.jpg
2026-08-18 14:34:39,845 [INFO]       OK INTERNO | 150 x 150 cm
[2026-08-18 14:34:45] INFO: Fetched (200) <GET https://www.galeries-bartoux.com/artistes/raffaele-minotto/raffaele-minotto-interno-150-x-200-cm-huile-sur-toile/> (referer: https://www.google.com/)
2026-08-18 14:34:45,748 [INFO] Fetched (200) <GET https://www.galeries-bartoux.com/artistes/raffaele-minotto/raffaele-minotto-interno-150-x-200-cm-huile-sur-toile/> (referer: https://www.google.com/)
2026-08-18 14:34:48,931 [INFO]       Image sauvee -> artistes/raffaele-minotto/interno-150x200cm.jpg
2026-08-18 14:34:48,932 [INFO]       OK INTERNO | 150 x 200 cm
[2026-08-18 14:34:54] INFO: Fetched (200) <GET https://www.galeries-bartoux.com/artistes/raffaele-minotto/raffaele-minotto-luce-dorata-nel-salotto-120-x-150-cm-huile-sur-toile/> (referer: https://www.google.com/)
2026-08-18 14:34:54,208 [INFO] Fetched (200) <GET https://www.galeries-bartoux.com/artistes/raffaele-minotto/raffaele-minotto-luce-dorata-nel-salotto-120-x-150-cm-huile-sur-toile/> (referer: https://www.google.com/)
2026-08-18 14:34:57,386 [INFO]       Image sauvee -> artistes/raffaele-minotto/la-casa-di-elisa-120x150cm.jpg
2026-08-18 14:34:57,387 [INFO]       OK LA CASA DI ELISA | 120 x 150 cm
2026-08-18 14:34:57,387 [INFO]   -> Artiste : ROBERTA CONI [Peintre]
[2026-08-18 14:35:02] INFO: Fetched (200) <GET https://www.galeries-bartoux.com/artistes/coni-roberta/> (referer: https://www.google.com/)
2026-08-18 14:35:02,168 [INFO] Fetched (200) <GET https://www.galeries-bartoux.com/artistes/coni-roberta/> (referer: https://www.google.com/)
2026-08-18 14:35:05,868 [INFO]     Bio recuperee (1114 caracteres)
2026-08-18 14:35:05,875 [INFO]     Oeuvres candidates : 22
[2026-08-18 14:35:10] INFO: Fetched (200) <GET https://www.galeries-bartoux.com/artistes/coni-roberta/roberta-coni-primavera-200-x-100-cm-oil-and-acrylic-on-canvas/> (referer: https://www.google.com/)
2026-08-18 14:35:10,539 [INFO] Fetched (200) <GET https://www.galeries-bartoux.com/artistes/coni-roberta/roberta-coni-primavera-200-x-100-cm-oil-and-acrylic-on-canvas/> (referer: https://www.google.com/)
2026-08-18 14:35:13,719 [INFO]       Image sauvee -> artistes/roberta-coni/primavera-200x100cm.jpg
2026-08-18 14:35:13,720 [INFO]       OK PRIMAVERA | 200 x 100 cm
[2026-08-18 14:35:18] INFO: Fetched (200) <GET https://www.galeries-bartoux.com/artistes/coni-roberta/roberta-coni-proserpina-virginia-200-x-140-cm-oil-and-acrylic-and-gold-leaf-on-canvas/> (referer: https://www.google.com/)
2026-08-18 14:35:18,021 [INFO] Fetched (200) <GET https://www.galeries-bartoux.com/artistes/coni-roberta/roberta-coni-proserpina-virginia-200-x-140-cm-oil-and-acrylic-and-gold-leaf-on-canvas/> (referer: https://www.google.com/)
2026-08-18 14:35:21,188 [INFO]       Image sauvee -> artistes/roberta-coni/proserpina-virginia-200x140cm.jpg
2026-08-18 14:35:21,189 [INFO]       OK PROSERPINA VIRGINIA | 200 x 140 cm
[2026-08-18 14:35:25] INFO: Fetched (200) <GET https://www.galeries-bartoux.com/artistes/coni-roberta/roberta-coni-virginia-blue-butterfly-160-x-130-cm-oil-and-acrylic-and-gold-leaf-on-canvas/> (referer: https://www.google.com/)
2026-08-18 14:35:25,652 [INFO] Fetched (200) <GET https://www.galeries-bartoux.com/artistes/coni-roberta/roberta-coni-virginia-blue-butterfly-160-x-130-cm-oil-and-acrylic-and-gold-leaf-on-canvas/> (referer: https://www.google.com/)
2026-08-18 14:35:28,780 [INFO]       Image sauvee -> artistes/roberta-coni/virginia-blue-butterfly-160x130cm.jpg
2026-08-18 14:35:28,780 [INFO]       OK VIRGINIA BLUE BUTTERFLY | 160 x 130 cm
[2026-08-18 14:35:34] INFO: Fetched (200) <GET https://www.galeries-bartoux.com/artistes/coni-roberta/roberta-coni-emma-matilda-120-x-120-cm-oil-and-acrylic-on-canvas/> (referer: https://www.google.com/)
2026-08-18 14:35:34,537 [INFO] Fetched (200) <GET https://www.galeries-bartoux.com/artistes/coni-roberta/roberta-coni-emma-matilda-120-x-120-cm-oil-and-acrylic-on-canvas/> (referer: https://www.google.com/)
2026-08-18 14:35:37,727 [INFO]       Image sauvee -> artistes/roberta-coni/emma-matilda-120x120cm.jpg
2026-08-18 14:35:37,728 [INFO]       OK EMMA MATILDA | 120 x 120 cm
[2026-08-18 14:35:42] INFO: Fetched (200) <GET https://www.galeries-bartoux.com/artistes/coni-roberta/roberta-coni-alice-120-x-120-cm-oil-and-acrylic-on-canvas/> (referer: https://www.google.com/)
2026-08-18 14:35:42,204 [INFO] Fetched (200) <GET https://www.galeries-bartoux.com/artistes/coni-roberta/roberta-coni-alice-120-x-120-cm-oil-and-acrylic-on-canvas/> (referer: https://www.google.com/)
2026-08-18 14:35:45,383 [INFO]       Image sauvee -> artistes/roberta-coni/alice-120x120cm.jpg
2026-08-18 14:35:45,383 [INFO]       OK ALICE | 120 x 120 cm
[2026-08-18 14:35:50] INFO: Fetched (200) <GET https://www.galeries-bartoux.com/artistes/coni-roberta/roberta-coni-emma-matilda-200-x-140-cm-oil-and-acrylic-and-gold-leaf-on-canvas/> (referer: https://www.google.com/)
2026-08-18 14:35:50,994 [INFO] Fetched (200) <GET https://www.galeries-bartoux.com/artistes/coni-roberta/roberta-coni-emma-matilda-200-x-140-cm-oil-and-acrylic-and-gold-leaf-on-canvas/> (referer: https://www.google.com/)
2026-08-18 14:35:54,158 [INFO]       Image sauvee -> artistes/roberta-coni/emma-matilda-200x140cm.jpg
2026-08-18 14:35:54,159 [INFO]       OK EMMA MATILDA | 200 x 140 cm
[2026-08-18 14:35:58] INFO: Fetched (200) <GET https://www.galeries-bartoux.com/artistes/coni-roberta/roberta-coni-proserpina-130-x-160-cm-oil-acrylic-and-gold-leaf-on-canvas/> (referer: https://www.google.com/)
2026-08-18 14:35:58,568 [INFO] Fetched (200) <GET https://www.galeries-bartoux.com/artistes/coni-roberta/roberta-coni-proserpina-130-x-160-cm-oil-acrylic-and-gold-leaf-on-canvas/> (referer: https://www.google.com/)
2026-08-18 14:36:01,747 [INFO]       Image sauvee -> artistes/roberta-coni/proserpina-160x130cm.jpg
2026-08-18 14:36:01,748 [INFO]       OK PROSERPINA | 160 x 130 cm
[2026-08-18 14:36:06] INFO: Fetched (200) <GET https://www.galeries-bartoux.com/artistes/coni-roberta/roberta-coni-proserpina-140-x-200-cm-oil-acrylic-and-gold-leaf-on-canvas/> (referer: https://www.google.com/)
2026-08-18 14:36:06,931 [INFO] Fetched (200) <GET https://www.galeries-bartoux.com/artistes/coni-roberta/roberta-coni-proserpina-140-x-200-cm-oil-acrylic-and-gold-leaf-on-canvas/> (referer: https://www.google.com/)
2026-08-18 14:36:10,106 [INFO]       Image sauvee -> artistes/roberta-coni/proserpina-140x200cm.jpg
2026-08-18 14:36:10,106 [INFO]       OK PROSERPINA | 140 x 200 cm
[2026-08-18 14:36:14] INFO: Fetched (200) <GET https://www.galeries-bartoux.com/artistes/coni-roberta/roberta-coni-proserpina-120-x-120-cm-oil-and-acrylic-on-canvas/> (referer: https://www.google.com/)
2026-08-18 14:36:14,623 [INFO] Fetched (200) <GET https://www.galeries-bartoux.com/artistes/coni-roberta/roberta-coni-proserpina-120-x-120-cm-oil-and-acrylic-on-canvas/> (referer: https://www.google.com/)
2026-08-18 14:36:17,810 [INFO]       Image sauvee -> artistes/roberta-coni/proserpina-120x120cm.jpg
2026-08-18 14:36:17,811 [INFO]       OK PROSERPINA | 120 x 120 cm
[2026-08-18 14:36:22] INFO: Fetched (200) <GET https://www.galeries-bartoux.com/artistes/coni-roberta/roberta-coni-proserpina-1/> (referer: https://www.google.com/)
2026-08-18 14:36:22,840 [INFO] Fetched (200) <GET https://www.galeries-bartoux.com/artistes/coni-roberta/roberta-coni-proserpina-1/> (referer: https://www.google.com/)
2026-08-18 14:36:26,044 [INFO]       Image sauvee -> artistes/roberta-coni/proserpina-160x130cm.jpg
2026-08-18 14:36:26,045 [INFO]       OK PROSERPINA | 160 x 130 cm
[2026-08-18 14:36:30] INFO: Fetched (200) <GET https://www.galeries-bartoux.com/artistes/coni-roberta/emma-matilda-with-geen-turban-100-x-140-cm-oil-and-acrylic-and-gold-leaf-on-canvas/> (referer: https://www.google.com/)
2026-08-18 14:36:30,477 [INFO] Fetched (200) <GET https://www.galeries-bartoux.com/artistes/coni-roberta/emma-matilda-with-geen-turban-100-x-140-cm-oil-and-acrylic-and-gold-leaf-on-canvas/> (referer: https://www.google.com/)
2026-08-18 14:36:33,675 [INFO]       Image sauvee -> artistes/roberta-coni/emma-matilda-with-geen-turban-140x100cm.jpg
2026-08-18 14:36:33,675 [INFO]       OK EMMA MATILDA WITH GEEN TURBAN | 140 x 100 cm
[2026-08-18 14:36:39] INFO: Fetched (200) <GET https://www.galeries-bartoux.com/artistes/coni-roberta/proserpina-130-x-160-cm-oil-and-acrylic-and-gold-leaf-on-canvas/> (referer: https://www.google.com/)
2026-08-18 14:36:39,342 [INFO] Fetched (200) <GET https://www.galeries-bartoux.com/artistes/coni-roberta/proserpina-130-x-160-cm-oil-and-acrylic-and-gold-leaf-on-canvas/> (referer: https://www.google.com/)
2026-08-18 14:36:42,531 [INFO]       Image sauvee -> artistes/roberta-coni/proserpina-160x130cm.jpg
2026-08-18 14:36:42,531 [INFO]       OK PROSERPINA | 160 x 130 cm
[2026-08-18 14:36:47] INFO: Fetched (200) <GET https://www.galeries-bartoux.com/artistes/coni-roberta/proserphina-130-x-160-cm/> (referer: https://www.google.com/)
2026-08-18 14:36:47,542 [INFO] Fetched (200) <GET https://www.galeries-bartoux.com/artistes/coni-roberta/proserphina-130-x-160-cm/> (referer: https://www.google.com/)
2026-08-18 14:36:50,696 [INFO]       Image sauvee -> artistes/roberta-coni/proserphina-130x160cm.jpg
2026-08-18 14:36:50,698 [INFO]       OK PROSERPHINA | 130 x 160 cm
[2026-08-18 14:36:55] INFO: Fetched (200) <GET https://www.galeries-bartoux.com/artistes/coni-roberta/emma-matilda-with-yellow-butterfly-120-x-120-cm-oil-and-acrylic-and-gold-leaf-on-canvas/> (referer: https://www.google.com/)
2026-08-18 14:36:55,163 [INFO] Fetched (200) <GET https://www.galeries-bartoux.com/artistes/coni-roberta/emma-matilda-with-yellow-butterfly-120-x-120-cm-oil-and-acrylic-and-gold-leaf-on-canvas/> (referer: https://www.google.com/)
2026-08-18 14:36:58,331 [INFO]       Image sauvee -> artistes/roberta-coni/emma-matilda-with-yellow-butterfly-120x120cm.jpg
2026-08-18 14:36:58,332 [INFO]       OK EMMA MATILDA WITH YELLOW BUTTERFLY | 120 x 120 cm
[2026-08-18 14:37:02] INFO: Fetched (200) <GET https://www.galeries-bartoux.com/artistes/coni-roberta/laura-primavera-250-x-250-cm/> (referer: https://www.google.com/)
2026-08-18 14:37:02,963 [INFO] Fetched (200) <GET https://www.galeries-bartoux.com/artistes/coni-roberta/laura-primavera-250-x-250-cm/> (referer: https://www.google.com/)
2026-08-18 14:37:06,140 [INFO]       Image sauvee -> artistes/roberta-coni/laura-primavera-250x250cm.jpg
2026-08-18 14:37:06,140 [INFO]       OK LAURA PRIMAVERA | 250 x 250 cm
[2026-08-18 14:37:11] INFO: Fetched (200) <GET https://www.galeries-bartoux.com/artistes/coni-roberta/emma-matilda-blue-butterfly/> (referer: https://www.google.com/)
2026-08-18 14:37:11,290 [INFO] Fetched (200) <GET https://www.galeries-bartoux.com/artistes/coni-roberta/emma-matilda-blue-butterfly/> (referer: https://www.google.com/)
2026-08-18 14:37:14,457 [INFO]       Image sauvee -> artistes/roberta-coni/emma-matilda-blue-butterfly-200x200cm.jpg
2026-08-18 14:37:14,457 [INFO]       OK EMMA MATILDA BLUE BUTTERFLY | 200 x 200 cm
[2026-08-18 14:37:18] INFO: Fetched (200) <GET https://www.galeries-bartoux.com/artistes/coni-roberta/virginia-140-x-200-cm-huile-et-acrylique-sur-toile/> (referer: https://www.google.com/)
2026-08-18 14:37:18,851 [INFO] Fetched (200) <GET https://www.galeries-bartoux.com/artistes/coni-roberta/virginia-140-x-200-cm-huile-et-acrylique-sur-toile/> (referer: https://www.google.com/)
2026-08-18 14:37:21,989 [INFO]       Image sauvee -> artistes/roberta-coni/virginia-140x200cm.jpg
2026-08-18 14:37:21,990 [INFO]       OK VIRGINIA | 140 x 200 cm
[2026-08-18 14:37:26] INFO: Fetched (200) <GET https://www.galeries-bartoux.com/artistes/coni-roberta/laura-160-x-120-cm/> (referer: https://www.google.com/)
2026-08-18 14:37:26,416 [INFO] Fetched (200) <GET https://www.galeries-bartoux.com/artistes/coni-roberta/laura-160-x-120-cm/> (referer: https://www.google.com/)
2026-08-18 14:37:29,590 [INFO]       Image sauvee -> artistes/roberta-coni/laura-160x120cm.jpg
2026-08-18 14:37:29,590 [INFO]       OK LAURA | 160 x 120 cm
[2026-08-18 14:37:34] INFO: Fetched (200) <GET https://www.galeries-bartoux.com/artistes/coni-roberta/primavera-250-x-250-cm/> (referer: https://www.google.com/)
2026-08-18 14:37:34,078 [INFO] Fetched (200) <GET https://www.galeries-bartoux.com/artistes/coni-roberta/primavera-250-x-250-cm/> (referer: https://www.google.com/)
2026-08-18 14:37:37,221 [INFO]       Image sauvee -> artistes/roberta-coni/primavera-250x250cm.jpg
2026-08-18 14:37:37,222 [INFO]       OK PRIMAVERA | 250 x 250 cm
[2026-08-18 14:37:42] INFO: Fetched (200) <GET https://www.galeries-bartoux.com/artistes/coni-roberta/virginia-ibiscus-200-x-140-cm-oil-and-acrylic-on-canvas/> (referer: https://www.google.com/)
2026-08-18 14:37:42,476 [INFO] Fetched (200) <GET https://www.galeries-bartoux.com/artistes/coni-roberta/virginia-ibiscus-200-x-140-cm-oil-and-acrylic-on-canvas/> (referer: https://www.google.com/)
2026-08-18 14:37:45,646 [INFO]       Image sauvee -> artistes/roberta-coni/virginia-ibiscus-200x140cm.jpg
2026-08-18 14:37:45,647 [INFO]       OK VIRGINIA IBISCUS | 200 x 140 cm
[2026-08-18 14:37:50] INFO: Fetched (200) <GET https://www.galeries-bartoux.com/artistes/coni-roberta/roberta-coni-agnus-dei-rc-274-200-x-300-m-huile-et-acrylique-sur-toile/> (referer: https://www.google.com/)
2026-08-18 14:37:50,985 [INFO] Fetched (200) <GET https://www.galeries-bartoux.com/artistes/coni-roberta/roberta-coni-agnus-dei-rc-274-200-x-300-m-huile-et-acrylique-sur-toile/> (referer: https://www.google.com/)
2026-08-18 14:37:54,152 [INFO]       Image sauvee -> artistes/roberta-coni/agnus-dei-200x300cm.jpg
2026-08-18 14:37:54,152 [INFO]       OK AGNUS DEI | 200 x 300 cm
[2026-08-18 14:37:59] INFO: Fetched (200) <GET https://www.galeries-bartoux.com/artistes/coni-roberta/proserpina-rc-259-130-x-160-cm-huile-et-acrylique-sur-toile/> (referer: https://www.google.com/)
2026-08-18 14:37:59,227 [INFO] Fetched (200) <GET https://www.galeries-bartoux.com/artistes/coni-roberta/proserpina-rc-259-130-x-160-cm-huile-et-acrylique-sur-toile/> (referer: https://www.google.com/)
2026-08-18 14:38:02,418 [INFO]       Image sauvee -> artistes/roberta-coni/proserpina-130x160cm.jpg
2026-08-18 14:38:02,418 [INFO]       OK PROSERPINA | 130 x 160 cm
2026-08-18 14:38:02,418 [INFO]   -> Artiste : SERGIO MARTINEZ [Peintre]
[2026-08-18 14:38:06] INFO: Fetched (200) <GET https://www.galeries-bartoux.com/artistes/martinez-sergio/> (referer: https://www.google.com/)
2026-08-18 14:38:06,894 [INFO] Fetched (200) <GET https://www.galeries-bartoux.com/artistes/martinez-sergio/> (referer: https://www.google.com/)
2026-08-18 14:38:10,574 [INFO]     Bio recuperee (900 caracteres)
2026-08-18 14:38:10,575 [INFO]     Oeuvres candidates : 7
[2026-08-18 14:38:15] INFO: Fetched (200) <GET https://www.galeries-bartoux.com/artistes/martinez-sergio/rider-225-x-200-cm-huile-sur-toile/> (referer: https://www.google.com/)
2026-08-18 14:38:15,602 [INFO] Fetched (200) <GET https://www.galeries-bartoux.com/artistes/martinez-sergio/rider-225-x-200-cm-huile-sur-toile/> (referer: https://www.google.com/)
2026-08-18 14:38:18,721 [INFO]       Image sauvee -> artistes/sergio-martinez/rider-200x225cm.jpg
2026-08-18 14:38:18,722 [INFO]       OK RIDER | 200 x 225 cm
[2026-08-18 14:38:22] INFO: Fetched (200) <GET https://www.galeries-bartoux.com/artistes/martinez-sergio/unicorn-i-155-x-250-cm-huile-sur-toile/> (referer: https://www.google.com/)
2026-08-18 14:38:22,720 [INFO] Fetched (200) <GET https://www.galeries-bartoux.com/artistes/martinez-sergio/unicorn-i-155-x-250-cm-huile-sur-toile/> (referer: https://www.google.com/)
2026-08-18 14:38:25,822 [INFO]       Image sauvee -> artistes/sergio-martinez/unicorn-i-250x155cm.jpg
2026-08-18 14:38:25,823 [INFO]       OK UNICORN I | 250 x 155 cm
[2026-08-18 14:38:30] INFO: Fetched (200) <GET https://www.galeries-bartoux.com/artistes/martinez-sergio/the-room-180-x-162-cm-huile-sur-toile/> (referer: https://www.google.com/)
2026-08-18 14:38:30,645 [INFO] Fetched (200) <GET https://www.galeries-bartoux.com/artistes/martinez-sergio/the-room-180-x-162-cm-huile-sur-toile/> (referer: https://www.google.com/)
2026-08-18 14:38:33,761 [INFO]       Image sauvee -> artistes/sergio-martinez/the-room-162x180cm.jpg
2026-08-18 14:38:33,761 [INFO]       OK THE ROOM | 162 x 180 cm
[2026-08-18 14:38:38] INFO: Fetched (200) <GET https://www.galeries-bartoux.com/artistes/martinez-sergio/bleu-200-x-200-cm/> (referer: https://www.google.com/)
2026-08-18 14:38:38,703 [INFO] Fetched (200) <GET https://www.galeries-bartoux.com/artistes/martinez-sergio/bleu-200-x-200-cm/> (referer: https://www.google.com/)
2026-08-18 14:38:41,866 [INFO]       Image sauvee -> artistes/sergio-martinez/bleu-200x200cm.jpg
2026-08-18 14:38:41,867 [INFO]       OK BLEU | 200 x 200 cm
[2026-08-18 14:38:46] INFO: Fetched (200) <GET https://www.galeries-bartoux.com/artistes/martinez-sergio/rose-200-x-200-cm-huile-sur-lin/> (referer: https://www.google.com/)
2026-08-18 14:38:46,091 [INFO] Fetched (200) <GET https://www.galeries-bartoux.com/artistes/martinez-sergio/rose-200-x-200-cm-huile-sur-lin/> (referer: https://www.google.com/)
2026-08-18 14:38:49,236 [INFO]       Image sauvee -> artistes/sergio-martinez/rose-200x200cm.jpg
2026-08-18 14:38:49,236 [INFO]       OK ROSE | 200 x 200 cm
[2026-08-18 14:38:53] INFO: Fetched (200) <GET https://www.galeries-bartoux.com/artistes/martinez-sergio/ruby/> (referer: https://www.google.com/)
2026-08-18 14:38:53,359 [INFO] Fetched (200) <GET https://www.galeries-bartoux.com/artistes/martinez-sergio/ruby/> (referer: https://www.google.com/)
2026-08-18 14:38:56,492 [INFO]       Image sauvee -> artistes/sergio-martinez/ruby-162x162cm.jpg
2026-08-18 14:38:56,493 [INFO]       OK RUBY | 162 x 162 cm
[2026-08-18 14:39:01] INFO: Fetched (200) <GET https://www.galeries-bartoux.com/artistes/martinez-sergio/order/> (referer: https://www.google.com/)
2026-08-18 14:39:01,436 [INFO] Fetched (200) <GET https://www.galeries-bartoux.com/artistes/martinez-sergio/order/> (referer: https://www.google.com/)
2026-08-18 14:39:04,595 [INFO]       Image sauvee -> artistes/sergio-martinez/order-81x73cm.jpg
2026-08-18 14:39:04,597 [INFO]       OK ORDER | 81 x 73 cm
2026-08-18 14:39:04,598 [INFO]   -> Artiste : ZHUANG HONG-YI [Peintre]
[2026-08-18 14:39:09] INFO: Fetched (200) <GET https://www.galeries-bartoux.com/artistes/zhuang-hong-yi/> (referer: https://www.google.com/)
2026-08-18 14:39:09,135 [INFO] Fetched (200) <GET https://www.galeries-bartoux.com/artistes/zhuang-hong-yi/> (referer: https://www.google.com/)
2026-08-18 14:39:12,847 [INFO]     Bio recuperee (1045 caracteres)
2026-08-18 14:39:12,852 [INFO]     Oeuvres candidates : 14
[2026-08-18 14:39:17] INFO: Fetched (200) <GET https://www.galeries-bartoux.com/artistes/zhuang-hong-yi/zhuang-zhy-b12655-x-150-x-120-cm-peinture-acrylique-et-papier-de-riz-montes-sur-toile/> (referer: https://www.google.com/)
2026-08-18 14:39:17,551 [INFO] Fetched (200) <GET https://www.galeries-bartoux.com/artistes/zhuang-hong-yi/zhuang-zhy-b12655-x-150-x-120-cm-peinture-acrylique-et-papier-de-riz-montes-sur-toile/> (referer: https://www.google.com/)
2026-08-18 14:39:20,730 [INFO]       Image sauvee -> artistes/zhuang-hong-yi/zhy-b12655-x-150x120cm.jpg
2026-08-18 14:39:20,730 [INFO]       OK ZHY-B12655-X | 150 x 120 cm
[2026-08-18 14:39:25] INFO: Fetched (200) <GET https://www.galeries-bartoux.com/artistes/zhuang-hong-yi/zhuang-zhy-b12685-x-120-x-150-cm-peinture-acrylique-et-papier-de-riz-montes-sur-toile/> (referer: https://www.google.com/)
2026-08-18 14:39:25,194 [INFO] Fetched (200) <GET https://www.galeries-bartoux.com/artistes/zhuang-hong-yi/zhuang-zhy-b12685-x-120-x-150-cm-peinture-acrylique-et-papier-de-riz-montes-sur-toile/> (referer: https://www.google.com/)
2026-08-18 14:39:28,385 [INFO]       Image sauvee -> artistes/zhuang-hong-yi/zhy-b12685-x-120x150cm.jpg
2026-08-18 14:39:28,385 [INFO]       OK ZHY-B12685-X | 120 x 150 cm
[2026-08-18 14:39:33] INFO: Fetched (200) <GET https://www.galeries-bartoux.com/artistes/zhuang-hong-yi/zhy-s62418-250-x-150-cm/> (referer: https://www.google.com/)
2026-08-18 14:39:33,994 [INFO] Fetched (200) <GET https://www.galeries-bartoux.com/artistes/zhuang-hong-yi/zhy-s62418-250-x-150-cm/> (referer: https://www.google.com/)
2026-08-18 14:39:37,176 [INFO]       Image sauvee -> artistes/zhuang-hong-yi/zhy-s62418-250x150cm.jpg
2026-08-18 14:39:37,177 [INFO]       OK ZHY-S62418 | 250 x 150 cm
[2026-08-18 14:39:41] INFO: Fetched (200) <GET https://www.galeries-bartoux.com/artistes/zhuang-hong-yi/zhuang-zhy-b12686-x-120-x-150-cm-peinture-acrylique-et-papier-de-riz-montes-sur-toile/> (referer: https://www.google.com/)
2026-08-18 14:39:41,398 [INFO] Fetched (200) <GET https://www.galeries-bartoux.com/artistes/zhuang-hong-yi/zhuang-zhy-b12686-x-120-x-150-cm-peinture-acrylique-et-papier-de-riz-montes-sur-toile/> (referer: https://www.google.com/)
2026-08-18 14:39:44,571 [INFO]       Image sauvee -> artistes/zhuang-hong-yi/zhy-b12686-x-120x150cm.jpg
2026-08-18 14:39:44,572 [INFO]       OK ZHY-B12686-X | 120 x 150 cm
[2026-08-18 14:39:49] INFO: Fetched (200) <GET https://www.galeries-bartoux.com/artistes/zhuang-hong-yi/zhy-b32594-185-x-185-cm-acrylic-paint-and-rice-paper-mounted-on-canvas/> (referer: https://www.google.com/)
2026-08-18 14:39:49,454 [INFO] Fetched (200) <GET https://www.galeries-bartoux.com/artistes/zhuang-hong-yi/zhy-b32594-185-x-185-cm-acrylic-paint-and-rice-paper-mounted-on-canvas/> (referer: https://www.google.com/)
2026-08-18 14:39:52,655 [INFO]       Image sauvee -> artistes/zhuang-hong-yi/zhy-b32594-185x185cm.jpg
2026-08-18 14:39:52,656 [INFO]       OK ZHY-B32594 | 185 x 185 cm
[2026-08-18 14:39:56] INFO: Fetched (200) <GET https://www.galeries-bartoux.com/artistes/zhuang-hong-yi/zhy-s62419-p-150-x-120-cm-acrylic-paint-and-rice-paper-mounted-on-canvas-2/> (referer: https://www.google.com/)
2026-08-18 14:39:56,995 [INFO] Fetched (200) <GET https://www.galeries-bartoux.com/artistes/zhuang-hong-yi/zhy-s62419-p-150-x-120-cm-acrylic-paint-and-rice-paper-mounted-on-canvas-2/> (referer: https://www.google.com/)
2026-08-18 14:40:00,192 [INFO]       Image sauvee -> artistes/zhuang-hong-yi/zhy-s62419-p-150x120cm.jpg
2026-08-18 14:40:00,192 [INFO]       OK ZHY-S62419-P | 150 x 120 cm
[2026-08-18 14:40:05] INFO: Fetched (200) <GET https://www.galeries-bartoux.com/artistes/zhuang-hong-yi/zhy-s02581-180-x-120-cm-acrylic-paint-and-rice-paper-mounted-on-canvas/> (referer: https://www.google.com/)
2026-08-18 14:40:05,509 [INFO] Fetched (200) <GET https://www.galeries-bartoux.com/artistes/zhuang-hong-yi/zhy-s02581-180-x-120-cm-acrylic-paint-and-rice-paper-mounted-on-canvas/> (referer: https://www.google.com/)
2026-08-18 14:40:08,707 [INFO]       Image sauvee -> artistes/zhuang-hong-yi/zhy-s02581-180x120cm.jpg
2026-08-18 14:40:08,707 [INFO]       OK ZHY-S02581 | 180 x 120 cm
[2026-08-18 14:40:13] INFO: Fetched (200) <GET https://www.galeries-bartoux.com/artistes/zhuang-hong-yi/zhy-s62420-120-x-210-cm/> (referer: https://www.google.com/)
2026-08-18 14:40:13,228 [INFO] Fetched (200) <GET https://www.galeries-bartoux.com/artistes/zhuang-hong-yi/zhy-s62420-120-x-210-cm/> (referer: https://www.google.com/)
2026-08-18 14:40:16,409 [INFO]       Image sauvee -> artistes/zhuang-hong-yi/zhy-s62420-120x210cm.jpg
2026-08-18 14:40:16,409 [INFO]       OK ZHY-S62420 | 120 x 210 cm
[2026-08-18 14:40:21] INFO: Fetched (200) <GET https://www.galeries-bartoux.com/artistes/zhuang-hong-yi/zhy-s82443/> (referer: https://www.google.com/)
2026-08-18 14:40:21,679 [INFO] Fetched (200) <GET https://www.galeries-bartoux.com/artistes/zhuang-hong-yi/zhy-s82443/> (referer: https://www.google.com/)
2026-08-18 14:40:24,860 [INFO]       Image sauvee -> artistes/zhuang-hong-yi/zhy-s82443-120x120cm.jpg
2026-08-18 14:40:24,861 [INFO]       OK ZHY-S82443 | 120 x 120 cm
[2026-08-18 14:40:29] INFO: Fetched (200) <GET https://www.galeries-bartoux.com/artistes/zhuang-hong-yi/zhy-b12518/> (referer: https://www.google.com/)
2026-08-18 14:40:29,450 [INFO] Fetched (200) <GET https://www.galeries-bartoux.com/artistes/zhuang-hong-yi/zhy-b12518/> (referer: https://www.google.com/)
2026-08-18 14:40:32,627 [INFO]       Image sauvee -> artistes/zhuang-hong-yi/zhy-b12518-120x120cm.jpg
2026-08-18 14:40:32,628 [INFO]       OK ZHY-B12518 | 120 x 120 cm
[2026-08-18 14:40:37] INFO: Fetched (200) <GET https://www.galeries-bartoux.com/artistes/zhuang-hong-yi/zhy-b12512/> (referer: https://www.google.com/)
2026-08-18 14:40:37,473 [INFO] Fetched (200) <GET https://www.galeries-bartoux.com/artistes/zhuang-hong-yi/zhy-b12512/> (referer: https://www.google.com/)
2026-08-18 14:40:40,661 [INFO]       Image sauvee -> artistes/zhuang-hong-yi/zhy-b12512-80x100cm.jpg
2026-08-18 14:40:40,662 [INFO]       OK ZHY-B12512 | 80 x 100 cm
[2026-08-18 14:40:45] INFO: Fetched (200) <GET https://www.galeries-bartoux.com/artistes/zhuang-hong-yi/zhy-b12510/> (referer: https://www.google.com/)
2026-08-18 14:40:45,942 [INFO] Fetched (200) <GET https://www.galeries-bartoux.com/artistes/zhuang-hong-yi/zhy-b12510/> (referer: https://www.google.com/)
2026-08-18 14:40:49,125 [INFO]       Image sauvee -> artistes/zhuang-hong-yi/zhy-b12510-90cm.jpg
2026-08-18 14:40:49,125 [INFO]       OK ZHY-B12510 | Diam. 90 cm
[2026-08-18 14:40:55] INFO: Fetched (200) <GET https://www.galeries-bartoux.com/artistes/zhuang-hong-yi/zhy-s02502/> (referer: https://www.google.com/)
2026-08-18 14:40:55,409 [INFO] Fetched (200) <GET https://www.galeries-bartoux.com/artistes/zhuang-hong-yi/zhy-s02502/> (referer: https://www.google.com/)
2026-08-18 14:40:58,590 [INFO]       Image sauvee -> artistes/zhuang-hong-yi/zhy-s02502-60x60cm.jpg
2026-08-18 14:40:58,591 [INFO]       OK ZHY-S02502 | 60 x 60 cm
[2026-08-18 14:41:02] INFO: Fetched (200) <GET https://www.galeries-bartoux.com/artistes/zhuang-hong-yi/zhy-b12517/> (referer: https://www.google.com/)
2026-08-18 14:41:02,921 [INFO] Fetched (200) <GET https://www.galeries-bartoux.com/artistes/zhuang-hong-yi/zhy-b12517/> (referer: https://www.google.com/)
2026-08-18 14:41:06,088 [INFO]       Image sauvee -> artistes/zhuang-hong-yi/zhy-b12517-130x260cm.jpg
2026-08-18 14:41:06,089 [INFO]       OK ZHY-B12517 | 130 x 260 cm
2026-08-18 14:41:06,089 [INFO]   -> Artiste : ANDREA ROGGI [Sculpteur]
[2026-08-18 14:41:10] INFO: Fetched (200) <GET https://www.galeries-bartoux.com/artistes/andrea-roggi/> (referer: https://www.google.com/)
2026-08-18 14:41:10,632 [INFO] Fetched (200) <GET https://www.galeries-bartoux.com/artistes/andrea-roggi/> (referer: https://www.google.com/)
2026-08-18 14:41:14,331 [INFO]     Bio recuperee (1594 caracteres)
2026-08-18 14:41:14,338 [INFO]     Oeuvres candidates : 10
[2026-08-18 14:41:18] INFO: Fetched (200) <GET https://www.galeries-bartoux.com/artistes/andrea-roggi/andrea-roggi-destinati-ad-amarsi-105-x-90-x-72-cm/> (referer: https://www.google.com/)
2026-08-18 14:41:18,820 [INFO] Fetched (200) <GET https://www.galeries-bartoux.com/artistes/andrea-roggi/andrea-roggi-destinati-ad-amarsi-105-x-90-x-72-cm/> (referer: https://www.google.com/)
2026-08-18 14:41:21,998 [INFO]       Image sauvee -> artistes/andrea-roggi/destinati-ad-amarsi-105x90x72cm.jpg
2026-08-18 14:41:21,999 [INFO]       OK DESTINATI AD AMARSI | 105 x 90 x 72 cm
[2026-08-18 14:41:26] INFO: Fetched (200) <GET https://www.galeries-bartoux.com/artistes/andrea-roggi/andrea-roggi-radici-di-luce-109-x-82-x-74-cm/> (referer: https://www.google.com/)
2026-08-18 14:41:26,986 [INFO] Fetched (200) <GET https://www.galeries-bartoux.com/artistes/andrea-roggi/andrea-roggi-radici-di-luce-109-x-82-x-74-cm/> (referer: https://www.google.com/)
2026-08-18 14:41:30,145 [INFO]       Image sauvee -> artistes/andrea-roggi/radici-di-luce-109x82x74cm.jpg
2026-08-18 14:41:30,145 [INFO]       OK RADICI DI LUCE | 109 x 82 x 74 cm
[2026-08-18 14:41:35] INFO: Fetched (200) <GET https://www.galeries-bartoux.com/artistes/andrea-roggi/andrea-roggi-un-legame-oltre-il-visibile-64-x-49-x-37-cm/> (referer: https://www.google.com/)
2026-08-18 14:41:35,149 [INFO] Fetched (200) <GET https://www.galeries-bartoux.com/artistes/andrea-roggi/andrea-roggi-un-legame-oltre-il-visibile-64-x-49-x-37-cm/> (referer: https://www.google.com/)
2026-08-18 14:41:38,372 [INFO]       Image sauvee -> artistes/andrea-roggi/un-legame-oltre-il-visibile-64x49x37cm.jpg
2026-08-18 14:41:38,372 [INFO]       OK UN LEGAME OLTRE IL VISIBILE | 64 x 49 x 37 cm
[2026-08-18 14:41:42] INFO: Fetched (200) <GET https://www.galeries-bartoux.com/artistes/andrea-roggi/andrea-roggi-dove-nasce-lamore-83-x-53-x-45-cm/> (referer: https://www.google.com/)
2026-08-18 14:41:42,661 [INFO] Fetched (200) <GET https://www.galeries-bartoux.com/artistes/andrea-roggi/andrea-roggi-dove-nasce-lamore-83-x-53-x-45-cm/> (referer: https://www.google.com/)
2026-08-18 14:41:45,827 [INFO]       Image sauvee -> artistes/andrea-roggi/dove-nasce-l-amore-83x53x45cm.jpg
2026-08-18 14:41:45,827 [INFO]       OK DOVE NASCE L’AMORE | 83 x 53 x 45 cm
[2026-08-18 14:41:51] INFO: Fetched (200) <GET https://www.galeries-bartoux.com/artistes/andrea-roggi/andrea-roggi-fiorire-insieme-70-x-52-x-50-cm/> (referer: https://www.google.com/)
2026-08-18 14:41:51,124 [INFO] Fetched (200) <GET https://www.galeries-bartoux.com/artistes/andrea-roggi/andrea-roggi-fiorire-insieme-70-x-52-x-50-cm/> (referer: https://www.google.com/)
2026-08-18 14:41:54,268 [INFO]       Image sauvee -> artistes/andrea-roggi/fiorire-insieme-70x52x50cm.jpg
2026-08-18 14:41:54,270 [INFO]       OK FIORIRE INSIEME | 70 x 52 x 50 cm
[2026-08-18 14:41:59] INFO: Fetched (200) <GET https://www.galeries-bartoux.com/artistes/andrea-roggi/andrea-roggi-potenza-creatrice-damore-145-x-90-x-90-cm/> (referer: https://www.google.com/)
2026-08-18 14:41:59,697 [INFO] Fetched (200) <GET https://www.galeries-bartoux.com/artistes/andrea-roggi/andrea-roggi-potenza-creatrice-damore-145-x-90-x-90-cm/> (referer: https://www.google.com/)
2026-08-18 14:42:02,844 [INFO]       Image sauvee -> artistes/andrea-roggi/potenza-creatrice-d-amore-145x90x90cm.jpg
2026-08-18 14:42:02,844 [INFO]       OK POTENZA CREATRICE D’AMORE | 145 x 90 x 90 cm
[2026-08-18 14:42:07] INFO: Fetched (200) <GET https://www.galeries-bartoux.com/artistes/andrea-roggi/andrea-roggi-eternita-di-un-bacio-67-x-47-x-40-cm/> (referer: https://www.google.com/)
2026-08-18 14:42:07,110 [INFO] Fetched (200) <GET https://www.galeries-bartoux.com/artistes/andrea-roggi/andrea-roggi-eternita-di-un-bacio-67-x-47-x-40-cm/> (referer: https://www.google.com/)
2026-08-18 14:42:10,254 [INFO]       Image sauvee -> artistes/andrea-roggi/eternita-di-un-bacio-67x47x40cm.jpg
2026-08-18 14:42:10,255 [INFO]       OK ETERNITA DI UN BACIO | 67 x 47 x 40 cm
[2026-08-18 14:42:15] INFO: Fetched (200) <GET https://www.galeries-bartoux.com/artistes/andrea-roggi/andrea-roggi-danza-di-luce-tra-le-tue-braccia-95-x-60-x-54-cm/> (referer: https://www.google.com/)
2026-08-18 14:42:15,225 [INFO] Fetched (200) <GET https://www.galeries-bartoux.com/artistes/andrea-roggi/andrea-roggi-danza-di-luce-tra-le-tue-braccia-95-x-60-x-54-cm/> (referer: https://www.google.com/)
2026-08-18 14:42:18,399 [INFO]       Image sauvee -> artistes/andrea-roggi/danza-di-luce-tra-le-tue-braccia-95x60x54cm.jpg
2026-08-18 14:42:18,399 [INFO]       OK DANZA DI LUCE TRA LE TUE BRACCIA | 95 x 60 x 54 cm
[2026-08-18 14:42:22] INFO: Fetched (200) <GET https://www.galeries-bartoux.com/artistes/andrea-roggi/andrea-roggi-la-nascita-dellamore-64-x-50-x-40-cm/> (referer: https://www.google.com/)
2026-08-18 14:42:22,676 [INFO] Fetched (200) <GET https://www.galeries-bartoux.com/artistes/andrea-roggi/andrea-roggi-la-nascita-dellamore-64-x-50-x-40-cm/> (referer: https://www.google.com/)
2026-08-18 14:42:25,812 [INFO]       Image sauvee -> artistes/andrea-roggi/la-nascita-dell-amore-64x50x40cm.jpg
2026-08-18 14:42:25,813 [INFO]       OK LA NASCITA DELL’AMORE | 64 x 50 x 40 cm
[2026-08-18 14:42:30] INFO: Fetched (200) <GET https://www.galeries-bartoux.com/artistes/andrea-roggi/andrea-roggi-il-giardino-degli-amori-66-x-45-x-37-cm/> (referer: https://www.google.com/)
2026-08-18 14:42:30,666 [INFO] Fetched (200) <GET https://www.galeries-bartoux.com/artistes/andrea-roggi/andrea-roggi-il-giardino-degli-amori-66-x-45-x-37-cm/> (referer: https://www.google.com/)
2026-08-18 14:42:33,818 [INFO]       Image sauvee -> artistes/andrea-roggi/il-giardino-degli-amori-66x45x37cm.jpg
2026-08-18 14:42:33,818 [INFO]       OK IL GIARDINO DEGLI AMORI | 66 x 45 x 37 cm
2026-08-18 14:42:33,818 [INFO]   -> Artiste : ANTHONY THEAKSTON [Sculpteur]
[2026-08-18 14:42:38] INFO: Fetched (200) <GET https://www.galeries-bartoux.com/artistes/anthony-theakson/> (referer: https://www.google.com/)
2026-08-18 14:42:38,827 [INFO] Fetched (200) <GET https://www.galeries-bartoux.com/artistes/anthony-theakson/> (referer: https://www.google.com/)
2026-08-18 14:42:42,515 [INFO]     Bio recuperee (1415 caracteres)
2026-08-18 14:42:42,523 [INFO]     Oeuvres candidates : 14
[2026-08-18 14:42:47] INFO: Fetched (200) <GET https://www.galeries-bartoux.com/artistes/anthony-theakson/anthony-theakston-stalking-heron-26-x-36-cm-bronze/> (referer: https://www.google.com/)
2026-08-18 14:42:47,717 [INFO] Fetched (200) <GET https://www.galeries-bartoux.com/artistes/anthony-theakson/anthony-theakston-stalking-heron-26-x-36-cm-bronze/> (referer: https://www.google.com/)
2026-08-18 14:42:50,886 [INFO]       Image sauvee -> artistes/anthony-theakston/stalking-heron-26x36cm.jpg
2026-08-18 14:42:50,887 [INFO]       OK STALKING HERON | 26 x 36 cm
[2026-08-18 14:42:55] INFO: Fetched (200) <GET https://www.galeries-bartoux.com/artistes/anthony-theakson/anthony-theakston-spirit-owl-42-x-13-cm-bronze/> (referer: https://www.google.com/)
2026-08-18 14:42:55,187 [INFO] Fetched (200) <GET https://www.galeries-bartoux.com/artistes/anthony-theakson/anthony-theakston-spirit-owl-42-x-13-cm-bronze/> (referer: https://www.google.com/)
2026-08-18 14:42:58,351 [INFO]       Image sauvee -> artistes/anthony-theakston/spirit-owl-42x13cm.jpg
2026-08-18 14:42:58,351 [INFO]       OK SPIRIT OWL | 42 x 13 cm
[2026-08-18 14:43:03] INFO: Fetched (200) <GET https://www.galeries-bartoux.com/artistes/anthony-theakson/anthony-theakston-3/> (referer: https://www.google.com/)
2026-08-18 14:43:03,014 [INFO] Fetched (200) <GET https://www.galeries-bartoux.com/artistes/anthony-theakson/anthony-theakston-3/> (referer: https://www.google.com/)
2026-08-18 14:43:06,183 [INFO]       Image sauvee -> artistes/anthony-theakston/rise-35x13cm.jpg
2026-08-18 14:43:06,184 [INFO]       OK RISE | 35 x 13 cm
[2026-08-18 14:43:10] INFO: Fetched (200) <GET https://www.galeries-bartoux.com/artistes/anthony-theakson/anthony-theakston-4/> (referer: https://www.google.com/)
2026-08-18 14:43:10,570 [INFO] Fetched (200) <GET https://www.galeries-bartoux.com/artistes/anthony-theakson/anthony-theakston-4/> (referer: https://www.google.com/)
2026-08-18 14:43:13,730 [INFO]       Image sauvee -> artistes/anthony-theakston/tall-hunched-heron-42x24cm.jpg
2026-08-18 14:43:13,731 [INFO]       OK TALL HUNCHED HERON | 42 x 24 cm
[2026-08-18 14:43:18] INFO: Fetched (200) <GET https://www.galeries-bartoux.com/artistes/anthony-theakson/anthony-theakston-20-20-27-x-8-cm-bronze/> (referer: https://www.google.com/)
2026-08-18 14:43:18,182 [INFO] Fetched (200) <GET https://www.galeries-bartoux.com/artistes/anthony-theakson/anthony-theakston-20-20-27-x-8-cm-bronze/> (referer: https://www.google.com/)
2026-08-18 14:43:21,330 [INFO]       Image sauvee -> artistes/anthony-theakston/20-20-27x8cm.jpg
2026-08-18 14:43:21,332 [INFO]       OK 20-20 | 27 x 8 cm
[2026-08-18 14:43:25] INFO: Fetched (200) <GET https://www.galeries-bartoux.com/artistes/anthony-theakson/turnaround-large-on-floor-standing-pedestal-h-174-cm-bronze/> (referer: https://www.google.com/)
2026-08-18 14:43:25,734 [INFO] Fetched (200) <GET https://www.galeries-bartoux.com/artistes/anthony-theakson/turnaround-large-on-floor-standing-pedestal-h-174-cm-bronze/> (referer: https://www.google.com/)
2026-08-18 14:43:28,901 [INFO]       Image sauvee -> artistes/anthony-theakston/turn-around-174cm.jpg
2026-08-18 14:43:28,902 [INFO]       OK TURN AROUND | H. 174 cm
[2026-08-18 14:43:34] INFO: Fetched (200) <GET https://www.galeries-bartoux.com/artistes/anthony-theakson/bastion-4/> (referer: https://www.google.com/)
2026-08-18 14:43:34,663 [INFO] Fetched (200) <GET https://www.galeries-bartoux.com/artistes/anthony-theakson/bastion-4/> (referer: https://www.google.com/)
2026-08-18 14:43:37,834 [INFO]       Image sauvee -> artistes/anthony-theakston/bastion-4-27cm.jpg
2026-08-18 14:43:37,834 [INFO]       OK BASTION 4 | H. 27 cm
[2026-08-18 14:43:42] INFO: Fetched (200) <GET https://www.galeries-bartoux.com/artistes/anthony-theakson/kingfisher-h-31-cm-2/> (referer: https://www.google.com/)
2026-08-18 14:43:42,430 [INFO] Fetched (200) <GET https://www.galeries-bartoux.com/artistes/anthony-theakson/kingfisher-h-31-cm-2/> (referer: https://www.google.com/)
2026-08-18 14:43:45,596 [INFO]       Image sauvee -> artistes/anthony-theakston/kingfisher-31cm.jpg
2026-08-18 14:43:45,597 [INFO]       OK KINGFISHER | H. 31 cm
[2026-08-18 14:43:51] INFO: Fetched (200) <GET https://www.galeries-bartoux.com/artistes/anthony-theakson/bittern-large-h-43-cm-bronze/> (referer: https://www.google.com/)
2026-08-18 14:43:51,606 [INFO] Fetched (200) <GET https://www.galeries-bartoux.com/artistes/anthony-theakson/bittern-large-h-43-cm-bronze/> (referer: https://www.google.com/)
2026-08-18 14:43:54,790 [INFO]       Image sauvee -> artistes/anthony-theakston/bittern-43cm.jpg
2026-08-18 14:43:54,790 [INFO]       OK BITTERN | H. 43 cm
[2026-08-18 14:43:59] INFO: Fetched (200) <GET https://www.galeries-bartoux.com/artistes/anthony-theakson/bastion-2-h-73-cm-2/> (referer: https://www.google.com/)
2026-08-18 14:43:59,194 [INFO] Fetched (200) <GET https://www.galeries-bartoux.com/artistes/anthony-theakson/bastion-2-h-73-cm-2/> (referer: https://www.google.com/)
2026-08-18 14:44:02,392 [INFO]       Image sauvee -> artistes/anthony-theakston/bastion-1-73cm.jpg
2026-08-18 14:44:02,393 [INFO]       OK BASTION 1 | H. 73 cm
[2026-08-18 14:44:07] INFO: Fetched (200) <GET https://www.galeries-bartoux.com/artistes/anthony-theakson/theakston-2/> (referer: https://www.google.com/)
2026-08-18 14:44:07,455 [INFO] Fetched (200) <GET https://www.galeries-bartoux.com/artistes/anthony-theakson/theakston-2/> (referer: https://www.google.com/)
2026-08-18 14:44:10,617 [INFO]       Image sauvee -> artistes/anthony-theakston/sideways-27cm.jpg
2026-08-18 14:44:10,618 [INFO]       OK SIDEWAYS | H. 27 cm
[2026-08-18 14:44:15] INFO: Fetched (200) <GET https://www.galeries-bartoux.com/artistes/anthony-theakson/bastion-3/> (referer: https://www.google.com/)
2026-08-18 14:44:15,010 [INFO] Fetched (200) <GET https://www.galeries-bartoux.com/artistes/anthony-theakson/bastion-3/> (referer: https://www.google.com/)
2026-08-18 14:44:18,174 [INFO]       Image sauvee -> artistes/anthony-theakston/bastion-3-43cm.jpg
2026-08-18 14:44:18,175 [INFO]       OK BASTION 3 | H. 43 cm
[2026-08-18 14:44:22] INFO: Fetched (200) <GET https://www.galeries-bartoux.com/artistes/anthony-theakson/bastion-2/> (referer: https://www.google.com/)
2026-08-18 14:44:22,728 [INFO] Fetched (200) <GET https://www.galeries-bartoux.com/artistes/anthony-theakson/bastion-2/> (referer: https://www.google.com/)
2026-08-18 14:44:25,881 [INFO]       Image sauvee -> artistes/anthony-theakston/bastion-2-62cm.jpg
2026-08-18 14:44:25,882 [INFO]       OK BASTION 2 | H. 62 cm
[2026-08-18 14:44:30] INFO: Fetched (200) <GET https://www.galeries-bartoux.com/artistes/anthony-theakson/winged-sideways-large-h-65-cm-bronze/> (referer: https://www.google.com/)
2026-08-18 14:44:30,135 [INFO] Fetched (200) <GET https://www.galeries-bartoux.com/artistes/anthony-theakson/winged-sideways-large-h-65-cm-bronze/> (referer: https://www.google.com/)
2026-08-18 14:44:33,306 [INFO]       Image sauvee -> artistes/anthony-theakston/winged-sideways-65cm.jpg
2026-08-18 14:44:33,308 [INFO]       OK WINGED SIDEWAYS | H. 65 cm
2026-08-18 14:44:33,308 [INFO]   -> Artiste : BRUNO CATALANO [Sculpteur]
[2026-08-18 14:44:38] INFO: Fetched (200) <GET https://www.galeries-bartoux.com/artistes/bruno-catalano/> (referer: https://www.google.com/)
2026-08-18 14:44:38,413 [INFO] Fetched (200) <GET https://www.galeries-bartoux.com/artistes/bruno-catalano/> (referer: https://www.google.com/)
2026-08-18 14:44:42,124 [INFO]     Bio recuperee (914 caracteres)
2026-08-18 14:44:42,133 [INFO]     Oeuvres candidates : 33
[2026-08-18 14:44:46] INFO: Fetched (200) <GET https://www.galeries-bartoux.com/artistes/bruno-catalano/bruno-catalano-sarah-h-48-cm-bronze/> (referer: https://www.google.com/)
2026-08-18 14:44:46,751 [INFO] Fetched (200) <GET https://www.galeries-bartoux.com/artistes/bruno-catalano/bruno-catalano-sarah-h-48-cm-bronze/> (referer: https://www.google.com/)
2026-08-18 14:44:49,890 [INFO]       Image sauvee -> artistes/bruno-catalano/sarah-48cm.jpg
2026-08-18 14:44:49,891 [INFO]       OK SARAH | H. 48 cm
[2026-08-18 14:44:55] INFO: Fetched (200) <GET https://www.galeries-bartoux.com/artistes/bruno-catalano/bruno-catalano-guenael-h-100-cm-bronze/> (referer: https://www.google.com/)
2026-08-18 14:44:55,076 [INFO] Fetched (200) <GET https://www.galeries-bartoux.com/artistes/bruno-catalano/bruno-catalano-guenael-h-100-cm-bronze/> (referer: https://www.google.com/)
2026-08-18 14:44:58,240 [INFO]       Image sauvee -> artistes/bruno-catalano/guenael-100cm.jpg
2026-08-18 14:44:58,241 [INFO]       OK GUENAEL | H. 100 cm
[2026-08-18 14:45:02] INFO: Fetched (200) <GET https://www.galeries-bartoux.com/artistes/bruno-catalano/bruno-catalano-sarah-h-100-cm-bronze-patine-brune/> (referer: https://www.google.com/)
2026-08-18 14:45:02,751 [INFO] Fetched (200) <GET https://www.galeries-bartoux.com/artistes/bruno-catalano/bruno-catalano-sarah-h-100-cm-bronze-patine-brune/> (referer: https://www.google.com/)
2026-08-18 14:45:05,901 [INFO]       Image sauvee -> artistes/bruno-catalano/sarah-100cm.jpg
2026-08-18 14:45:05,901 [INFO]       OK SARAH | H. 100 cm
[2026-08-18 14:45:11] INFO: Fetched (200) <GET https://www.galeries-bartoux.com/artistes/bruno-catalano/bruno-catalano-sarah-h-100-cm-bronze/> (referer: https://www.google.com/)
2026-08-18 14:45:11,129 [INFO] Fetched (200) <GET https://www.galeries-bartoux.com/artistes/bruno-catalano/bruno-catalano-sarah-h-100-cm-bronze/> (referer: https://www.google.com/)
2026-08-18 14:45:14,279 [INFO]       Image sauvee -> artistes/bruno-catalano/sarah-100cm.jpg
2026-08-18 14:45:14,281 [INFO]       OK SARAH | H. 100 cm
[2026-08-18 14:45:18] INFO: Fetched (200) <GET https://www.galeries-bartoux.com/artistes/bruno-catalano/bruno-catalano-cristian-h-100-cm-bronze-2-2/> (referer: https://www.google.com/)
2026-08-18 14:45:18,539 [INFO] Fetched (200) <GET https://www.galeries-bartoux.com/artistes/bruno-catalano/bruno-catalano-cristian-h-100-cm-bronze-2-2/> (referer: https://www.google.com/)
2026-08-18 14:45:21,683 [INFO]       Image sauvee -> artistes/bruno-catalano/cristian-100cm.jpg
2026-08-18 14:45:21,683 [INFO]       OK CRISTIAN | H. 100 cm
[2026-08-18 14:45:26] INFO: Fetched (200) <GET https://www.galeries-bartoux.com/artistes/bruno-catalano/bruno-catalano-le-septieme-jour-100-x-55-cm-bronze/> (referer: https://www.google.com/)
2026-08-18 14:45:26,139 [INFO] Fetched (200) <GET https://www.galeries-bartoux.com/artistes/bruno-catalano/bruno-catalano-le-septieme-jour-100-x-55-cm-bronze/> (referer: https://www.google.com/)
2026-08-18 14:45:29,286 [INFO]       Image sauvee -> artistes/bruno-catalano/le-septie-me-jour-100x55cm.jpg
2026-08-18 14:45:29,287 [INFO]       OK LE SEPTIÈME JOUR | 100 x 55 cm
[2026-08-18 14:45:33] INFO: Fetched (200) <GET https://www.galeries-bartoux.com/artistes/bruno-catalano/bruno-catalano-sarah-iii-60-cm-bronze/> (referer: https://www.google.com/)
2026-08-18 14:45:33,648 [INFO] Fetched (200) <GET https://www.galeries-bartoux.com/artistes/bruno-catalano/bruno-catalano-sarah-iii-60-cm-bronze/> (referer: https://www.google.com/)
2026-08-18 14:45:36,809 [INFO]       Image sauvee -> artistes/bruno-catalano/sarah-iii-60cm.jpg
2026-08-18 14:45:36,810 [INFO]       OK SARAH III | H. 60 cm
[2026-08-18 14:45:42] INFO: Fetched (200) <GET https://www.galeries-bartoux.com/artistes/bruno-catalano/raphael-h-140-cm/> (referer: https://www.google.com/)
2026-08-18 14:45:42,440 [INFO] Fetched (200) <GET https://www.galeries-bartoux.com/artistes/bruno-catalano/raphael-h-140-cm/> (referer: https://www.google.com/)
2026-08-18 14:45:45,637 [INFO]       Image sauvee -> artistes/bruno-catalano/raphae-l-140cm.jpg
2026-08-18 14:45:45,639 [INFO]       OK RAPHAËL | H. 140 cm
[2026-08-18 14:45:51] INFO: Fetched (200) <GET https://www.galeries-bartoux.com/artistes/bruno-catalano/bruno-catalano-laviateur-h-60-cm-bronze/> (referer: https://www.google.com/)
2026-08-18 14:45:51,079 [INFO] Fetched (200) <GET https://www.galeries-bartoux.com/artistes/bruno-catalano/bruno-catalano-laviateur-h-60-cm-bronze/> (referer: https://www.google.com/)
2026-08-18 14:45:54,255 [INFO]       Image sauvee -> artistes/bruno-catalano/l-aviateur-60cm.jpg
2026-08-18 14:45:54,255 [INFO]       OK L’AVIATEUR | H. 60 cm
[2026-08-18 14:45:58] INFO: Fetched (200) <GET https://www.galeries-bartoux.com/artistes/bruno-catalano/hubert-au-bandeau-2-2/> (referer: https://www.google.com/)
2026-08-18 14:45:58,711 [INFO] Fetched (200) <GET https://www.galeries-bartoux.com/artistes/bruno-catalano/hubert-au-bandeau-2-2/> (referer: https://www.google.com/)
2026-08-18 14:46:01,868 [INFO]       Image sauvee -> artistes/bruno-catalano/hubert-au-bandeau-100cm.jpg
2026-08-18 14:46:01,869 [INFO]       OK HUBERT AU BANDEAU | H. 100 cm
[2026-08-18 14:46:06] INFO: Fetched (200) <GET https://www.galeries-bartoux.com/artistes/bruno-catalano/benoit-poli-or-h-60-cm-bronze/> (referer: https://www.google.com/)
2026-08-18 14:46:06,245 [INFO] Fetched (200) <GET https://www.galeries-bartoux.com/artistes/bruno-catalano/benoit-poli-or-h-60-cm-bronze/> (referer: https://www.google.com/)
2026-08-18 14:46:09,377 [INFO]       Image sauvee -> artistes/bruno-catalano/benoit-poli-or-60cm.jpg
2026-08-18 14:46:09,379 [INFO]       OK BENOIT POLI OR | H. 60 cm
[2026-08-18 14:46:14] INFO: Fetched (200) <GET https://www.galeries-bartoux.com/artistes/bruno-catalano/duo-margaux-et-timothy-h-55-cm-bronze/> (referer: https://www.google.com/)
2026-08-18 14:46:14,520 [INFO] Fetched (200) <GET https://www.galeries-bartoux.com/artistes/bruno-catalano/duo-margaux-et-timothy-h-55-cm-bronze/> (referer: https://www.google.com/)
2026-08-18 14:46:17,664 [INFO]       Image sauvee -> artistes/bruno-catalano/duo-margaux-et-timothy-55cm.jpg
2026-08-18 14:46:17,665 [INFO]       OK DUO MARGAUX ET TIMOTHY | H. 55 cm
[2026-08-18 14:46:22] INFO: Fetched (200) <GET https://www.galeries-bartoux.com/artistes/bruno-catalano/lucas-2/> (referer: https://www.google.com/)
2026-08-18 14:46:22,231 [INFO] Fetched (200) <GET https://www.galeries-bartoux.com/artistes/bruno-catalano/lucas-2/> (referer: https://www.google.com/)
2026-08-18 14:46:25,363 [INFO]       Image sauvee -> artistes/bruno-catalano/lucas-60cm.jpg
2026-08-18 14:46:25,364 [INFO]       OK LUCAS | H. 60 cm
[2026-08-18 14:46:30] INFO: Fetched (200) <GET https://www.galeries-bartoux.com/artistes/bruno-catalano/marcello-43-cm/> (referer: https://www.google.com/)
2026-08-18 14:46:30,461 [INFO] Fetched (200) <GET https://www.galeries-bartoux.com/artistes/bruno-catalano/marcello-43-cm/> (referer: https://www.google.com/)
2026-08-18 14:46:33,597 [INFO]       Image sauvee -> artistes/bruno-catalano/marcello-43cm.jpg
2026-08-18 14:46:33,598 [INFO]       OK MARCELLO | H. 43 cm
[2026-08-18 14:46:38] INFO: Fetched (200) <GET https://www.galeries-bartoux.com/artistes/bruno-catalano/le-depart-62-cm/> (referer: https://www.google.com/)
2026-08-18 14:46:38,199 [INFO] Fetched (200) <GET https://www.galeries-bartoux.com/artistes/bruno-catalano/le-depart-62-cm/> (referer: https://www.google.com/)
2026-08-18 14:46:41,393 [INFO]       Image sauvee -> artistes/bruno-catalano/le-depart-62cm.jpg
2026-08-18 14:46:41,394 [INFO]       OK LE DEPART | H. 62 cm
[2026-08-18 14:46:46] INFO: Fetched (200) <GET https://www.galeries-bartoux.com/artistes/bruno-catalano/le-vent-nous-portera-685-cm/> (referer: https://www.google.com/)
2026-08-18 14:46:46,377 [INFO] Fetched (200) <GET https://www.galeries-bartoux.com/artistes/bruno-catalano/le-vent-nous-portera-685-cm/> (referer: https://www.google.com/)
2026-08-18 14:46:49,545 [INFO]       Image sauvee -> artistes/bruno-catalano/le-vent-nous-portera-68x5cm.jpg
2026-08-18 14:46:49,546 [INFO]       OK LE VENT NOUS PORTERA | H. 68,5 cm
[2026-08-18 14:46:55] INFO: Fetched (200) <GET https://www.galeries-bartoux.com/artistes/bruno-catalano/lauralou-103-x-42-x-36-cm-bronze/> (referer: https://www.google.com/)
2026-08-18 14:46:55,007 [INFO] Fetched (200) <GET https://www.galeries-bartoux.com/artistes/bruno-catalano/lauralou-103-x-42-x-36-cm-bronze/> (referer: https://www.google.com/)
2026-08-18 14:46:58,148 [INFO]       Image sauvee -> artistes/bruno-catalano/lauralou-103x42x36cm.jpg
2026-08-18 14:46:58,148 [INFO]       OK LAURALOU | 103 x 42 x 36 cm
[2026-08-18 14:47:02] INFO: Fetched (200) <GET https://www.galeries-bartoux.com/artistes/bruno-catalano/bruno-catalano-johnny-h-180-cm-bronze/> (referer: https://www.google.com/)
2026-08-18 14:47:02,885 [INFO] Fetched (200) <GET https://www.galeries-bartoux.com/artistes/bruno-catalano/bruno-catalano-johnny-h-180-cm-bronze/> (referer: https://www.google.com/)
2026-08-18 14:47:06,039 [INFO]       Image sauvee -> artistes/bruno-catalano/johnny-180cm.jpg
2026-08-18 14:47:06,040 [INFO]       OK JOHNNY | H. 180 cm
[2026-08-18 14:47:10] INFO: Fetched (200) <GET https://www.galeries-bartoux.com/artistes/bruno-catalano/claudio-100-x-42-x-35-cm-bronze/> (referer: https://www.google.com/)
2026-08-18 14:47:10,363 [INFO] Fetched (200) <GET https://www.galeries-bartoux.com/artistes/bruno-catalano/claudio-100-x-42-x-35-cm-bronze/> (referer: https://www.google.com/)
2026-08-18 14:47:13,511 [INFO]       Image sauvee -> artistes/bruno-catalano/le-musicien-100x42x35cm.jpg
2026-08-18 14:47:13,512 [INFO]       OK LE MUSICIEN | 100 x 42 x 35 cm
[2026-08-18 14:47:18] INFO: Fetched (200) <GET https://www.galeries-bartoux.com/artistes/bruno-catalano/mathilde-102-x-44-x-34-cm/> (referer: https://www.google.com/)
2026-08-18 14:47:18,505 [INFO] Fetched (200) <GET https://www.galeries-bartoux.com/artistes/bruno-catalano/mathilde-102-x-44-x-34-cm/> (referer: https://www.google.com/)
2026-08-18 14:47:21,671 [INFO]       Image sauvee -> artistes/bruno-catalano/mathilde-102x44x34cm.jpg
2026-08-18 14:47:21,672 [INFO]       OK MATHILDE | 102 x 44 x 34 cm
[2026-08-18 14:47:25] INFO: Fetched (200) <GET https://www.galeries-bartoux.com/artistes/bruno-catalano/duo-nouvelle-marchandise-58-x-44-x-25-cm/> (referer: https://www.google.com/)
2026-08-18 14:47:25,944 [INFO] Fetched (200) <GET https://www.galeries-bartoux.com/artistes/bruno-catalano/duo-nouvelle-marchandise-58-x-44-x-25-cm/> (referer: https://www.google.com/)
2026-08-18 14:47:29,122 [INFO]       Image sauvee -> artistes/bruno-catalano/duo-nouvelle-marchandise-58x44x25cm.jpg
2026-08-18 14:47:29,124 [INFO]       OK DUO NOUVELLE MARCHANDISE | 58 x 44 x 25 cm
[2026-08-18 14:47:34] INFO: Fetched (200) <GET https://www.galeries-bartoux.com/artistes/bruno-catalano/le-tour-du-monde-en-80-jours/> (referer: https://www.google.com/)
2026-08-18 14:47:34,698 [INFO] Fetched (200) <GET https://www.galeries-bartoux.com/artistes/bruno-catalano/le-tour-du-monde-en-80-jours/> (referer: https://www.google.com/)
2026-08-18 14:47:37,817 [INFO]       Image sauvee -> artistes/bruno-catalano/le-tour-du-monde-en-80-jours-60cm.jpg
2026-08-18 14:47:37,818 [INFO]       OK LE TOUR DU MONDE EN 80 JOURS | H.60 cm
[2026-08-18 14:47:42] INFO: Fetched (200) <GET https://www.galeries-bartoux.com/artistes/bruno-catalano/nicko-190-cm-bruno-catalano/> (referer: https://www.google.com/)
2026-08-18 14:47:42,228 [INFO] Fetched (200) <GET https://www.galeries-bartoux.com/artistes/bruno-catalano/nicko-190-cm-bruno-catalano/> (referer: https://www.google.com/)
2026-08-18 14:47:45,378 [INFO]       Image sauvee -> artistes/bruno-catalano/nicko-190cm.jpg
2026-08-18 14:47:45,378 [INFO]       OK NICKO | H. 190cm - Oeuvre Monumentale
[2026-08-18 14:47:51] INFO: Fetched (200) <GET https://www.galeries-bartoux.com/artistes/bruno-catalano/un-homme-_-une-femme-bruno-catalano/> (referer: https://www.google.com/)
2026-08-18 14:47:51,337 [INFO] Fetched (200) <GET https://www.galeries-bartoux.com/artistes/bruno-catalano/un-homme-_-une-femme-bruno-catalano/> (referer: https://www.google.com/)
2026-08-18 14:47:54,518 [INFO]       Image sauvee -> artistes/bruno-catalano/un-homme-et-une-femme-194cm.jpg
2026-08-18 14:47:54,519 [INFO]       OK UN HOMME ET UNE FEMME | H. 194cm - Oeuvre Monumentale
[2026-08-18 14:47:58] INFO: Fetched (200) <GET https://www.galeries-bartoux.com/artistes/bruno-catalano/sarah-100-cm-bruno-catalano/> (referer: https://www.google.com/)
2026-08-18 14:47:58,902 [INFO] Fetched (200) <GET https://www.galeries-bartoux.com/artistes/bruno-catalano/sarah-100-cm-bruno-catalano/> (referer: https://www.google.com/)
2026-08-18 14:48:02,032 [INFO]       Image sauvee -> artistes/bruno-catalano/sarah-100cm.jpg
2026-08-18 14:48:02,032 [INFO]       OK SARAH | H. 100cm
[2026-08-18 14:48:06] INFO: Fetched (200) <GET https://www.galeries-bartoux.com/artistes/bruno-catalano/le-navigateur-138m/> (referer: https://www.google.com/)
2026-08-18 14:48:06,321 [INFO] Fetched (200) <GET https://www.galeries-bartoux.com/artistes/bruno-catalano/le-navigateur-138m/> (referer: https://www.google.com/)
2026-08-18 14:48:09,557 [INFO]       Image sauvee -> artistes/bruno-catalano/le-navigateur-138cm.jpg
2026-08-18 14:48:09,559 [INFO]       OK LE NAVIGATEUR | 138cm - Oeuvre Monumentale
[2026-08-18 14:48:13] INFO: Fetched (200) <GET https://www.galeries-bartoux.com/artistes/bruno-catalano/raphael_bruno_catalano_galeries_bartoux/> (referer: https://www.google.com/)
2026-08-18 14:48:13,827 [INFO] Fetched (200) <GET https://www.galeries-bartoux.com/artistes/bruno-catalano/raphael_bruno_catalano_galeries_bartoux/> (referer: https://www.google.com/)
2026-08-18 14:48:16,958 [INFO]       Image sauvee -> artistes/bruno-catalano/raphael-200cm.jpg
2026-08-18 14:48:16,960 [INFO]       OK RAPHAËL | 200cm - Oeuvre Monumentale
[2026-08-18 14:48:22] INFO: Fetched (200) <GET https://www.galeries-bartoux.com/artistes/bruno-catalano/bachir/> (referer: https://www.google.com/)
2026-08-18 14:48:22,292 [INFO] Fetched (200) <GET https://www.galeries-bartoux.com/artistes/bruno-catalano/bachir/> (referer: https://www.google.com/)
2026-08-18 14:48:25,404 [INFO]       Image sauvee -> artistes/bruno-catalano/bachir-200cm.jpg
2026-08-18 14:48:25,405 [INFO]       OK BACHIR | H. 200cm
[2026-08-18 14:48:29] INFO: Fetched (200) <GET https://www.galeries-bartoux.com/artistes/bruno-catalano/bruno-catalano-final-drape-102-x-38-cm-marbre/> (referer: https://www.google.com/)
2026-08-18 14:48:29,717 [INFO] Fetched (200) <GET https://www.galeries-bartoux.com/artistes/bruno-catalano/bruno-catalano-final-drape-102-x-38-cm-marbre/> (referer: https://www.google.com/)
2026-08-18 14:48:32,861 [INFO]       Image sauvee -> artistes/bruno-catalano/final-drape-102x38cm.jpg
2026-08-18 14:48:32,861 [INFO]       OK FINAL DRAPE | 102 x 38 cm
[2026-08-18 14:48:37] INFO: Fetched (200) <GET https://www.galeries-bartoux.com/artistes/bruno-catalano/bruno-catalano-black-man-102-x-48-cm-marbre/> (referer: https://www.google.com/)
2026-08-18 14:48:37,531 [INFO] Fetched (200) <GET https://www.galeries-bartoux.com/artistes/bruno-catalano/bruno-catalano-black-man-102-x-48-cm-marbre/> (referer: https://www.google.com/)
2026-08-18 14:48:40,667 [INFO]       Image sauvee -> artistes/bruno-catalano/black-man-102x48cm.jpg
2026-08-18 14:48:40,667 [INFO]       OK BLACK MAN | 102 x 48 cm
[2026-08-18 14:48:45] INFO: Fetched (200) <GET https://www.galeries-bartoux.com/artistes/bruno-catalano/le-drape-lauralou-148-x-45-cm/> (referer: https://www.google.com/)
2026-08-18 14:48:45,854 [INFO] Fetched (200) <GET https://www.galeries-bartoux.com/artistes/bruno-catalano/le-drape-lauralou-148-x-45-cm/> (referer: https://www.google.com/)
2026-08-18 14:48:48,987 [INFO]       Image sauvee -> artistes/bruno-catalano/le-drape-lauralou-148x45cm.jpg
2026-08-18 14:48:48,987 [INFO]       OK LE DRAPE – LAURALOU | 148 x 45 cm
[2026-08-18 14:48:54] INFO: Fetched (200) <GET https://www.galeries-bartoux.com/artistes/bruno-catalano/le-drape-viii-68-x-26-cm/> (referer: https://www.google.com/)
2026-08-18 14:48:54,891 [INFO] Fetched (200) <GET https://www.galeries-bartoux.com/artistes/bruno-catalano/le-drape-viii-68-x-26-cm/> (referer: https://www.google.com/)
2026-08-18 14:48:58,021 [INFO]       Image sauvee -> artistes/bruno-catalano/le-drape-viii-68x26cm.jpg
2026-08-18 14:48:58,021 [INFO]       OK LE DRAPE VIII | 68 x 26 cm
[2026-08-18 14:49:02] INFO: Fetched (200) <GET https://www.galeries-bartoux.com/artistes/bruno-catalano/le-drappe-iii-64-x-26-cm/> (referer: https://www.google.com/)
2026-08-18 14:49:02,396 [INFO] Fetched (200) <GET https://www.galeries-bartoux.com/artistes/bruno-catalano/le-drappe-iii-64-x-26-cm/> (referer: https://www.google.com/)
2026-08-18 14:49:05,533 [INFO]       Image sauvee -> artistes/bruno-catalano/le-drappe-iii-64x26cm.jpg
2026-08-18 14:49:05,534 [INFO]       OK LE DRAPPE III | 64 x 26 cm
2026-08-18 14:49:05,534 [INFO]   -> Artiste : CAROLE FEUERMAN [Sculpteur]
[2026-08-18 14:49:10] INFO: Fetched (200) <GET https://www.galeries-bartoux.com/artistes/feuerman-carole/> (referer: https://www.google.com/)
2026-08-18 14:49:10,139 [INFO] Fetched (200) <GET https://www.galeries-bartoux.com/artistes/feuerman-carole/> (referer: https://www.google.com/)
2026-08-18 14:49:13,820 [INFO]     Bio recuperee (1425 caracteres)
2026-08-18 14:49:13,827 [INFO]     Oeuvres candidates : 27
[2026-08-18 14:49:18] INFO: Fetched (200) <GET https://www.galeries-bartoux.com/artistes/feuerman-carole/temptation-2/> (referer: https://www.google.com/)
2026-08-18 14:49:18,363 [INFO] Fetched (200) <GET https://www.galeries-bartoux.com/artistes/feuerman-carole/temptation-2/> (referer: https://www.google.com/)
2026-08-18 14:49:21,566 [INFO]       Image sauvee -> artistes/carole-feuerman/temptation-111x35x35cm.jpg
2026-08-18 14:49:21,567 [INFO]       OK TEMPTATION | 111 x 35 x 35 cm
[2026-08-18 14:49:26] INFO: Fetched (200) <GET https://www.galeries-bartoux.com/artistes/feuerman-carole/plan-de-travail-13-6/> (referer: https://www.google.com/)
2026-08-18 14:49:26,079 [INFO] Fetched (200) <GET https://www.galeries-bartoux.com/artistes/feuerman-carole/plan-de-travail-13-6/> (referer: https://www.google.com/)
2026-08-18 14:49:29,254 [INFO]       Image sauvee -> artistes/carole-feuerman/miniature-serena-25x4x43x2x20x3cm.jpg
2026-08-18 14:49:29,255 [INFO]       OK MINIATURE SERENA | 25,4 x 43,2 x 20,3 cm
[2026-08-18 14:49:34] INFO: Fetched (200) <GET https://www.galeries-bartoux.com/artistes/feuerman-carole/perseverance-2/> (referer: https://www.google.com/)
2026-08-18 14:49:34,339 [INFO] Fetched (200) <GET https://www.galeries-bartoux.com/artistes/feuerman-carole/perseverance-2/> (referer: https://www.google.com/)
2026-08-18 14:49:37,490 [INFO]       Image sauvee -> artistes/carole-feuerman/perseverance-89x30x30cm.jpg
2026-08-18 14:49:37,491 [INFO]       OK PERSEVERANCE | 89 x 30 x 30 cm
[2026-08-18 14:49:42] INFO: Fetched (200) <GET https://www.galeries-bartoux.com/artistes/feuerman-carole/serenity-table-top-722-x-255-x-355-cm-png/> (referer: https://www.google.com/)
2026-08-18 14:49:42,506 [INFO] Fetched (200) <GET https://www.galeries-bartoux.com/artistes/feuerman-carole/serenity-table-top-722-x-255-x-355-cm-png/> (referer: https://www.google.com/)
2026-08-18 14:49:45,668 [INFO]       Image sauvee -> artistes/carole-feuerman/serenity-72x2x25x5x35x5cm.jpg
2026-08-18 14:49:45,668 [INFO]       OK SERENITY | 72,2 x 25,5 x 35,5 cm
[2026-08-18 14:49:51] INFO: Fetched (200) <GET https://www.galeries-bartoux.com/artistes/feuerman-carole/plan-de-travail-18-3/> (referer: https://www.google.com/)
2026-08-18 14:49:51,100 [INFO] Fetched (200) <GET https://www.galeries-bartoux.com/artistes/feuerman-carole/plan-de-travail-18-3/> (referer: https://www.google.com/)
2026-08-18 14:49:54,250 [INFO]       Image sauvee -> artistes/carole-feuerman/pisces-life-size-122x84x102cm.jpg
2026-08-18 14:49:54,250 [INFO]       OK PISCES LIFE SIZE | 122 x 84 x 102 cm
[2026-08-18 14:49:59] INFO: Fetched (200) <GET https://www.galeries-bartoux.com/artistes/feuerman-carole/miniature-quan-pink-chromatic-28-x-28-cm/> (referer: https://www.google.com/)
2026-08-18 14:49:59,436 [INFO] Fetched (200) <GET https://www.galeries-bartoux.com/artistes/feuerman-carole/miniature-quan-pink-chromatic-28-x-28-cm/> (referer: https://www.google.com/)
2026-08-18 14:50:02,586 [INFO]       Image sauvee -> artistes/carole-feuerman/miniature-quan-pink-chromatic-28x28cm.jpg
2026-08-18 14:50:02,587 [INFO]       OK MINIATURE QUAN PINK CHROMATIC | 28 x 28 cm
[2026-08-18 14:50:07] INFO: Fetched (200) <GET https://www.galeries-bartoux.com/artistes/feuerman-carole/contemplation-2/> (referer: https://www.google.com/)
2026-08-18 14:50:07,232 [INFO] Fetched (200) <GET https://www.galeries-bartoux.com/artistes/feuerman-carole/contemplation-2/> (referer: https://www.google.com/)
2026-08-18 14:50:10,411 [INFO]       Image sauvee -> artistes/carole-feuerman/contemplation-87x107cm.jpg
2026-08-18 14:50:10,413 [INFO]       OK CONTEMPLATION | 87 x 107 cm
[2026-08-18 14:50:15] INFO: Fetched (200) <GET https://www.galeries-bartoux.com/artistes/feuerman-carole/plan-de-travail-5-2/> (referer: https://www.google.com/)
2026-08-18 14:50:15,509 [INFO] Fetched (200) <GET https://www.galeries-bartoux.com/artistes/feuerman-carole/plan-de-travail-5-2/> (referer: https://www.google.com/)
2026-08-18 14:50:18,642 [INFO]       Image sauvee -> artistes/carole-feuerman/justice-table-top-68x6x45x75x45x75cm.jpg
2026-08-18 14:50:18,643 [INFO]       OK JUSTICE TABLE TOP | 68,6 x 45,75 x 45,75 cm
[2026-08-18 14:50:22] INFO: Fetched (200) <GET https://www.galeries-bartoux.com/artistes/feuerman-carole/plan-de-travail-16-2/> (referer: https://www.google.com/)
2026-08-18 14:50:22,978 [INFO] Fetched (200) <GET https://www.galeries-bartoux.com/artistes/feuerman-carole/plan-de-travail-16-2/> (referer: https://www.google.com/)
2026-08-18 14:50:26,130 [INFO]       Image sauvee -> artistes/carole-feuerman/perseverance-table-top-89x30x5x30x5cm.jpg
2026-08-18 14:50:26,131 [INFO]       OK PERSEVERANCE TABLE TOP | 89 x 30,5 x 30,5 cm
[2026-08-18 14:50:31] INFO: Fetched (200) <GET https://www.galeries-bartoux.com/artistes/feuerman-carole/temptation-museum-scale-3965-x-183-x-183-cm-glossy-black-suit-crystal-mosaic-cap/> (referer: https://www.google.com/)
2026-08-18 14:50:31,540 [INFO] Fetched (200) <GET https://www.galeries-bartoux.com/artistes/feuerman-carole/temptation-museum-scale-3965-x-183-x-183-cm-glossy-black-suit-crystal-mosaic-cap/> (referer: https://www.google.com/)
2026-08-18 14:50:34,689 [INFO]       Image sauvee -> artistes/carole-feuerman/temptation-396x5x183x183cm.jpg
2026-08-18 14:50:34,690 [INFO]       OK TEMPTATION | 396,5 x 183 x 183 cm
[2026-08-18 14:50:39] INFO: Fetched (200) <GET https://www.galeries-bartoux.com/artistes/feuerman-carole/plan-de-travail-7-2/> (referer: https://www.google.com/)
2026-08-18 14:50:39,169 [INFO] Fetched (200) <GET https://www.galeries-bartoux.com/artistes/feuerman-carole/plan-de-travail-7-2/> (referer: https://www.google.com/)
2026-08-18 14:50:42,323 [INFO]       Image sauvee -> artistes/carole-feuerman/miniature-balance-19x18x10cm.jpg
2026-08-18 14:50:42,324 [INFO]       OK MINIATURE BALANCE | 19 x 18 x 10 cm
[2026-08-18 14:50:47] INFO: Fetched (200) <GET https://www.galeries-bartoux.com/artistes/feuerman-carole/next-summer/> (referer: https://www.google.com/)
2026-08-18 14:50:47,829 [INFO] Fetched (200) <GET https://www.galeries-bartoux.com/artistes/feuerman-carole/next-summer/> (referer: https://www.google.com/)
2026-08-18 14:50:50,979 [INFO]       Image sauvee -> artistes/carole-feuerman/next-summer-35x5x53x5cm.jpg
2026-08-18 14:50:50,980 [INFO]       OK NEXT SUMMER | 35,5 x 53,5 cm
[2026-08-18 14:50:55] INFO: Fetched (200) <GET https://www.galeries-bartoux.com/artistes/feuerman-carole/serenity-4/> (referer: https://www.google.com/)
2026-08-18 14:50:55,489 [INFO] Fetched (200) <GET https://www.galeries-bartoux.com/artistes/feuerman-carole/serenity-4/> (referer: https://www.google.com/)
2026-08-18 14:50:58,640 [INFO]       Image sauvee -> artistes/carole-feuerman/serenity-122x46cm.jpg
2026-08-18 14:50:58,641 [INFO]       OK SERENITY | 122 x 46 cm
[2026-08-18 14:51:03] INFO: Fetched (200) <GET https://www.galeries-bartoux.com/artistes/feuerman-carole/temptation/> (referer: https://www.google.com/)
2026-08-18 14:51:03,607 [INFO] Fetched (200) <GET https://www.galeries-bartoux.com/artistes/feuerman-carole/temptation/> (referer: https://www.google.com/)
2026-08-18 14:51:06,763 [INFO]       Image sauvee -> artistes/carole-feuerman/temptation-112x36cm.jpg
2026-08-18 14:51:06,763 [INFO]       OK TEMPTATION | 112 x 36 cm
[2026-08-18 14:51:10] INFO: Fetched (200) <GET https://www.galeries-bartoux.com/artistes/feuerman-carole/miniature-balance-tangerine-suit-485-x-46-cm/> (referer: https://www.google.com/)
2026-08-18 14:51:10,942 [INFO] Fetched (200) <GET https://www.galeries-bartoux.com/artistes/feuerman-carole/miniature-balance-tangerine-suit-485-x-46-cm/> (referer: https://www.google.com/)
2026-08-18 14:51:14,195 [INFO]       Image sauvee -> artistes/carole-feuerman/miniature-balance-tangerine-suit-48x5x46cm.jpg
2026-08-18 14:51:14,197 [INFO]       OK MINIATURE BALANCE TANGERINE SUIT | 48,5 x 46 cm
[2026-08-18 14:51:19] INFO: Fetched (200) <GET https://www.galeries-bartoux.com/artistes/feuerman-carole/plan-de-travail-20/> (referer: https://www.google.com/)
2026-08-18 14:51:19,073 [INFO] Fetched (200) <GET https://www.galeries-bartoux.com/artistes/feuerman-carole/plan-de-travail-20/> (referer: https://www.google.com/)
2026-08-18 14:51:22,220 [INFO]       Image sauvee -> artistes/carole-feuerman/the-diver-table-top-86x5x45x75x25x5cm.jpg
2026-08-18 14:51:22,222 [INFO]       OK THE DIVER TABLE TOP | 86,5 x 45,75 x 25,5 cm
[2026-08-18 14:51:26] INFO: Fetched (200) <GET https://www.galeries-bartoux.com/artistes/feuerman-carole/plan-de-travail-1-5/> (referer: https://www.google.com/)
2026-08-18 14:51:26,642 [INFO] Fetched (200) <GET https://www.galeries-bartoux.com/artistes/feuerman-carole/plan-de-travail-1-5/> (referer: https://www.google.com/)
2026-08-18 14:51:29,795 [INFO]       Image sauvee -> artistes/carole-feuerman/contemplation-table-top-56x45x75x51cm.jpg
2026-08-18 14:51:29,795 [INFO]       OK CONTEMPLATION TABLE TOP | 56 x 45,75 x 51 cm
[2026-08-18 14:51:35] INFO: Fetched (200) <GET https://www.galeries-bartoux.com/artistes/feuerman-carole/plan-de-travail-4-4/> (referer: https://www.google.com/)
2026-08-18 14:51:35,326 [INFO] Fetched (200) <GET https://www.galeries-bartoux.com/artistes/feuerman-carole/plan-de-travail-4-4/> (referer: https://www.google.com/)
2026-08-18 14:51:38,476 [INFO]       Image sauvee -> artistes/carole-feuerman/dr-frank-104x2x35x5x35x5cm.jpg
2026-08-18 14:51:38,477 [INFO]       OK DR. FRANK | 104,2 x 35,5 x 35,5 cm
[2026-08-18 14:51:42] INFO: Fetched (200) <GET https://www.galeries-bartoux.com/artistes/feuerman-carole/plan-de-travail-2-4/> (referer: https://www.google.com/)
2026-08-18 14:51:42,845 [INFO] Fetched (200) <GET https://www.galeries-bartoux.com/artistes/feuerman-carole/plan-de-travail-2-4/> (referer: https://www.google.com/)
2026-08-18 14:51:45,972 [INFO]       Image sauvee -> artistes/carole-feuerman/contemplation-table-top-56x45x75x51cm.jpg
2026-08-18 14:51:45,972 [INFO]       OK CONTEMPLATION TABLE TOP | 56 x 45,75 x 51 cm
[2026-08-18 14:51:51] INFO: Fetched (200) <GET https://www.galeries-bartoux.com/artistes/feuerman-carole/plan-de-travail-15-2/> (referer: https://www.google.com/)
2026-08-18 14:51:51,844 [INFO] Fetched (200) <GET https://www.galeries-bartoux.com/artistes/feuerman-carole/plan-de-travail-15-2/> (referer: https://www.google.com/)
2026-08-18 14:51:54,982 [INFO]       Image sauvee -> artistes/carole-feuerman/perseverance-table-top-89x30x5x30x5cm.jpg
2026-08-18 14:51:54,983 [INFO]       OK PERSEVERANCE TABLE TOP | 89 x 30,5 x 30,5 cm
[2026-08-18 14:51:59] INFO: Fetched (200) <GET https://www.galeries-bartoux.com/artistes/feuerman-carole/plan-de-travail-19-2/> (referer: https://www.google.com/)
2026-08-18 14:51:59,224 [INFO] Fetched (200) <GET https://www.galeries-bartoux.com/artistes/feuerman-carole/plan-de-travail-19-2/> (referer: https://www.google.com/)
2026-08-18 14:52:02,399 [INFO]       Image sauvee -> artistes/carole-feuerman/what-if-table-top-43x2x23x35x5cm.jpg
2026-08-18 14:52:02,400 [INFO]       OK WHAT IF TABLE TOP | 43,2 x 23 x 35,5 cm
[2026-08-18 14:52:07] INFO: Fetched (200) <GET https://www.galeries-bartoux.com/artistes/feuerman-carole/plan-de-travail-8-2/> (referer: https://www.google.com/)
2026-08-18 14:52:07,445 [INFO] Fetched (200) <GET https://www.galeries-bartoux.com/artistes/feuerman-carole/plan-de-travail-8-2/> (referer: https://www.google.com/)
2026-08-18 14:52:10,592 [INFO]       Image sauvee -> artistes/carole-feuerman/midpoint-table-top-72x2x20x3x28cm.jpg
2026-08-18 14:52:10,592 [INFO]       OK MIDPOINT TABLE TOP | 72,2 x 20,3 x 28 cm
[2026-08-18 14:52:15] INFO: Fetched (200) <GET https://www.galeries-bartoux.com/artistes/feuerman-carole/plan-de-travail-9-3/> (referer: https://www.google.com/)
2026-08-18 14:52:15,025 [INFO] Fetched (200) <GET https://www.galeries-bartoux.com/artistes/feuerman-carole/plan-de-travail-9-3/> (referer: https://www.google.com/)
2026-08-18 14:52:18,193 [INFO]       Image sauvee -> artistes/carole-feuerman/miniature-brooke-with-beach-ball-30x5x40x65x30x5cm.jpg
2026-08-18 14:52:18,194 [INFO]       OK MINIATURE BROOKE WITH BEACH BALL | 30,5 x 40,65 x 30,5 cm
[2026-08-18 14:52:23] INFO: Fetched (200) <GET https://www.galeries-bartoux.com/artistes/feuerman-carole/plan-de-travail-6/> (referer: https://www.google.com/)
2026-08-18 14:52:23,228 [INFO] Fetched (200) <GET https://www.galeries-bartoux.com/artistes/feuerman-carole/plan-de-travail-6/> (referer: https://www.google.com/)
2026-08-18 14:52:26,423 [INFO]       Image sauvee -> artistes/carole-feuerman/midpoint-table-top-72x2x20x3x28cm.jpg
2026-08-18 14:52:26,424 [INFO]       OK MIDPOINT TABLE TOP | 72,2 x 20,3 x 28 cm
[2026-08-18 14:52:30] INFO: Fetched (200) <GET https://www.galeries-bartoux.com/artistes/feuerman-carole/plan-de-travail-11-4/> (referer: https://www.google.com/)
2026-08-18 14:52:30,779 [INFO] Fetched (200) <GET https://www.galeries-bartoux.com/artistes/feuerman-carole/plan-de-travail-11-4/> (referer: https://www.google.com/)
2026-08-18 14:52:33,937 [INFO]       Image sauvee -> artistes/carole-feuerman/miniature-serena-25x4x43x2x20x3cm.jpg
2026-08-18 14:52:33,937 [INFO]       OK MINIATURE SERENA | 25,4 x 43,2 x 20,3 cm
[2026-08-18 14:52:38] INFO: Fetched (200) <GET https://www.galeries-bartoux.com/artistes/feuerman-carole/plan-de-travail-10-5/> (referer: https://www.google.com/)
2026-08-18 14:52:38,789 [INFO] Fetched (200) <GET https://www.galeries-bartoux.com/artistes/feuerman-carole/plan-de-travail-10-5/> (referer: https://www.google.com/)
2026-08-18 14:52:41,920 [INFO]       Image sauvee -> artistes/carole-feuerman/miniature-quan-28x28x18cm.jpg
2026-08-18 14:52:41,921 [INFO]       OK MINIATURE QUAN | 28 x 28 x 18 cm
[2026-08-18 14:52:46] INFO: Fetched (200) <GET https://www.galeries-bartoux.com/artistes/feuerman-carole/plan-de-travail-12-3/> (referer: https://www.google.com/)
2026-08-18 14:52:46,468 [INFO] Fetched (200) <GET https://www.galeries-bartoux.com/artistes/feuerman-carole/plan-de-travail-12-3/> (referer: https://www.google.com/)
2026-08-18 14:52:49,620 [INFO]       Image sauvee -> artistes/carole-feuerman/miniature-quan-28x28x18cm.jpg
2026-08-18 14:52:49,620 [INFO]       OK MINIATURE QUAN | 28 x 28 x 18 cm
2026-08-18 14:52:49,620 [INFO]   -> Artiste : CODERCH & MALAVIA [Sculpteur]
[2026-08-18 14:52:55] INFO: Fetched (200) <GET https://www.galeries-bartoux.com/artistes/coderch-malavia/> (referer: https://www.google.com/)
2026-08-18 14:52:55,927 [INFO] Fetched (200) <GET https://www.galeries-bartoux.com/artistes/coderch-malavia/> (referer: https://www.google.com/)
2026-08-18 14:52:59,640 [INFO]     Bio recuperee (1186 caracteres)
2026-08-18 14:52:59,649 [INFO]     Oeuvres candidates : 26
[2026-08-18 14:53:04] INFO: Fetched (200) <GET https://www.galeries-bartoux.com/artistes/coderch-malavia/aura-80-x-50-x-44-cm/> (referer: https://www.google.com/)
2026-08-18 14:53:04,201 [INFO] Fetched (200) <GET https://www.galeries-bartoux.com/artistes/coderch-malavia/aura-80-x-50-x-44-cm/> (referer: https://www.google.com/)
2026-08-18 14:53:07,367 [INFO]       Image sauvee -> artistes/coderch-malavia/aura-110x64x72cm.jpg
2026-08-18 14:53:07,367 [INFO]       OK AURA | 110 x 64 x 72 cm
[2026-08-18 14:53:12] INFO: Fetched (200) <GET https://www.galeries-bartoux.com/artistes/coderch-malavia/galene-grey-patina-133-x-76-cm/> (referer: https://www.google.com/)
2026-08-18 14:53:12,500 [INFO] Fetched (200) <GET https://www.galeries-bartoux.com/artistes/coderch-malavia/galene-grey-patina-133-x-76-cm/> (referer: https://www.google.com/)
2026-08-18 14:53:15,633 [INFO]       Image sauvee -> artistes/coderch-malavia/galene-grey-patina-133x76cm.jpg
2026-08-18 14:53:15,634 [INFO]       OK GALENE GREY PATINA | 133 x 76 cm
[2026-08-18 14:53:20] INFO: Fetched (200) <GET https://www.galeries-bartoux.com/artistes/coderch-malavia/echoes-of-autumn-207-x-147-x-37-cm-with-pedestal-bronze/> (referer: https://www.google.com/)
2026-08-18 14:53:20,007 [INFO] Fetched (200) <GET https://www.galeries-bartoux.com/artistes/coderch-malavia/echoes-of-autumn-207-x-147-x-37-cm-with-pedestal-bronze/> (referer: https://www.google.com/)
2026-08-18 14:53:23,189 [INFO]       Image sauvee -> artistes/coderch-malavia/echoes-of-autumn-207x147x37cm.jpg
2026-08-18 14:53:23,189 [INFO]       OK ECHOES OF AUTUMN | 207 x 147 x 37 cm (avec socle)
[2026-08-18 14:53:28] INFO: Fetched (200) <GET https://www.galeries-bartoux.com/artistes/coderch-malavia/ashia-66-x-121-cm-with-pedestal-bronze/> (referer: https://www.google.com/)
2026-08-18 14:53:28,423 [INFO] Fetched (200) <GET https://www.galeries-bartoux.com/artistes/coderch-malavia/ashia-66-x-121-cm-with-pedestal-bronze/> (referer: https://www.google.com/)
2026-08-18 14:53:31,581 [INFO]       Image sauvee -> artistes/coderch-malavia/ashia-66x121cm.jpg
2026-08-18 14:53:31,582 [INFO]       OK ASHIA | 66 x 121 cm
[2026-08-18 14:53:35] INFO: Fetched (200) <GET https://www.galeries-bartoux.com/artistes/coderch-malavia/walking-in-beauty-small-32-x-26-x-22-cm/> (referer: https://www.google.com/)
2026-08-18 14:53:35,873 [INFO] Fetched (200) <GET https://www.galeries-bartoux.com/artistes/coderch-malavia/walking-in-beauty-small-32-x-26-x-22-cm/> (referer: https://www.google.com/)
2026-08-18 14:53:39,020 [INFO]       Image sauvee -> artistes/coderch-malavia/walking-in-beauty-small-32x26x22cm.jpg
2026-08-18 14:53:39,021 [INFO]       OK WALKING IN BEAUTY SMALL | 32 x 26 x 22 cm
[2026-08-18 14:53:43] INFO: Fetched (200) <GET https://www.galeries-bartoux.com/artistes/coderch-malavia/fall-whispers-50-x-40-cm-2/> (referer: https://www.google.com/)
2026-08-18 14:53:43,901 [INFO] Fetched (200) <GET https://www.galeries-bartoux.com/artistes/coderch-malavia/fall-whispers-50-x-40-cm-2/> (referer: https://www.google.com/)
2026-08-18 14:53:47,070 [INFO]       Image sauvee -> artistes/coderch-malavia/fall-whispers-50x40cm.jpg
2026-08-18 14:53:47,071 [INFO]       OK FALL WHISPERS | 50 x 40 cm
[2026-08-18 14:53:52] INFO: Fetched (200) <GET https://www.galeries-bartoux.com/artistes/coderch-malavia/en-la-dehesa-71-x-64-x-59-cm/> (referer: https://www.google.com/)
2026-08-18 14:53:52,400 [INFO] Fetched (200) <GET https://www.galeries-bartoux.com/artistes/coderch-malavia/en-la-dehesa-71-x-64-x-59-cm/> (referer: https://www.google.com/)
2026-08-18 14:53:55,579 [INFO]       Image sauvee -> artistes/coderch-malavia/en-la-dehesa-71x64x59cm.jpg
2026-08-18 14:53:55,580 [INFO]       OK EN LA DEHESA | 71 x 64 x 59 cm
[2026-08-18 14:54:00] INFO: Fetched (200) <GET https://www.galeries-bartoux.com/artistes/coderch-malavia/galatea-70-x-41-cm-bronze-2/> (referer: https://www.google.com/)
2026-08-18 14:54:00,682 [INFO] Fetched (200) <GET https://www.galeries-bartoux.com/artistes/coderch-malavia/galatea-70-x-41-cm-bronze-2/> (referer: https://www.google.com/)
2026-08-18 14:54:03,841 [INFO]       Image sauvee -> artistes/coderch-malavia/galatea-70x41cm.jpg
2026-08-18 14:54:03,841 [INFO]       OK GALATEA | 70 x 41 cm
[2026-08-18 14:54:08] INFO: Fetched (200) <GET https://www.galeries-bartoux.com/artistes/coderch-malavia/fall-whispers-50-x-40-cm/> (referer: https://www.google.com/)
2026-08-18 14:54:08,337 [INFO] Fetched (200) <GET https://www.galeries-bartoux.com/artistes/coderch-malavia/fall-whispers-50-x-40-cm/> (referer: https://www.google.com/)
2026-08-18 14:54:11,497 [INFO]       Image sauvee -> artistes/coderch-malavia/fall-whispers-50x40cm.jpg
2026-08-18 14:54:11,498 [INFO]       OK FALL WHISPERS | 50 x 40 cm
[2026-08-18 14:54:16] INFO: Fetched (200) <GET https://www.galeries-bartoux.com/artistes/coderch-malavia/hanami/> (referer: https://www.google.com/)
2026-08-18 14:54:16,398 [INFO] Fetched (200) <GET https://www.galeries-bartoux.com/artistes/coderch-malavia/hanami/> (referer: https://www.google.com/)
2026-08-18 14:54:19,521 [INFO]       Image sauvee -> artistes/coderch-malavia/hanami-131x48cm.jpg
2026-08-18 14:54:19,522 [INFO]       OK HANAMI | 131 x 48 cm
[2026-08-18 14:54:24] INFO: Fetched (200) <GET https://www.galeries-bartoux.com/artistes/coderch-malavia/the-faun-98-x-33-cm/> (referer: https://www.google.com/)
2026-08-18 14:54:24,031 [INFO] Fetched (200) <GET https://www.galeries-bartoux.com/artistes/coderch-malavia/the-faun-98-x-33-cm/> (referer: https://www.google.com/)
2026-08-18 14:54:27,211 [INFO]       Image sauvee -> artistes/coderch-malavia/the-faun-98x33cm.jpg
2026-08-18 14:54:27,211 [INFO]       OK THE FAUN | 98 x 33 cm
[2026-08-18 14:54:32] INFO: Fetched (200) <GET https://www.galeries-bartoux.com/artistes/coderch-malavia/hamlet-the-doubt-ii-160-x-44-cm/> (referer: https://www.google.com/)
2026-08-18 14:54:32,180 [INFO] Fetched (200) <GET https://www.galeries-bartoux.com/artistes/coderch-malavia/hamlet-the-doubt-ii-160-x-44-cm/> (referer: https://www.google.com/)
2026-08-18 14:54:35,277 [INFO]       Image sauvee -> artistes/coderch-malavia/hamlet-the-doubt-ii-160x44cm.jpg
2026-08-18 14:54:35,278 [INFO]       OK HAMLET THE DOUBT II | 160 x 44 cm
[2026-08-18 14:54:39] INFO: Fetched (200) <GET https://www.galeries-bartoux.com/artistes/coderch-malavia/coderch-malavia-alis-volat-propriis-con-disco-98-x-92-cm-3/> (referer: https://www.google.com/)
2026-08-18 14:54:39,684 [INFO] Fetched (200) <GET https://www.galeries-bartoux.com/artistes/coderch-malavia/coderch-malavia-alis-volat-propriis-con-disco-98-x-92-cm-3/> (referer: https://www.google.com/)
2026-08-18 14:54:42,825 [INFO]       Image sauvee -> artistes/coderch-malavia/alis-volat-propriis-con-disco-98x92cm.jpg
2026-08-18 14:54:42,826 [INFO]       OK ALIS VOLAT PROPRIIS CON DISCO | 98 x 92 cm
[2026-08-18 14:54:48] INFO: Fetched (200) <GET https://www.galeries-bartoux.com/artistes/coderch-malavia/he-swimmer-aluminium-114-x-130-cm/> (referer: https://www.google.com/)
2026-08-18 14:54:48,826 [INFO] Fetched (200) <GET https://www.galeries-bartoux.com/artistes/coderch-malavia/he-swimmer-aluminium-114-x-130-cm/> (referer: https://www.google.com/)
2026-08-18 14:54:52,001 [INFO]       Image sauvee -> artistes/coderch-malavia/he-swimmer-aluminium-114x130cm.jpg
2026-08-18 14:54:52,002 [INFO]       OK HE SWIMMER ALUMINIUM | 114 x 130 cm
[2026-08-18 14:54:56] INFO: Fetched (200) <GET https://www.galeries-bartoux.com/artistes/coderch-malavia/forest-guardian-56-x-39-cm-2024/> (referer: https://www.google.com/)
2026-08-18 14:54:56,463 [INFO] Fetched (200) <GET https://www.galeries-bartoux.com/artistes/coderch-malavia/forest-guardian-56-x-39-cm-2024/> (referer: https://www.google.com/)
2026-08-18 14:54:59,662 [INFO]       Image sauvee -> artistes/coderch-malavia/forest-guardian-56x39cm.jpg
2026-08-18 14:54:59,663 [INFO]       OK FOREST GUARDIAN | 56 x 39 cm
[2026-08-18 14:55:04] INFO: Fetched (200) <GET https://www.galeries-bartoux.com/artistes/coderch-malavia/dance-of-light-79-x-50-cm-2024/> (referer: https://www.google.com/)
2026-08-18 14:55:04,150 [INFO] Fetched (200) <GET https://www.galeries-bartoux.com/artistes/coderch-malavia/dance-of-light-79-x-50-cm-2024/> (referer: https://www.google.com/)
2026-08-18 14:55:07,297 [INFO]       Image sauvee -> artistes/coderch-malavia/dance-of-light-79x50cm.jpg
2026-08-18 14:55:07,298 [INFO]       OK DANCE OF LIGHT | 79 x 50 cm
[2026-08-18 14:55:11] INFO: Fetched (200) <GET https://www.galeries-bartoux.com/artistes/coderch-malavia/the-giant-of-salt-22-x-32-cm-2024/> (referer: https://www.google.com/)
2026-08-18 14:55:11,572 [INFO] Fetched (200) <GET https://www.galeries-bartoux.com/artistes/coderch-malavia/the-giant-of-salt-22-x-32-cm-2024/> (referer: https://www.google.com/)
2026-08-18 14:55:14,726 [INFO]       Image sauvee -> artistes/coderch-malavia/the-giant-of-salt-22x32cm.jpg
2026-08-18 14:55:14,728 [INFO]       OK THE GIANT OF SALT | 22 x 32 cm
[2026-08-18 14:55:19] INFO: Fetched (200) <GET https://www.galeries-bartoux.com/artistes/coderch-malavia/scarecrow-187-x-60-cm-bronze-2/> (referer: https://www.google.com/)
2026-08-18 14:55:19,846 [INFO] Fetched (200) <GET https://www.galeries-bartoux.com/artistes/coderch-malavia/scarecrow-187-x-60-cm-bronze-2/> (referer: https://www.google.com/)
2026-08-18 14:55:23,007 [INFO]       Image sauvee -> artistes/coderch-malavia/scarecrow-187x60cm.jpg
2026-08-18 14:55:23,008 [INFO]       OK SCARECROW | 187 x 60 cm
[2026-08-18 14:55:27] INFO: Fetched (200) <GET https://www.galeries-bartoux.com/artistes/coderch-malavia/la-revolera-42-x-40-cm-2024/> (referer: https://www.google.com/)
2026-08-18 14:55:27,363 [INFO] Fetched (200) <GET https://www.galeries-bartoux.com/artistes/coderch-malavia/la-revolera-42-x-40-cm-2024/> (referer: https://www.google.com/)
2026-08-18 14:55:30,548 [INFO]       Image sauvee -> artistes/coderch-malavia/la-revolera-42x40cm.jpg
2026-08-18 14:55:30,549 [INFO]       OK LA REVOLERA | 42 x 40 cm
[2026-08-18 14:55:35] INFO: Fetched (200) <GET https://www.galeries-bartoux.com/artistes/coderch-malavia/galene-133-x-76-x-52-cm/> (referer: https://www.google.com/)
2026-08-18 14:55:35,975 [INFO] Fetched (200) <GET https://www.galeries-bartoux.com/artistes/coderch-malavia/galene-133-x-76-x-52-cm/> (referer: https://www.google.com/)
2026-08-18 14:55:39,119 [INFO]       Image sauvee -> artistes/coderch-malavia/galene-133x76x52cm.jpg
2026-08-18 14:55:39,120 [INFO]       OK GALENE | 133 x 76 x 52 cm
[2026-08-18 14:55:43] INFO: Fetched (200) <GET https://www.galeries-bartoux.com/artistes/coderch-malavia/my-life-is-my-message-71-x-36-x-40-cm/> (referer: https://www.google.com/)
2026-08-18 14:55:43,524 [INFO] Fetched (200) <GET https://www.galeries-bartoux.com/artistes/coderch-malavia/my-life-is-my-message-71-x-36-x-40-cm/> (referer: https://www.google.com/)
2026-08-18 14:55:46,679 [INFO]       Image sauvee -> artistes/coderch-malavia/my-life-is-my-message-71x36x40cm.jpg
2026-08-18 14:55:46,680 [INFO]       OK MY LIFE IS MY MESSAGE | 71 x 36 x 40 cm
[2026-08-18 14:55:51] INFO: Fetched (200) <GET https://www.galeries-bartoux.com/artistes/coderch-malavia/kymo-64-x-48-x-42-cm/> (referer: https://www.google.com/)
2026-08-18 14:55:51,073 [INFO] Fetched (200) <GET https://www.galeries-bartoux.com/artistes/coderch-malavia/kymo-64-x-48-x-42-cm/> (referer: https://www.google.com/)
2026-08-18 14:55:54,392 [INFO]       Image sauvee -> artistes/coderch-malavia/kymo-64x48x42cm.jpg
2026-08-18 14:55:54,394 [INFO]       OK KYMO | 64 x 48 x 42 cm
[2026-08-18 14:55:58] INFO: Fetched (200) <GET https://www.galeries-bartoux.com/artistes/coderch-malavia/alis-volat-propriis-95-x-94-x-46-cm/> (referer: https://www.google.com/)
2026-08-18 14:55:58,599 [INFO] Fetched (200) <GET https://www.galeries-bartoux.com/artistes/coderch-malavia/alis-volat-propriis-95-x-94-x-46-cm/> (referer: https://www.google.com/)
2026-08-18 14:56:01,736 [INFO]       Image sauvee -> artistes/coderch-malavia/alis-volat-propriis-95x94x46cm.jpg
2026-08-18 14:56:01,738 [INFO]       OK ALIS VOLAT PROPRIIS | 95 x 94 x 46 cm
[2026-08-18 14:56:06] INFO: Fetched (200) <GET https://www.galeries-bartoux.com/artistes/coderch-malavia/kymo-64-x-48-x-42-cm-bronze-2/> (referer: https://www.google.com/)
2026-08-18 14:56:06,677 [INFO] Fetched (200) <GET https://www.galeries-bartoux.com/artistes/coderch-malavia/kymo-64-x-48-x-42-cm-bronze-2/> (referer: https://www.google.com/)
2026-08-18 14:56:09,889 [INFO]       Image sauvee -> artistes/coderch-malavia/kymo-64x48x42cm.jpg
2026-08-18 14:56:09,890 [INFO]       OK KYMO | 64 x 48 x 42 cm
[2026-08-18 14:56:14] INFO: Fetched (200) <GET https://www.galeries-bartoux.com/artistes/coderch-malavia/tensegrity-variation-72-x-52-x-44-cm/> (referer: https://www.google.com/)
2026-08-18 14:56:14,334 [INFO] Fetched (200) <GET https://www.galeries-bartoux.com/artistes/coderch-malavia/tensegrity-variation-72-x-52-x-44-cm/> (referer: https://www.google.com/)
2026-08-18 14:56:17,495 [INFO]       Image sauvee -> artistes/coderch-malavia/tensegrity-variation-72x52x44cm.jpg
2026-08-18 14:56:17,495 [INFO]       OK TENSEGRITY VARIATION | 72 x 52 x 44 cm
[2026-08-18 14:56:22] INFO: Fetched (200) <GET https://www.galeries-bartoux.com/artistes/coderch-malavia/liber-78-x-74-x-47-cm/> (referer: https://www.google.com/)
2026-08-18 14:56:22,539 [INFO] Fetched (200) <GET https://www.galeries-bartoux.com/artistes/coderch-malavia/liber-78-x-74-x-47-cm/> (referer: https://www.google.com/)
2026-08-18 14:56:25,706 [INFO]       Image sauvee -> artistes/coderch-malavia/liber-78x74x47cm.jpg
2026-08-18 14:56:25,706 [INFO]       OK LIBER | 78 x 74 x 47 cm
2026-08-18 14:56:25,707 [INFO]   -> Artiste : ÉTIENNE [Sculpteur]
[2026-08-18 14:56:30] INFO: Fetched (200) <GET https://www.galeries-bartoux.com/artistes/etienne/> (referer: https://www.google.com/)
2026-08-18 14:56:30,193 [INFO] Fetched (200) <GET https://www.galeries-bartoux.com/artistes/etienne/> (referer: https://www.google.com/)
2026-08-18 14:56:33,874 [INFO]     Bio recuperee (980 caracteres)
2026-08-18 14:56:33,882 [INFO]     Oeuvres candidates : 20
[2026-08-18 14:56:38] INFO: Fetched (200) <GET https://www.galeries-bartoux.com/artistes/etienne/la-petite-pause-70-x-45-cm/> (referer: https://www.google.com/)
2026-08-18 14:56:38,862 [INFO] Fetched (200) <GET https://www.galeries-bartoux.com/artistes/etienne/la-petite-pause-70-x-45-cm/> (referer: https://www.google.com/)
2026-08-18 14:56:42,000 [INFO]       Image sauvee -> artistes/etienne/la-petite-pause-70x45cm.jpg
2026-08-18 14:56:42,001 [INFO]       OK LA PETITE PAUSE | 70 x 45 cm
[2026-08-18 14:56:46] INFO: Fetched (200) <GET https://www.galeries-bartoux.com/artistes/etienne/consolation-60-x-60-x-30-cm/> (referer: https://www.google.com/)
2026-08-18 14:56:46,268 [INFO] Fetched (200) <GET https://www.galeries-bartoux.com/artistes/etienne/consolation-60-x-60-x-30-cm/> (referer: https://www.google.com/)
2026-08-18 14:56:49,449 [INFO]       Image sauvee -> artistes/etienne/consolation-60x60x30cm.jpg
2026-08-18 14:56:49,449 [INFO]       OK CONSOLATION | 60 x 60 x 30 cm
[2026-08-18 14:56:54] INFO: Fetched (200) <GET https://www.galeries-bartoux.com/artistes/etienne/le-poete-27-x-14-x-16-cm-2/> (referer: https://www.google.com/)
2026-08-18 14:56:54,115 [INFO] Fetched (200) <GET https://www.galeries-bartoux.com/artistes/etienne/le-poete-27-x-14-x-16-cm-2/> (referer: https://www.google.com/)
2026-08-18 14:56:57,252 [INFO]       Image sauvee -> artistes/etienne/le-poete-27x14x16x108cm.jpg
2026-08-18 14:56:57,253 [INFO]       OK LE POÈTE | 27 x 14 x 16 cm / 108 cm
[2026-08-18 14:57:01] INFO: Fetched (200) <GET https://www.galeries-bartoux.com/artistes/etienne/petite-priere-21-cm/> (referer: https://www.google.com/)
2026-08-18 14:57:01,528 [INFO] Fetched (200) <GET https://www.galeries-bartoux.com/artistes/etienne/petite-priere-21-cm/> (referer: https://www.google.com/)
2026-08-18 14:57:04,690 [INFO]       Image sauvee -> artistes/etienne/petite-priere-21cm.jpg
2026-08-18 14:57:04,691 [INFO]       OK PETITE PRIÈRE | 21 cm
[2026-08-18 14:57:09] INFO: Fetched (200) <GET https://www.galeries-bartoux.com/artistes/etienne/le-reveil-amoureux-60-cm/> (referer: https://www.google.com/)
2026-08-18 14:57:09,780 [INFO] Fetched (200) <GET https://www.galeries-bartoux.com/artistes/etienne/le-reveil-amoureux-60-cm/> (referer: https://www.google.com/)
2026-08-18 14:57:12,959 [INFO]       Image sauvee -> artistes/etienne/le-reveil-amoureux-60x30cm.jpg
2026-08-18 14:57:12,960 [INFO]       OK LE RÉVEIL AMOUREUX | 60 cm / 30 cm
[2026-08-18 14:57:17] INFO: Fetched (200) <GET https://www.galeries-bartoux.com/artistes/etienne/le-violoniste-90-cm/> (referer: https://www.google.com/)
2026-08-18 14:57:17,330 [INFO] Fetched (200) <GET https://www.galeries-bartoux.com/artistes/etienne/le-violoniste-90-cm/> (referer: https://www.google.com/)
2026-08-18 14:57:20,477 [INFO]       Image sauvee -> artistes/etienne/le-violoniste-90cm.jpg
2026-08-18 14:57:20,478 [INFO]       OK LE VIOLONISTE | 90 cm
[2026-08-18 14:57:25] INFO: Fetched (200) <GET https://www.galeries-bartoux.com/artistes/etienne/la-conversation-103-x-100-x-64-cm-2/> (referer: https://www.google.com/)
2026-08-18 14:57:25,760 [INFO] Fetched (200) <GET https://www.galeries-bartoux.com/artistes/etienne/la-conversation-103-x-100-x-64-cm-2/> (referer: https://www.google.com/)
2026-08-18 14:57:28,975 [INFO]       Image sauvee -> artistes/etienne/la-conversation-103x100x64cm.jpg
2026-08-18 14:57:28,976 [INFO]       OK LA CONVERSATION | 103 x 100 x 64 cm
[2026-08-18 14:57:33] INFO: Fetched (200) <GET https://www.galeries-bartoux.com/artistes/etienne/violon-monumental-160-cm/> (referer: https://www.google.com/)
2026-08-18 14:57:33,196 [INFO] Fetched (200) <GET https://www.galeries-bartoux.com/artistes/etienne/violon-monumental-160-cm/> (referer: https://www.google.com/)
2026-08-18 14:57:36,364 [INFO]       Image sauvee -> artistes/etienne/le-violon-160cm.jpg
2026-08-18 14:57:36,366 [INFO]       OK LE VIOLON | 160 cm
[2026-08-18 14:57:41] INFO: Fetched (200) <GET https://www.galeries-bartoux.com/artistes/etienne/losanges-21-cm-70-cm/> (referer: https://www.google.com/)
2026-08-18 14:57:41,469 [INFO] Fetched (200) <GET https://www.galeries-bartoux.com/artistes/etienne/losanges-21-cm-70-cm/> (referer: https://www.google.com/)
2026-08-18 14:57:44,612 [INFO]       Image sauvee -> artistes/etienne/losanges-21x70cm.jpg
2026-08-18 14:57:44,612 [INFO]       OK LOSANGES | 21 cm / 70 cm
[2026-08-18 14:57:49] INFO: Fetched (200) <GET https://www.galeries-bartoux.com/artistes/etienne/petite-chorale-3-425-cm-3/> (referer: https://www.google.com/)
2026-08-18 14:57:49,315 [INFO] Fetched (200) <GET https://www.galeries-bartoux.com/artistes/etienne/petite-chorale-3-425-cm-3/> (referer: https://www.google.com/)
2026-08-18 14:57:52,448 [INFO]       Image sauvee -> artistes/etienne/petite-chorale-iii-42x5cm.jpg
2026-08-18 14:57:52,449 [INFO]       OK PETITE CHORALE III | 42,5 cm
[2026-08-18 14:57:57] INFO: Fetched (200) <GET https://www.galeries-bartoux.com/artistes/etienne/le-flutiste-41-x-64-x-35-cm/> (referer: https://www.google.com/)
2026-08-18 14:57:57,452 [INFO] Fetched (200) <GET https://www.galeries-bartoux.com/artistes/etienne/le-flutiste-41-x-64-x-35-cm/> (referer: https://www.google.com/)
2026-08-18 14:58:00,633 [INFO]       Image sauvee -> artistes/etienne/le-flutiste-41x64x35cm.jpg
2026-08-18 14:58:00,634 [INFO]       OK LE FLUTISTE | 41 x 64 x 35 cm
[2026-08-18 14:58:05] INFO: Fetched (200) <GET https://www.galeries-bartoux.com/artistes/etienne/baiser-sur-la-bouche-40-x-465-x-24-cm/> (referer: https://www.google.com/)
2026-08-18 14:58:05,106 [INFO] Fetched (200) <GET https://www.galeries-bartoux.com/artistes/etienne/baiser-sur-la-bouche-40-x-465-x-24-cm/> (referer: https://www.google.com/)
2026-08-18 14:58:08,277 [INFO]       Image sauvee -> artistes/etienne/baiser-sur-la-bouche-40x46x5x24cm.jpg
2026-08-18 14:58:08,277 [INFO]       OK BAISER SUR LA BOUCHE | 40 x 46,5 x 24 cm
[2026-08-18 14:58:13] INFO: Fetched (200) <GET https://www.galeries-bartoux.com/artistes/etienne/a-la-tienne-20-cm/> (referer: https://www.google.com/)
2026-08-18 14:58:13,103 [INFO] Fetched (200) <GET https://www.galeries-bartoux.com/artistes/etienne/a-la-tienne-20-cm/> (referer: https://www.google.com/)
2026-08-18 14:58:16,257 [INFO]       Image sauvee -> artistes/etienne/a-la-tienne-20cm.jpg
2026-08-18 14:58:16,258 [INFO]       OK À LA TIENNE | 20 cm
[2026-08-18 14:58:20] INFO: Fetched (200) <GET https://www.galeries-bartoux.com/artistes/etienne/baiser-dans-le-cou-40-x-92-x-30-cm/> (referer: https://www.google.com/)
2026-08-18 14:58:20,610 [INFO] Fetched (200) <GET https://www.galeries-bartoux.com/artistes/etienne/baiser-dans-le-cou-40-x-92-x-30-cm/> (referer: https://www.google.com/)
2026-08-18 14:58:23,751 [INFO]       Image sauvee -> artistes/etienne/baiser-dans-le-cou-40x92x30cm.jpg
2026-08-18 14:58:23,752 [INFO]       OK BAISER DANS LE COU | 40 x 92 x 30 cm
[2026-08-18 14:58:28] INFO: Fetched (200) <GET https://www.galeries-bartoux.com/artistes/etienne/baiser-sur-le-front-70-x-70-x-35-cm/> (referer: https://www.google.com/)
2026-08-18 14:58:28,679 [INFO] Fetched (200) <GET https://www.galeries-bartoux.com/artistes/etienne/baiser-sur-le-front-70-x-70-x-35-cm/> (referer: https://www.google.com/)
2026-08-18 14:58:31,823 [INFO]       Image sauvee -> artistes/etienne/baiser-sur-le-front-70x70x35cm.jpg
2026-08-18 14:58:31,824 [INFO]       OK BAISER SUR LE FRONT | 70 x 70 x 35 cm
[2026-08-18 14:58:36] INFO: Fetched (200) <GET https://www.galeries-bartoux.com/artistes/etienne/baiser-dans-le-cou/> (referer: https://www.google.com/)
2026-08-18 14:58:36,652 [INFO] Fetched (200) <GET https://www.galeries-bartoux.com/artistes/etienne/baiser-dans-le-cou/> (referer: https://www.google.com/)
2026-08-18 14:58:39,777 [INFO]       Image sauvee -> artistes/etienne/baiser-dans-le-cou-45cm.jpg
2026-08-18 14:58:39,777 [INFO]       OK BAISER DANS LE COU | H. 45cm
[2026-08-18 14:58:44] INFO: Fetched (200) <GET https://www.galeries-bartoux.com/artistes/etienne/etienne-le-baiser-monumental-175cm/> (referer: https://www.google.com/)
2026-08-18 14:58:44,237 [INFO] Fetched (200) <GET https://www.galeries-bartoux.com/artistes/etienne/etienne-le-baiser-monumental-175cm/> (referer: https://www.google.com/)
2026-08-18 14:58:47,330 [INFO]       Image sauvee -> artistes/etienne/le-baiser-monumental-175cm.jpg
2026-08-18 14:58:47,330 [INFO]       OK Le baiser monumental | H. 175cm
[2026-08-18 14:58:52] INFO: Fetched (200) <GET https://www.galeries-bartoux.com/artistes/etienne/le-piano-120-cm/> (referer: https://www.google.com/)
2026-08-18 14:58:52,804 [INFO] Fetched (200) <GET https://www.galeries-bartoux.com/artistes/etienne/le-piano-120-cm/> (referer: https://www.google.com/)
2026-08-18 14:58:55,961 [INFO]       Image sauvee -> artistes/etienne/le-piano-120cm.jpg
2026-08-18 14:58:55,961 [INFO]       OK LE PIANO | 120 cm
[2026-08-18 14:59:00] INFO: Fetched (200) <GET https://www.galeries-bartoux.com/artistes/etienne/etienne-baiser-souffle80cm-gb/> (referer: https://www.google.com/)
2026-08-18 14:59:00,530 [INFO] Fetched (200) <GET https://www.galeries-bartoux.com/artistes/etienne/etienne-baiser-souffle80cm-gb/> (referer: https://www.google.com/)
2026-08-18 14:59:03,671 [INFO]       Image sauvee -> artistes/etienne/baiser-souffle-80cm.jpg
2026-08-18 14:59:03,672 [INFO]       OK Baiser soufflé | H. 80cm
[2026-08-18 14:59:08] INFO: Fetched (200) <GET https://www.galeries-bartoux.com/artistes/etienne/gb-etienne-baiser-sur-le-pouce-70cm/> (referer: https://www.google.com/)
2026-08-18 14:59:08,046 [INFO] Fetched (200) <GET https://www.galeries-bartoux.com/artistes/etienne/gb-etienne-baiser-sur-le-pouce-70cm/> (referer: https://www.google.com/)
2026-08-18 14:59:11,178 [INFO]       Image sauvee -> artistes/etienne/baiser-sur-le-pouce-70cm.jpg
2026-08-18 14:59:11,179 [INFO]       OK Baiser sur le pouce | H.70cm
2026-08-18 14:59:11,179 [INFO]   -> Artiste : GAELLE WEISSBERG [Sculpteur]
[2026-08-18 14:59:16] INFO: Fetched (200) <GET https://www.galeries-bartoux.com/artistes/weissberg-gaelle/> (referer: https://www.google.com/)
2026-08-18 14:59:16,225 [INFO] Fetched (200) <GET https://www.galeries-bartoux.com/artistes/weissberg-gaelle/> (referer: https://www.google.com/)
2026-08-18 14:59:19,913 [INFO]     Bio recuperee (842 caracteres)
2026-08-18 14:59:19,918 [INFO]     Oeuvres candidates : 6
[2026-08-18 14:59:24] INFO: Fetched (200) <GET https://www.galeries-bartoux.com/artistes/weissberg-gaelle/secrets-des-molecules-h-69-cm-ceramique-technique-colombin-2/> (referer: https://www.google.com/)
2026-08-18 14:59:24,376 [INFO] Fetched (200) <GET https://www.galeries-bartoux.com/artistes/weissberg-gaelle/secrets-des-molecules-h-69-cm-ceramique-technique-colombin-2/> (referer: https://www.google.com/)
2026-08-18 14:59:27,521 [INFO]       Image sauvee -> artistes/gaelle-weissberg/secrets-des-mole-cules-70cm.jpg
2026-08-18 14:59:27,522 [INFO]       OK SECRETS DES MOLÉCULES | H. 70 cm
[2026-08-18 14:59:32] INFO: Fetched (200) <GET https://www.galeries-bartoux.com/artistes/weissberg-gaelle/amino-h-55-cm-ceramique-technique-colombin-2/> (referer: https://www.google.com/)
2026-08-18 14:59:32,091 [INFO] Fetched (200) <GET https://www.galeries-bartoux.com/artistes/weissberg-gaelle/amino-h-55-cm-ceramique-technique-colombin-2/> (referer: https://www.google.com/)
2026-08-18 14:59:35,260 [INFO]       Image sauvee -> artistes/gaelle-weissberg/amino-55cm.jpg
2026-08-18 14:59:35,260 [INFO]       OK AMINO | H. 55 cm
[2026-08-18 14:59:39] INFO: Fetched (200) <GET https://www.galeries-bartoux.com/artistes/weissberg-gaelle/starry-messenger-h-77-cm-ceramique-technique-colombin-2/> (referer: https://www.google.com/)
2026-08-18 14:59:39,410 [INFO] Fetched (200) <GET https://www.galeries-bartoux.com/artistes/weissberg-gaelle/starry-messenger-h-77-cm-ceramique-technique-colombin-2/> (referer: https://www.google.com/)
2026-08-18 14:59:42,556 [INFO]       Image sauvee -> artistes/gaelle-weissberg/starry-messenger-77cm.jpg
2026-08-18 14:59:42,557 [INFO]       OK STARRY MESSENGER | H. 77 cm
[2026-08-18 14:59:48] INFO: Fetched (200) <GET https://www.galeries-bartoux.com/artistes/weissberg-gaelle/starry-messenger-ii-h-88-cm-ceramique-technique-colombin-2/> (referer: https://www.google.com/)
2026-08-18 14:59:48,152 [INFO] Fetched (200) <GET https://www.galeries-bartoux.com/artistes/weissberg-gaelle/starry-messenger-ii-h-88-cm-ceramique-technique-colombin-2/> (referer: https://www.google.com/)
2026-08-18 14:59:51,304 [INFO]       Image sauvee -> artistes/gaelle-weissberg/starry-messenger-ii-88cm.jpg
2026-08-18 14:59:51,304 [INFO]       OK STARRY MESSENGER II | H. 88 cm
[2026-08-18 14:59:55] INFO: Fetched (200) <GET https://www.galeries-bartoux.com/artistes/weissberg-gaelle/earth-to-the-stars-h-75-cm-ceramique-technique-colombin/> (referer: https://www.google.com/)
2026-08-18 14:59:55,445 [INFO] Fetched (200) <GET https://www.galeries-bartoux.com/artistes/weissberg-gaelle/earth-to-the-stars-h-75-cm-ceramique-technique-colombin/> (referer: https://www.google.com/)
2026-08-18 14:59:58,560 [INFO]       Image sauvee -> artistes/gaelle-weissberg/earth-to-the-stars-75cm.jpg
2026-08-18 14:59:58,561 [INFO]       OK EARTH TO THE STARS | H. 75 cm
[2026-08-18 15:00:03] INFO: Fetched (200) <GET https://www.galeries-bartoux.com/artistes/weissberg-gaelle/anthropocosmos-h-79-cm-ceramique-technique-colombin/> (referer: https://www.google.com/)
2026-08-18 15:00:03,618 [INFO] Fetched (200) <GET https://www.galeries-bartoux.com/artistes/weissberg-gaelle/anthropocosmos-h-79-cm-ceramique-technique-colombin/> (referer: https://www.google.com/)
2026-08-18 15:00:06,766 [INFO]       Image sauvee -> artistes/gaelle-weissberg/anthropocosmos-80cm.jpg
2026-08-18 15:00:06,767 [INFO]       OK ANTHROPOCOSMOS | H. 80 cm
2026-08-18 15:00:06,767 [INFO]   -> Artiste : JEAN MARTIN [Sculpteur]
[2026-08-18 15:00:11] INFO: Fetched (200) <GET https://www.galeries-bartoux.com/artistes/jean-martin/> (referer: https://www.google.com/)
2026-08-18 15:00:11,449 [INFO] Fetched (200) <GET https://www.galeries-bartoux.com/artistes/jean-martin/> (referer: https://www.google.com/)
2026-08-18 15:00:15,156 [INFO]     Bio recuperee (809 caracteres)
2026-08-18 15:00:15,160 [INFO]     Oeuvres candidates : 12
[2026-08-18 15:00:20] INFO: Fetched (200) <GET https://www.galeries-bartoux.com/artistes/jean-martin/rhea-181-x-78-cm/> (referer: https://www.google.com/)
2026-08-18 15:00:20,117 [INFO] Fetched (200) <GET https://www.galeries-bartoux.com/artistes/jean-martin/rhea-181-x-78-cm/> (referer: https://www.google.com/)
2026-08-18 15:00:23,290 [INFO]       Image sauvee -> artistes/jean-martin/rhea-181x78cm.jpg
2026-08-18 15:00:23,291 [INFO]       OK RHEA | 181 x 78 cm
[2026-08-18 15:00:27] INFO: Fetched (200) <GET https://www.galeries-bartoux.com/artistes/jean-martin/isis-186-x-89-cm/> (referer: https://www.google.com/)
2026-08-18 15:00:27,781 [INFO] Fetched (200) <GET https://www.galeries-bartoux.com/artistes/jean-martin/isis-186-x-89-cm/> (referer: https://www.google.com/)
2026-08-18 15:00:30,975 [INFO]       Image sauvee -> artistes/jean-martin/isis-186x89cm.jpg
2026-08-18 15:00:30,976 [INFO]       OK ISIS | 186 x 89 cm
[2026-08-18 15:00:36] INFO: Fetched (200) <GET https://www.galeries-bartoux.com/artistes/jean-martin/maia-108-x-96-x-52-cm-stainless-steel/> (referer: https://www.google.com/)
2026-08-18 15:00:36,846 [INFO] Fetched (200) <GET https://www.galeries-bartoux.com/artistes/jean-martin/maia-108-x-96-x-52-cm-stainless-steel/> (referer: https://www.google.com/)
2026-08-18 15:00:40,025 [INFO]       Image sauvee -> artistes/jean-martin/maia-108x96x52cm.jpg
2026-08-18 15:00:40,026 [INFO]       OK MAIA | 108 x 96 x 52 cm
[2026-08-18 15:00:44] INFO: Fetched (200) <GET https://www.galeries-bartoux.com/artistes/jean-martin/le-baiser/> (referer: https://www.google.com/)
2026-08-18 15:00:44,324 [INFO] Fetched (200) <GET https://www.galeries-bartoux.com/artistes/jean-martin/le-baiser/> (referer: https://www.google.com/)
2026-08-18 15:00:47,473 [INFO]       Image sauvee -> artistes/jean-martin/le-baiser-183x98x66cm.jpg
2026-08-18 15:00:47,474 [INFO]       OK LE BAISER | 183 x 98 x 66 cm
[2026-08-18 15:00:53] INFO: Fetched (200) <GET https://www.galeries-bartoux.com/artistes/jean-martin/aria-180-x-60-x-60-cm-stainless-steel/> (referer: https://www.google.com/)
2026-08-18 15:00:53,468 [INFO] Fetched (200) <GET https://www.galeries-bartoux.com/artistes/jean-martin/aria-180-x-60-x-60-cm-stainless-steel/> (referer: https://www.google.com/)
2026-08-18 15:00:56,625 [INFO]       Image sauvee -> artistes/jean-martin/aria-180x60x60cm.jpg
2026-08-18 15:00:56,626 [INFO]       OK ARIA | 180 x 60 x 60 cm
[2026-08-18 15:01:00] INFO: Fetched (200) <GET https://www.galeries-bartoux.com/artistes/jean-martin/kali-94-x-71-x-64-cm-stainless-steel/> (referer: https://www.google.com/)
2026-08-18 15:01:00,922 [INFO] Fetched (200) <GET https://www.galeries-bartoux.com/artistes/jean-martin/kali-94-x-71-x-64-cm-stainless-steel/> (referer: https://www.google.com/)
2026-08-18 15:01:04,081 [INFO]       Image sauvee -> artistes/jean-martin/kali-94x71x64cm.jpg
2026-08-18 15:01:04,082 [INFO]       OK KALI | 94 x 71 x 64 cm
[2026-08-18 15:01:09] INFO: Fetched (200) <GET https://www.galeries-bartoux.com/artistes/jean-martin/harmonie-193-x-70-x-42-cm/> (referer: https://www.google.com/)
2026-08-18 15:01:09,210 [INFO] Fetched (200) <GET https://www.galeries-bartoux.com/artistes/jean-martin/harmonie-193-x-70-x-42-cm/> (referer: https://www.google.com/)
2026-08-18 15:01:12,389 [INFO]       Image sauvee -> artistes/jean-martin/harmonie-193x70x42cm.jpg
2026-08-18 15:01:12,389 [INFO]       OK HARMONIE | 193 x 70 x 42 cm
[2026-08-18 15:01:16] INFO: Fetched (200) <GET https://www.galeries-bartoux.com/artistes/jean-martin/ariane-123-x-86-x-51-cm/> (referer: https://www.google.com/)
2026-08-18 15:01:16,713 [INFO] Fetched (200) <GET https://www.galeries-bartoux.com/artistes/jean-martin/ariane-123-x-86-x-51-cm/> (referer: https://www.google.com/)
2026-08-18 15:01:19,935 [INFO]       Image sauvee -> artistes/jean-martin/ariane-123x86x51cm.jpg
2026-08-18 15:01:19,936 [INFO]       OK ARIANE | 123 x 86 x 51 cm
[2026-08-18 15:01:24] INFO: Fetched (200) <GET https://www.galeries-bartoux.com/artistes/jean-martin/calliope-135-x-60-x-100-cm/> (referer: https://www.google.com/)
2026-08-18 15:01:24,499 [INFO] Fetched (200) <GET https://www.galeries-bartoux.com/artistes/jean-martin/calliope-135-x-60-x-100-cm/> (referer: https://www.google.com/)
2026-08-18 15:01:27,706 [INFO]       Image sauvee -> artistes/jean-martin/calliope-135x60x100cm.jpg
2026-08-18 15:01:27,707 [INFO]       OK CALLIOPE | 135 x 60 x 100 cm
[2026-08-18 15:01:32] INFO: Fetched (200) <GET https://www.galeries-bartoux.com/artistes/jean-martin/victoria-180-x-60-x-60-cm/> (referer: https://www.google.com/)
2026-08-18 15:01:32,317 [INFO] Fetched (200) <GET https://www.galeries-bartoux.com/artistes/jean-martin/victoria-180-x-60-x-60-cm/> (referer: https://www.google.com/)
2026-08-18 15:01:35,506 [INFO]       Image sauvee -> artistes/jean-martin/victoria-180x60x60cm.jpg
2026-08-18 15:01:35,506 [INFO]       OK VICTORIA | 180 x 60 x 60 cm
[2026-08-18 15:01:39] INFO: Fetched (200) <GET https://www.galeries-bartoux.com/artistes/jean-martin/tara-52-x-87-x-95-cm-stainless-steel/> (referer: https://www.google.com/)
2026-08-18 15:01:39,753 [INFO] Fetched (200) <GET https://www.galeries-bartoux.com/artistes/jean-martin/tara-52-x-87-x-95-cm-stainless-steel/> (referer: https://www.google.com/)
2026-08-18 15:01:42,926 [INFO]       Image sauvee -> artistes/jean-martin/tara-52x87x95cm.jpg
2026-08-18 15:01:42,927 [INFO]       OK TARA | 52 x 87 x 95 cm
[2026-08-18 15:01:48] INFO: Fetched (200) <GET https://www.galeries-bartoux.com/artistes/jean-martin/psyche-196-x-109-x-60-cm/> (referer: https://www.google.com/)
2026-08-18 15:01:48,059 [INFO] Fetched (200) <GET https://www.galeries-bartoux.com/artistes/jean-martin/psyche-196-x-109-x-60-cm/> (referer: https://www.google.com/)
2026-08-18 15:01:51,250 [INFO]       Image sauvee -> artistes/jean-martin/psyche-196x109x60cm.jpg
2026-08-18 15:01:51,251 [INFO]       OK PSYCHÉ | 196 x 109 x 60 cm
2026-08-18 15:01:51,251 [INFO]   -> Artiste : JÜRGEN LINGL [Sculpteur]
[2026-08-18 15:01:55] INFO: Fetched (200) <GET https://www.galeries-bartoux.com/artistes/jurgen-lingl/> (referer: https://www.google.com/)
2026-08-18 15:01:55,677 [INFO] Fetched (200) <GET https://www.galeries-bartoux.com/artistes/jurgen-lingl/> (referer: https://www.google.com/)
2026-08-18 15:01:59,369 [INFO]     Bio recuperee (1245 caracteres)
2026-08-18 15:01:59,371 [INFO]     Oeuvres candidates : 2
[2026-08-18 15:02:03] INFO: Fetched (200) <GET https://www.galeries-bartoux.com/artistes/jurgen-lingl/jurgen-lingl-old-brother-83-x-62-cm-bronze/> (referer: https://www.google.com/)
2026-08-18 15:02:03,772 [INFO] Fetched (200) <GET https://www.galeries-bartoux.com/artistes/jurgen-lingl/jurgen-lingl-old-brother-83-x-62-cm-bronze/> (referer: https://www.google.com/)
2026-08-18 15:02:06,912 [INFO]       Image sauvee -> artistes/jurgen-lingl/old-brother-83x62cm.jpg
2026-08-18 15:02:06,913 [INFO]       OK OLD BROTHER | 83 x 62 cm
[2026-08-18 15:02:11] INFO: Fetched (200) <GET https://www.galeries-bartoux.com/artistes/jurgen-lingl/jurgen-lingl-nardo-107-x-72-cm-bronze/> (referer: https://www.google.com/)
2026-08-18 15:02:11,939 [INFO] Fetched (200) <GET https://www.galeries-bartoux.com/artistes/jurgen-lingl/jurgen-lingl-nardo-107-x-72-cm-bronze/> (referer: https://www.google.com/)
2026-08-18 15:02:15,108 [INFO]       Image sauvee -> artistes/jurgen-lingl/nardo-107x72cm.jpg
2026-08-18 15:02:15,109 [INFO]       OK NARDO | 107 x 72 cm
2026-08-18 15:02:15,110 [INFO]   -> Artiste : KIKO [Sculpteur]
[2026-08-18 15:02:19] INFO: Fetched (200) <GET https://www.galeries-bartoux.com/artistes/kiko-3/> (referer: https://www.google.com/)
2026-08-18 15:02:19,344 [INFO] Fetched (200) <GET https://www.galeries-bartoux.com/artistes/kiko-3/> (referer: https://www.google.com/)
2026-08-18 15:02:23,047 [INFO]     Bio recuperee (736 caracteres)
2026-08-18 15:02:23,048 [INFO]     Oeuvres candidates : 5
[2026-08-18 15:02:27] INFO: Fetched (200) <GET https://www.galeries-bartoux.com/artistes/kiko-3/kiko-la-reveuse-aux-origamis-bronze-2/> (referer: https://www.google.com/)
2026-08-18 15:02:27,679 [INFO] Fetched (200) <GET https://www.galeries-bartoux.com/artistes/kiko-3/kiko-la-reveuse-aux-origamis-bronze-2/> (referer: https://www.google.com/)
2026-08-18 15:02:30,824 [INFO]       Image sauvee -> artistes/kiko/la-re-veuse-aux-origamis-110x33cm.jpg
2026-08-18 15:02:30,825 [INFO]       OK LA RÊVEUSE AUX ORIGAMIS | 110 x 33 cm
[2026-08-18 15:02:35] INFO: Fetched (200) <GET https://www.galeries-bartoux.com/artistes/kiko-3/kiko-la-gardienne-et-lourson-dorigami-bronze-2/> (referer: https://www.google.com/)
2026-08-18 15:02:35,210 [INFO] Fetched (200) <GET https://www.galeries-bartoux.com/artistes/kiko-3/kiko-la-gardienne-et-lourson-dorigami-bronze-2/> (referer: https://www.google.com/)
2026-08-18 15:02:38,373 [INFO]       Image sauvee -> artistes/kiko/la-gardienne-et-l-ourson-d-origami-125x33cm.jpg
2026-08-18 15:02:38,373 [INFO]       OK LA GARDIENNE ET L’OURSON D’ORIGAMI | 125 x 33 cm
[2026-08-18 15:02:43] INFO: Fetched (200) <GET https://www.galeries-bartoux.com/artistes/kiko-3/kiko-larlequin-h-120-cm-bronze/> (referer: https://www.google.com/)
2026-08-18 15:02:43,342 [INFO] Fetched (200) <GET https://www.galeries-bartoux.com/artistes/kiko-3/kiko-larlequin-h-120-cm-bronze/> (referer: https://www.google.com/)
2026-08-18 15:02:46,484 [INFO]       Image sauvee -> artistes/kiko/l-arlequin-120cm.jpg
2026-08-18 15:02:46,484 [INFO]       OK L’ARLEQUIN | H. 120 cm
[2026-08-18 15:02:51] INFO: Fetched (200) <GET https://www.galeries-bartoux.com/artistes/kiko-3/kiko-ourson-violon-60-x-53-cm-bronze-1-3/> (referer: https://www.google.com/)
2026-08-18 15:02:51,852 [INFO] Fetched (200) <GET https://www.galeries-bartoux.com/artistes/kiko-3/kiko-ourson-violon-60-x-53-cm-bronze-1-3/> (referer: https://www.google.com/)
2026-08-18 15:02:55,000 [INFO]       Image sauvee -> artistes/kiko/ourson-violon-60x53cm.jpg
2026-08-18 15:02:55,001 [INFO]       OK OURSON VIOLON | 60 x 53 cm
[2026-08-18 15:02:59] INFO: Fetched (200) <GET https://www.galeries-bartoux.com/artistes/kiko-3/kiko-ourson-ski-60-x-53-cm-bronze/> (referer: https://www.google.com/)
2026-08-18 15:02:59,896 [INFO] Fetched (200) <GET https://www.galeries-bartoux.com/artistes/kiko-3/kiko-ourson-ski-60-x-53-cm-bronze/> (referer: https://www.google.com/)
2026-08-18 15:03:03,069 [INFO]       Image sauvee -> artistes/kiko/ourson-ski-60x53cm.jpg
2026-08-18 15:03:03,069 [INFO]       OK OURSON SKI | 60 x 53 cm
2026-08-18 15:03:03,070 [INFO]   -> Artiste : LORENZO QUINN [Sculpteur]
[2026-08-18 15:03:07] INFO: Fetched (200) <GET https://www.galeries-bartoux.com/artistes/quinn-lorenzo/> (referer: https://www.google.com/)
2026-08-18 15:03:07,509 [INFO] Fetched (200) <GET https://www.galeries-bartoux.com/artistes/quinn-lorenzo/> (referer: https://www.google.com/)
2026-08-18 15:03:11,204 [INFO]     Bio recuperee (863 caracteres)
2026-08-18 15:03:11,207 [INFO]     Oeuvres candidates : 15
[2026-08-18 15:03:15] INFO: Fetched (200) <GET https://www.galeries-bartoux.com/artistes/quinn-lorenzo/i-give-you-my-heart-iii-bronze-90cm/> (referer: https://www.google.com/)
2026-08-18 15:03:15,572 [INFO] Fetched (200) <GET https://www.galeries-bartoux.com/artistes/quinn-lorenzo/i-give-you-my-heart-iii-bronze-90cm/> (referer: https://www.google.com/)
2026-08-18 15:03:18,732 [INFO]       Image sauvee -> artistes/lorenzo-quinn/i-give-you-my-heart-iii-90cm.jpg
2026-08-18 15:03:18,733 [INFO]       OK I GIVE YOU MY HEART III | 90cm
[2026-08-18 15:03:23] INFO: Fetched (200) <GET https://www.galeries-bartoux.com/artistes/quinn-lorenzo/infinite-emotions-37cm-alu-001/> (referer: https://www.google.com/)
2026-08-18 15:03:23,075 [INFO] Fetched (200) <GET https://www.galeries-bartoux.com/artistes/quinn-lorenzo/infinite-emotions-37cm-alu-001/> (referer: https://www.google.com/)
2026-08-18 15:03:26,205 [INFO]       Image sauvee -> artistes/lorenzo-quinn/infinite-emotions-20x20x37cm.jpg
2026-08-18 15:03:26,206 [INFO]       OK Infinite Emotions | 20x20x37cm
[2026-08-18 15:03:30] INFO: Fetched (200) <GET https://www.galeries-bartoux.com/artistes/quinn-lorenzo/joining-hearts-bronze/> (referer: https://www.google.com/)
2026-08-18 15:03:30,929 [INFO] Fetched (200) <GET https://www.galeries-bartoux.com/artistes/quinn-lorenzo/joining-hearts-bronze/> (referer: https://www.google.com/)
2026-08-18 15:03:34,068 [INFO]       Image sauvee -> artistes/lorenzo-quinn/joining-hearts-81x5x41x5x40cm.jpg
2026-08-18 15:03:34,069 [INFO]       OK Joining Hearts | 81,5x41,5x40cm
[2026-08-18 15:03:39] INFO: Fetched (200) <GET https://www.galeries-bartoux.com/artistes/quinn-lorenzo/coeur-bleu/> (referer: https://www.google.com/)
2026-08-18 15:03:39,322 [INFO] Fetched (200) <GET https://www.galeries-bartoux.com/artistes/quinn-lorenzo/coeur-bleu/> (referer: https://www.google.com/)
2026-08-18 15:03:42,501 [INFO]       Image sauvee -> artistes/lorenzo-quinn/i-give-you-my-heart-iii-58x50x26cm.jpg
2026-08-18 15:03:42,502 [INFO]       OK I GIVE YOU MY HEART III | 58 x 50 x 26 cm
[2026-08-18 15:03:49] INFO: Fetched (200) <GET https://www.galeries-bartoux.com/artistes/quinn-lorenzo/during-love-bronze-75cm/> (referer: https://www.google.com/)
2026-08-18 15:03:49,207 [INFO] Fetched (200) <GET https://www.galeries-bartoux.com/artistes/quinn-lorenzo/during-love-bronze-75cm/> (referer: https://www.google.com/)
2026-08-18 15:03:52,365 [INFO]       Image sauvee -> artistes/lorenzo-quinn/during-love-105x40x5x74cm.jpg
2026-08-18 15:03:52,366 [INFO]       OK DURING LOVE | 105x40,5x74cm
[2026-08-18 15:03:56] INFO: Fetched (200) <GET https://www.galeries-bartoux.com/artistes/quinn-lorenzo/i-give-you-my-heart-iii-green/> (referer: https://www.google.com/)
2026-08-18 15:03:56,911 [INFO] Fetched (200) <GET https://www.galeries-bartoux.com/artistes/quinn-lorenzo/i-give-you-my-heart-iii-green/> (referer: https://www.google.com/)
2026-08-18 15:04:00,044 [INFO]       Image sauvee -> artistes/lorenzo-quinn/i-give-you-my-heart-iii-green-35cm.jpg
2026-08-18 15:04:00,044 [INFO]       OK I GIVE YOU MY HEART III – GREEN | H. 35 cm
[2026-08-18 15:04:05] INFO: Fetched (200) <GET https://www.galeries-bartoux.com/artistes/quinn-lorenzo/i-give-you-my-heart-iii-pink/> (referer: https://www.google.com/)
2026-08-18 15:04:05,190 [INFO] Fetched (200) <GET https://www.galeries-bartoux.com/artistes/quinn-lorenzo/i-give-you-my-heart-iii-pink/> (referer: https://www.google.com/)
2026-08-18 15:04:08,344 [INFO]       Image sauvee -> artistes/lorenzo-quinn/i-give-you-my-heart-iii-pink-35cm.jpg
2026-08-18 15:04:08,345 [INFO]       OK I GIVE YOU MY HEART III – PINK | H. 35 cm
[2026-08-18 15:04:12] INFO: Fetched (200) <GET https://www.galeries-bartoux.com/artistes/quinn-lorenzo/reaching-for-love-bronze-130cm/> (referer: https://www.google.com/)
2026-08-18 15:04:12,667 [INFO] Fetched (200) <GET https://www.galeries-bartoux.com/artistes/quinn-lorenzo/reaching-for-love-bronze-130cm/> (referer: https://www.google.com/)
2026-08-18 15:04:15,816 [INFO]       Image sauvee -> artistes/lorenzo-quinn/reaching-for-love-132x30x137cm.jpg
2026-08-18 15:04:15,817 [INFO]       OK REACHING FOR LOVE | 132x30x137cm
[2026-08-18 15:04:20] INFO: Fetched (200) <GET https://www.galeries-bartoux.com/artistes/quinn-lorenzo/i-give-you-my-heart-iii-pol-br-hands-golden-resin-30cm_2/> (referer: https://www.google.com/)
2026-08-18 15:04:20,211 [INFO] Fetched (200) <GET https://www.galeries-bartoux.com/artistes/quinn-lorenzo/i-give-you-my-heart-iii-pol-br-hands-golden-resin-30cm_2/> (referer: https://www.google.com/)
2026-08-18 15:04:23,364 [INFO]       Image sauvee -> artistes/lorenzo-quinn/i-give-you-my-heart-iii-30x23x12cm.jpg
2026-08-18 15:04:23,365 [INFO]       OK I GIVE YOU MY HEART III | 30 x 23 x 12 cm
[2026-08-18 15:04:27] INFO: Fetched (200) <GET https://www.galeries-bartoux.com/artistes/quinn-lorenzo/balance-of-love-white-bronze-80cm/> (referer: https://www.google.com/)
2026-08-18 15:04:27,832 [INFO] Fetched (200) <GET https://www.galeries-bartoux.com/artistes/quinn-lorenzo/balance-of-love-white-bronze-80cm/> (referer: https://www.google.com/)
2026-08-18 15:04:30,973 [INFO]       Image sauvee -> artistes/lorenzo-quinn/balance-of-love-77x5x22x25cm.jpg
2026-08-18 15:04:30,974 [INFO]       OK BALANCE OF LOVE | 77,5x22x25cm
[2026-08-18 15:04:36] INFO: Fetched (200) <GET https://www.galeries-bartoux.com/artistes/quinn-lorenzo/reach-male-bronze-60cm/> (referer: https://www.google.com/)
2026-08-18 15:04:36,742 [INFO] Fetched (200) <GET https://www.galeries-bartoux.com/artistes/quinn-lorenzo/reach-male-bronze-60cm/> (referer: https://www.google.com/)
2026-08-18 15:04:39,859 [INFO]       Image sauvee -> artistes/lorenzo-quinn/reach-male-25x12x70cm.jpg
2026-08-18 15:04:39,859 [INFO]       OK REACH MALE | 25x12x70cm
[2026-08-18 15:04:43] INFO: Fetched (200) <GET https://www.galeries-bartoux.com/artistes/quinn-lorenzo/i-give-you-my-heart-iii-345-x-34-x-34-cm-blue-chromed-stainless-steel-polish-bronze-01/> (referer: https://www.google.com/)
2026-08-18 15:04:43,997 [INFO] Fetched (200) <GET https://www.galeries-bartoux.com/artistes/quinn-lorenzo/i-give-you-my-heart-iii-345-x-34-x-34-cm-blue-chromed-stainless-steel-polish-bronze-01/> (referer: https://www.google.com/)
2026-08-18 15:04:47,159 [INFO]       Image sauvee -> artistes/lorenzo-quinn/i-give-you-my-heart-iii-35x34x34cm.jpg
2026-08-18 15:04:47,160 [INFO]       OK I GIVE YOU MY HEART III | 35 x 34 x 34 cm
[2026-08-18 15:04:52] INFO: Fetched (200) <GET https://www.galeries-bartoux.com/artistes/quinn-lorenzo/finding-love-white-bronze-75cm/> (referer: https://www.google.com/)
2026-08-18 15:04:52,903 [INFO] Fetched (200) <GET https://www.galeries-bartoux.com/artistes/quinn-lorenzo/finding-love-white-bronze-75cm/> (referer: https://www.google.com/)
2026-08-18 15:04:56,032 [INFO]       Image sauvee -> artistes/lorenzo-quinn/finding-love-105x40x5x64cm.jpg
2026-08-18 15:04:56,033 [INFO]       OK FINDING LOVE | 105x40,5x64cm
[2026-08-18 15:05:00] INFO: Fetched (200) <GET https://www.galeries-bartoux.com/artistes/quinn-lorenzo/giving-and-receiving-love-alu/> (referer: https://www.google.com/)
2026-08-18 15:05:00,507 [INFO] Fetched (200) <GET https://www.galeries-bartoux.com/artistes/quinn-lorenzo/giving-and-receiving-love-alu/> (referer: https://www.google.com/)
2026-08-18 15:05:03,665 [INFO]       Image sauvee -> artistes/lorenzo-quinn/giving-and-receiving-love-35x20x34cm.jpg
2026-08-18 15:05:03,667 [INFO]       OK GIVING AND RECEIVING LOVE | 35x20x34cm
[2026-08-18 15:05:08] INFO: Fetched (200) <GET https://www.galeries-bartoux.com/artistes/quinn-lorenzo/tight-rope-hands-alu/> (referer: https://www.google.com/)
2026-08-18 15:05:08,148 [INFO] Fetched (200) <GET https://www.galeries-bartoux.com/artistes/quinn-lorenzo/tight-rope-hands-alu/> (referer: https://www.google.com/)
2026-08-18 15:05:11,328 [INFO]       Image sauvee -> artistes/lorenzo-quinn/tight-rope-hands-75x30x66cm.jpg
2026-08-18 15:05:11,329 [INFO]       OK TIGHT ROPE HANDS | 75x30x66cm
2026-08-18 15:05:11,329 [INFO]   -> Artiste : LOTHAR [Sculpteur]
[2026-08-18 15:05:16] INFO: Fetched (200) <GET https://www.galeries-bartoux.com/artistes/lothar/> (referer: https://www.google.com/)
2026-08-18 15:05:16,127 [INFO] Fetched (200) <GET https://www.galeries-bartoux.com/artistes/lothar/> (referer: https://www.google.com/)
2026-08-18 15:05:19,839 [INFO]     Bio recuperee (667 caracteres)
2026-08-18 15:05:19,844 [INFO]     Oeuvres candidates : 14
[2026-08-18 15:05:24] INFO: Fetched (200) <GET https://www.galeries-bartoux.com/artistes/lothar/lothar-ladies-desire-dior-saddle-bag-30-x-25-cm-bronze/> (referer: https://www.google.com/)
2026-08-18 15:05:24,403 [INFO] Fetched (200) <GET https://www.galeries-bartoux.com/artistes/lothar/lothar-ladies-desire-dior-saddle-bag-30-x-25-cm-bronze/> (referer: https://www.google.com/)
2026-08-18 15:05:27,593 [INFO]       Image sauvee -> artistes/lothar/ladies-desire-dior-saddle-bag-30x25cm.jpg
2026-08-18 15:05:27,594 [INFO]       OK LADIES DESIRE DIOR SADDLE BAG | 30 x 25 cm
[2026-08-18 15:05:32] INFO: Fetched (200) <GET https://www.galeries-bartoux.com/artistes/lothar/lothar-ladies-desire-chanel-25-28-x-30-cm-bronze/> (referer: https://www.google.com/)
2026-08-18 15:05:32,124 [INFO] Fetched (200) <GET https://www.galeries-bartoux.com/artistes/lothar/lothar-ladies-desire-chanel-25-28-x-30-cm-bronze/> (referer: https://www.google.com/)
2026-08-18 15:05:35,310 [INFO]       Image sauvee -> artistes/lothar/ladies-desire-chanel-25-28x30cm.jpg
2026-08-18 15:05:35,311 [INFO]       OK LADIES DESIRE CHANEL 25 | 28 x 30 cm
[2026-08-18 15:05:39] INFO: Fetched (200) <GET https://www.galeries-bartoux.com/artistes/lothar/lothar-ladies-desire-chanel-30-x-27-cm-bronze/> (referer: https://www.google.com/)
2026-08-18 15:05:39,760 [INFO] Fetched (200) <GET https://www.galeries-bartoux.com/artistes/lothar/lothar-ladies-desire-chanel-30-x-27-cm-bronze/> (referer: https://www.google.com/)
2026-08-18 15:05:42,929 [INFO]       Image sauvee -> artistes/lothar/ladies-desire-chanel-30x27cm.jpg
2026-08-18 15:05:42,930 [INFO]       OK LADIES DESIRE CHANEL | 30 x 27 cm
[2026-08-18 15:05:49] INFO: Fetched (200) <GET https://www.galeries-bartoux.com/artistes/lothar/lothar-5/> (referer: https://www.google.com/)
2026-08-18 15:05:49,059 [INFO] Fetched (200) <GET https://www.galeries-bartoux.com/artistes/lothar/lothar-5/> (referer: https://www.google.com/)
2026-08-18 15:05:52,219 [INFO]       Image sauvee -> artistes/lothar/ladies-desire-30x27cm.jpg
2026-08-18 15:05:52,220 [INFO]       OK LADIES DESIRE | 30 x 27 cm
[2026-08-18 15:05:57] INFO: Fetched (200) <GET https://www.galeries-bartoux.com/artistes/lothar/hermes-bag-30x27cm-2/> (referer: https://www.google.com/)
2026-08-18 15:05:57,173 [INFO] Fetched (200) <GET https://www.galeries-bartoux.com/artistes/lothar/hermes-bag-30x27cm-2/> (referer: https://www.google.com/)
2026-08-18 15:06:00,335 [INFO]       Image sauvee -> artistes/lothar/ladies-desire-hermes-birkin-30x27cm.jpg
2026-08-18 15:06:00,335 [INFO]       OK LADIES DESIRE HERMÈS BIRKIN | 30 x 27 cm
[2026-08-18 15:06:04] INFO: Fetched (200) <GET https://www.galeries-bartoux.com/artistes/lothar/lothar-sweet-heart-small-single-26-x-12-cm-bronze-1/> (referer: https://www.google.com/)
2026-08-18 15:06:04,675 [INFO] Fetched (200) <GET https://www.galeries-bartoux.com/artistes/lothar/lothar-sweet-heart-small-single-26-x-12-cm-bronze-1/> (referer: https://www.google.com/)
2026-08-18 15:06:07,817 [INFO]       Image sauvee -> artistes/lothar/sweet-heart-small-single-26x12cm.jpg
2026-08-18 15:06:07,818 [INFO]       OK SWEET HEART SMALL SINGLE | 26 x 12 cm
[2026-08-18 15:06:12] INFO: Fetched (200) <GET https://www.galeries-bartoux.com/artistes/lothar/celebration-midi-h-70-cm-bronze-69753/> (referer: https://www.google.com/)
2026-08-18 15:06:12,870 [INFO] Fetched (200) <GET https://www.galeries-bartoux.com/artistes/lothar/celebration-midi-h-70-cm-bronze-69753/> (referer: https://www.google.com/)
2026-08-18 15:06:16,053 [INFO]       Image sauvee -> artistes/lothar/celebration-midi-70cm.jpg
2026-08-18 15:06:16,054 [INFO]       OK CELEBRATION MIDI | H. 70 cm
[2026-08-18 15:06:20] INFO: Fetched (200) <GET https://www.galeries-bartoux.com/artistes/lothar/trio-midi-45-x-25-x-25-cm/> (referer: https://www.google.com/)
2026-08-18 15:06:20,614 [INFO] Fetched (200) <GET https://www.galeries-bartoux.com/artistes/lothar/trio-midi-45-x-25-x-25-cm/> (referer: https://www.google.com/)
2026-08-18 15:06:23,766 [INFO]       Image sauvee -> artistes/lothar/trio-midi-45x25x25cm.jpg
2026-08-18 15:06:23,767 [INFO]       OK TRIO MIDI | 45 x 25 x 25 cm
[2026-08-18 15:06:28] INFO: Fetched (200) <GET https://www.galeries-bartoux.com/artistes/lothar/le-couple-with-three-leafs-64-cm/> (referer: https://www.google.com/)
2026-08-18 15:06:28,821 [INFO] Fetched (200) <GET https://www.galeries-bartoux.com/artistes/lothar/le-couple-with-three-leafs-64-cm/> (referer: https://www.google.com/)
2026-08-18 15:06:31,999 [INFO]       Image sauvee -> artistes/lothar/le-couple-with-three-leafs-64cm.jpg
2026-08-18 15:06:32,001 [INFO]       OK LE COUPLE WITH THREE LEAFS | H.64 cm
[2026-08-18 15:06:36] INFO: Fetched (200) <GET https://www.galeries-bartoux.com/artistes/lothar/love-cherry-tender-single-pure-inside-60-x-16-cm/> (referer: https://www.google.com/)
2026-08-18 15:06:36,346 [INFO] Fetched (200) <GET https://www.galeries-bartoux.com/artistes/lothar/love-cherry-tender-single-pure-inside-60-x-16-cm/> (referer: https://www.google.com/)
2026-08-18 15:06:39,492 [INFO]       Image sauvee -> artistes/lothar/love-cherry-tender-single-pure-inside-60x16cm.jpg
2026-08-18 15:06:39,493 [INFO]       OK LOVE CHERRY TENDER SINGLE PURE INSIDE | 60 x 16 cm
[2026-08-18 15:06:44] INFO: Fetched (200) <GET https://www.galeries-bartoux.com/artistes/lothar/love-cherries-pure-inside-serie-iv-64-x-36-cm/> (referer: https://www.google.com/)
2026-08-18 15:06:44,417 [INFO] Fetched (200) <GET https://www.galeries-bartoux.com/artistes/lothar/love-cherries-pure-inside-serie-iv-64-x-36-cm/> (referer: https://www.google.com/)
2026-08-18 15:06:47,575 [INFO]       Image sauvee -> artistes/lothar/love-cherries-pure-inside-serie-iv-64x36cm.jpg
2026-08-18 15:06:47,576 [INFO]       OK LOVE CHERRIES PURE INSIDE SERIE IV | 64 x 36 cm
[2026-08-18 15:06:52] INFO: Fetched (200) <GET https://www.galeries-bartoux.com/artistes/lothar/reflection-80-x-30-cm/> (referer: https://www.google.com/)
2026-08-18 15:06:52,051 [INFO] Fetched (200) <GET https://www.galeries-bartoux.com/artistes/lothar/reflection-80-x-30-cm/> (referer: https://www.google.com/)
2026-08-18 15:06:55,207 [INFO]       Image sauvee -> artistes/lothar/reflection-80x30cm.jpg
2026-08-18 15:06:55,208 [INFO]       OK REFLECTION | 80 x 30 cm
[2026-08-18 15:07:00] INFO: Fetched (200) <GET https://www.galeries-bartoux.com/artistes/lothar/temtation-35-x-25-x-48-cm-2/> (referer: https://www.google.com/)
2026-08-18 15:07:00,425 [INFO] Fetched (200) <GET https://www.galeries-bartoux.com/artistes/lothar/temtation-35-x-25-x-48-cm-2/> (referer: https://www.google.com/)
2026-08-18 15:07:03,586 [INFO]       Image sauvee -> artistes/lothar/temptation-35x25x48cm.jpg
2026-08-18 15:07:03,587 [INFO]       OK TEMPTATION | 35 x 25 x 48 cm
[2026-08-18 15:07:07] INFO: Fetched (200) <GET https://www.galeries-bartoux.com/artistes/lothar/happiness-serie-i-25-x-26-x-30-cm/> (referer: https://www.google.com/)
2026-08-18 15:07:07,747 [INFO] Fetched (200) <GET https://www.galeries-bartoux.com/artistes/lothar/happiness-serie-i-25-x-26-x-30-cm/> (referer: https://www.google.com/)
2026-08-18 15:07:10,897 [INFO]       Image sauvee -> artistes/lothar/happiness-serie-i-25x26x30cm.jpg
2026-08-18 15:07:10,898 [INFO]       OK HAPPINESS SERIE I | 25 x 26 x 30 cm
2026-08-18 15:07:10,898 [INFO]   -> Artiste : LUO LI RONG [Sculpteur]
[2026-08-18 15:07:15] INFO: Fetched (200) <GET https://www.galeries-bartoux.com/artistes/luo-li-rong/> (referer: https://www.google.com/)
2026-08-18 15:07:15,934 [INFO] Fetched (200) <GET https://www.galeries-bartoux.com/artistes/luo-li-rong/> (referer: https://www.google.com/)
2026-08-18 15:07:19,624 [INFO]     Bio recuperee (1606 caracteres)
2026-08-18 15:07:19,631 [INFO]     Oeuvres candidates : 23
[2026-08-18 15:07:24] INFO: Fetched (200) <GET https://www.galeries-bartoux.com/artistes/luo-li-rong/luo-li-rong-brave-soul-145-x-67-x-30-cm-bronze/> (referer: https://www.google.com/)
2026-08-18 15:07:24,229 [INFO] Fetched (200) <GET https://www.galeries-bartoux.com/artistes/luo-li-rong/luo-li-rong-brave-soul-145-x-67-x-30-cm-bronze/> (referer: https://www.google.com/)
2026-08-18 15:07:27,365 [INFO]       Image sauvee -> artistes/luo-li-rong/brave-soul-145x67x30cm.jpg
2026-08-18 15:07:27,365 [INFO]       OK BRAVE SOUL | 145 x 67 x 30 cm
[2026-08-18 15:07:32] INFO: Fetched (200) <GET https://www.galeries-bartoux.com/artistes/luo-li-rong/luo-li-rong-break-into-light-115-x-75-x-30-cm-bronze/> (referer: https://www.google.com/)
2026-08-18 15:07:32,443 [INFO] Fetched (200) <GET https://www.galeries-bartoux.com/artistes/luo-li-rong/luo-li-rong-break-into-light-115-x-75-x-30-cm-bronze/> (referer: https://www.google.com/)
2026-08-18 15:07:35,592 [INFO]       Image sauvee -> artistes/luo-li-rong/break-into-light-115x75x30cm.jpg
2026-08-18 15:07:35,592 [INFO]       OK BREAK INTO LIGHT | 115 x 75 x 30 cm
[2026-08-18 15:07:40] INFO: Fetched (200) <GET https://www.galeries-bartoux.com/artistes/luo-li-rong/among-blossoms-180-x-120-x-27-cm-bronze/> (referer: https://www.google.com/)
2026-08-18 15:07:40,023 [INFO] Fetched (200) <GET https://www.galeries-bartoux.com/artistes/luo-li-rong/among-blossoms-180-x-120-x-27-cm-bronze/> (referer: https://www.google.com/)
2026-08-18 15:07:43,168 [INFO]       Image sauvee -> artistes/luo-li-rong/among-blossoms-180x120x27cm.jpg
2026-08-18 15:07:43,169 [INFO]       OK AMONG BLOSSOMS | 180 x 120 x 27 cm
[2026-08-18 15:07:49] INFO: Fetched (200) <GET https://www.galeries-bartoux.com/artistes/luo-li-rong/coeur-volant-69-x-49-x-45-cm-bronze/> (referer: https://www.google.com/)
2026-08-18 15:07:49,228 [INFO] Fetched (200) <GET https://www.galeries-bartoux.com/artistes/luo-li-rong/coeur-volant-69-x-49-x-45-cm-bronze/> (referer: https://www.google.com/)
2026-08-18 15:07:52,372 [INFO]       Image sauvee -> artistes/luo-li-rong/coeur-volant-69x49x45cm.jpg
2026-08-18 15:07:52,374 [INFO]       OK COEUR VOLANT | 69 x 49 x 45 cm
[2026-08-18 15:07:56] INFO: Fetched (200) <GET https://www.galeries-bartoux.com/artistes/luo-li-rong/leap-of-silence-188-x-108-x-43-cm-bronze/> (referer: https://www.google.com/)
2026-08-18 15:07:56,782 [INFO] Fetched (200) <GET https://www.galeries-bartoux.com/artistes/luo-li-rong/leap-of-silence-188-x-108-x-43-cm-bronze/> (referer: https://www.google.com/)
2026-08-18 15:07:59,926 [INFO]       Image sauvee -> artistes/luo-li-rong/leap-of-silence-188x108x43cm.jpg
2026-08-18 15:07:59,926 [INFO]       OK LEAP OF SILENCE | 188 x 108 x 43 cm
[2026-08-18 15:08:04] INFO: Fetched (200) <GET https://www.galeries-bartoux.com/artistes/luo-li-rong/aux-sources-du-reve-55-x-79-x-25-cm-bronze/> (referer: https://www.google.com/)
2026-08-18 15:08:04,629 [INFO] Fetched (200) <GET https://www.galeries-bartoux.com/artistes/luo-li-rong/aux-sources-du-reve-55-x-79-x-25-cm-bronze/> (referer: https://www.google.com/)
2026-08-18 15:08:07,742 [INFO]       Image sauvee -> artistes/luo-li-rong/aux-sources-du-re-ve-55x79x25cm.jpg
2026-08-18 15:08:07,743 [INFO]       OK AUX SOURCES DU RÊVE | 55 x 79 x 25 cm
[2026-08-18 15:08:11] INFO: Fetched (200) <GET https://www.galeries-bartoux.com/artistes/luo-li-rong/vol-haut-83-x-45-x-47-cm-bronze/> (referer: https://www.google.com/)
2026-08-18 15:08:11,883 [INFO] Fetched (200) <GET https://www.galeries-bartoux.com/artistes/luo-li-rong/vol-haut-83-x-45-x-47-cm-bronze/> (referer: https://www.google.com/)
2026-08-18 15:08:15,031 [INFO]       Image sauvee -> artistes/luo-li-rong/vol-haut-83x45x47cm.jpg
2026-08-18 15:08:15,031 [INFO]       OK VOL HAUT | 83 x 45 x 47 cm
[2026-08-18 15:08:20] INFO: Fetched (200) <GET https://www.galeries-bartoux.com/artistes/luo-li-rong/leaping-beyond-206-x-119-x-39-cm-bronze/> (referer: https://www.google.com/)
2026-08-18 15:08:20,043 [INFO] Fetched (200) <GET https://www.galeries-bartoux.com/artistes/luo-li-rong/leaping-beyond-206-x-119-x-39-cm-bronze/> (referer: https://www.google.com/)
2026-08-18 15:08:23,206 [INFO]       Image sauvee -> artistes/luo-li-rong/leaping-beyond-206x119x39cm.jpg
2026-08-18 15:08:23,207 [INFO]       OK LEAPING BEYOND | 206 x 119 x 39 cm
[2026-08-18 15:08:27] INFO: Fetched (200) <GET https://www.galeries-bartoux.com/artistes/luo-li-rong/contemplation-48-x-25-x-21-cm-bronze/> (referer: https://www.google.com/)
2026-08-18 15:08:27,533 [INFO] Fetched (200) <GET https://www.galeries-bartoux.com/artistes/luo-li-rong/contemplation-48-x-25-x-21-cm-bronze/> (referer: https://www.google.com/)
2026-08-18 15:08:30,695 [INFO]       Image sauvee -> artistes/luo-li-rong/contemplation-48x25x21cm.jpg
2026-08-18 15:08:30,696 [INFO]       OK CONTEMPLATION | 48 x 25 x 21 cm
[2026-08-18 15:08:36] INFO: Fetched (200) <GET https://www.galeries-bartoux.com/artistes/luo-li-rong/elegant-fragrance-180-x-125-x-31-cm-bronze/> (referer: https://www.google.com/)
2026-08-18 15:08:36,332 [INFO] Fetched (200) <GET https://www.galeries-bartoux.com/artistes/luo-li-rong/elegant-fragrance-180-x-125-x-31-cm-bronze/> (referer: https://www.google.com/)
2026-08-18 15:08:39,464 [INFO]       Image sauvee -> artistes/luo-li-rong/elegant-fragrance-180x125x31cm.jpg
2026-08-18 15:08:39,465 [INFO]       OK ELEGANT FRAGRANCE | 180 x 125 x 31 cm
[2026-08-18 15:08:43] INFO: Fetched (200) <GET https://www.galeries-bartoux.com/artistes/luo-li-rong/the-edge-of-the-wind-195-x-137-x-31-cm-bronze/> (referer: https://www.google.com/)
2026-08-18 15:08:43,895 [INFO] Fetched (200) <GET https://www.galeries-bartoux.com/artistes/luo-li-rong/the-edge-of-the-wind-195-x-137-x-31-cm-bronze/> (referer: https://www.google.com/)
2026-08-18 15:08:47,062 [INFO]       Image sauvee -> artistes/luo-li-rong/the-edge-of-the-wind-195x137x31cm.jpg
2026-08-18 15:08:47,063 [INFO]       OK THE EDGE OF THE WIND | 195 x 137 x 31 cm
[2026-08-18 15:08:52] INFO: Fetched (200) <GET https://www.galeries-bartoux.com/artistes/luo-li-rong/nuances/> (referer: https://www.google.com/)
2026-08-18 15:08:52,960 [INFO] Fetched (200) <GET https://www.galeries-bartoux.com/artistes/luo-li-rong/nuances/> (referer: https://www.google.com/)
2026-08-18 15:08:56,055 [INFO]       Image sauvee -> artistes/luo-li-rong/nuances-73x65x40cm.jpg
2026-08-18 15:08:56,055 [INFO]       OK NUANCES | 73x65x40cm
[2026-08-18 15:09:00] INFO: Fetched (200) <GET https://www.galeries-bartoux.com/artistes/luo-li-rong/lightness-180-x-145-x-45-cm-bronze/> (referer: https://www.google.com/)
2026-08-18 15:09:00,404 [INFO] Fetched (200) <GET https://www.galeries-bartoux.com/artistes/luo-li-rong/lightness-180-x-145-x-45-cm-bronze/> (referer: https://www.google.com/)
2026-08-18 15:09:03,550 [INFO]       Image sauvee -> artistes/luo-li-rong/lightness-180x145x45cm.jpg
2026-08-18 15:09:03,550 [INFO]       OK LIGHTNESS | 180 x 145 x 45 cm
[2026-08-18 15:09:08] INFO: Fetched (200) <GET https://www.galeries-bartoux.com/artistes/luo-li-rong/inattendu-h-75x40x23cm/> (referer: https://www.google.com/)
2026-08-18 15:09:08,392 [INFO] Fetched (200) <GET https://www.galeries-bartoux.com/artistes/luo-li-rong/inattendu-h-75x40x23cm/> (referer: https://www.google.com/)
2026-08-18 15:09:11,533 [INFO]       Image sauvee -> artistes/luo-li-rong/inattendu-75x40x23cm.jpg
2026-08-18 15:09:11,534 [INFO]       OK INATTENDU | 75x40x23cm
[2026-08-18 15:09:15] INFO: Fetched (200) <GET https://www.galeries-bartoux.com/artistes/luo-li-rong/automnale/> (referer: https://www.google.com/)
2026-08-18 15:09:15,923 [INFO] Fetched (200) <GET https://www.galeries-bartoux.com/artistes/luo-li-rong/automnale/> (referer: https://www.google.com/)
2026-08-18 15:09:19,094 [INFO]       Image sauvee -> artistes/luo-li-rong/automnale-86x50x46cm.jpg
2026-08-18 15:09:19,095 [INFO]       OK AUTOMNALE | 86x50x46cm
[2026-08-18 15:09:24] INFO: Fetched (200) <GET https://www.galeries-bartoux.com/artistes/luo-li-rong/secrets-in-the-wind-133-x-99-x-43-cm/> (referer: https://www.google.com/)
2026-08-18 15:09:24,019 [INFO] Fetched (200) <GET https://www.galeries-bartoux.com/artistes/luo-li-rong/secrets-in-the-wind-133-x-99-x-43-cm/> (referer: https://www.google.com/)
2026-08-18 15:09:27,158 [INFO]       Image sauvee -> artistes/luo-li-rong/secrets-in-the-wind-133x99x43cm.jpg
2026-08-18 15:09:27,160 [INFO]       OK SECRETS IN THE WIND | 133 x 99 x 43 cm
[2026-08-18 15:09:32] INFO: Fetched (200) <GET https://www.galeries-bartoux.com/artistes/luo-li-rong/freeman-81x83x38xm/> (referer: https://www.google.com/)
2026-08-18 15:09:32,293 [INFO] Fetched (200) <GET https://www.galeries-bartoux.com/artistes/luo-li-rong/freeman-81x83x38xm/> (referer: https://www.google.com/)
2026-08-18 15:09:35,425 [INFO]       Image sauvee -> artistes/luo-li-rong/au-loin-81x83x38cm.jpg
2026-08-18 15:09:35,427 [INFO]       OK AU LOIN | 81x83x38cm
[2026-08-18 15:09:39] INFO: Fetched (200) <GET https://www.galeries-bartoux.com/artistes/luo-li-rong/plongee-dans-ton-coeur/> (referer: https://www.google.com/)
2026-08-18 15:09:39,769 [INFO] Fetched (200) <GET https://www.galeries-bartoux.com/artistes/luo-li-rong/plongee-dans-ton-coeur/> (referer: https://www.google.com/)
2026-08-18 15:09:42,920 [INFO]       Image sauvee -> artistes/luo-li-rong/plonge-e-dans-ton-c-ur-63x44x22cm.jpg
2026-08-18 15:09:42,921 [INFO]       OK PLONGÉE DANS TON CŒUR | 63x44x22cm
[2026-08-18 15:09:47] INFO: Fetched (200) <GET https://www.galeries-bartoux.com/artistes/luo-li-rong/eye-to-eye-120cm/> (referer: https://www.google.com/)
2026-08-18 15:09:47,969 [INFO] Fetched (200) <GET https://www.galeries-bartoux.com/artistes/luo-li-rong/eye-to-eye-120cm/> (referer: https://www.google.com/)
2026-08-18 15:09:51,124 [INFO]       Image sauvee -> artistes/luo-li-rong/eye-to-eye-120x33x43cm.jpg
2026-08-18 15:09:51,124 [INFO]       OK EYE TO EYE | 120x33x43cm
[2026-08-18 15:09:57] INFO: Fetched (200) <GET https://www.galeries-bartoux.com/artistes/luo-li-rong/haut-h90cm-cegid-48362/> (referer: https://www.google.com/)
2026-08-18 15:09:57,123 [INFO] Fetched (200) <GET https://www.galeries-bartoux.com/artistes/luo-li-rong/haut-h90cm-cegid-48362/> (referer: https://www.google.com/)
2026-08-18 15:10:00,245 [INFO]       Image sauvee -> artistes/luo-li-rong/vol-haut-89x53x43cm.jpg
2026-08-18 15:10:00,245 [INFO]       OK VOL HAUT | 89x53x43cm
[2026-08-18 15:10:04] INFO: Fetched (200) <GET https://www.galeries-bartoux.com/artistes/luo-li-rong/gb-lirong-dancing-wings-h110x120x60/> (referer: https://www.google.com/)
2026-08-18 15:10:04,567 [INFO] Fetched (200) <GET https://www.galeries-bartoux.com/artistes/luo-li-rong/gb-lirong-dancing-wings-h110x120x60/> (referer: https://www.google.com/)
2026-08-18 15:10:07,708 [INFO]       Image sauvee -> artistes/luo-li-rong/dancing-wings-110x120x60cm.jpg
2026-08-18 15:10:07,709 [INFO]       OK Dancing Wings | 110x120x60cm
[2026-08-18 15:10:12] INFO: Fetched (200) <GET https://www.galeries-bartoux.com/artistes/luo-li-rong/luo-li-rong_nirvana_113cm-2/> (referer: https://www.google.com/)
2026-08-18 15:10:12,623 [INFO] Fetched (200) <GET https://www.galeries-bartoux.com/artistes/luo-li-rong/luo-li-rong_nirvana_113cm-2/> (referer: https://www.google.com/)
2026-08-18 15:10:15,752 [INFO]       Image sauvee -> artistes/luo-li-rong/nirvana-113x88x40cm.jpg
2026-08-18 15:10:15,752 [INFO]       OK NIRVANA | 113x88x40cm
[2026-08-18 15:10:20] INFO: Fetched (200) <GET https://www.galeries-bartoux.com/artistes/luo-li-rong/automnal-luo-li-rong/> (referer: https://www.google.com/)
2026-08-18 15:10:20,006 [INFO] Fetched (200) <GET https://www.galeries-bartoux.com/artistes/luo-li-rong/automnal-luo-li-rong/> (referer: https://www.google.com/)
2026-08-18 15:10:23,260 [INFO]       Image sauvee -> artistes/luo-li-rong/automnal-86x50x46cm.jpg
2026-08-18 15:10:23,261 [INFO]       OK AUTOMNAL | 86x50x46cm
2026-08-18 15:10:23,261 [INFO]   -> Artiste : LYDIA KALIS [Sculpteur]
[2026-08-18 15:10:28] INFO: Fetched (200) <GET https://www.galeries-bartoux.com/artistes/lydia-kalis/> (referer: https://www.google.com/)
2026-08-18 15:10:28,198 [INFO] Fetched (200) <GET https://www.galeries-bartoux.com/artistes/lydia-kalis/> (referer: https://www.google.com/)
2026-08-18 15:10:31,895 [INFO]     Bio recuperee (964 caracteres)
2026-08-18 15:10:31,896 [INFO]     Oeuvres candidates : 1
[2026-08-18 15:10:35] INFO: Fetched (200) <GET https://www.galeries-bartoux.com/artistes/lydia-kalis/indira-98-cm-bronze-1/> (referer: https://www.google.com/)
2026-08-18 15:10:35,896 [INFO] Fetched (200) <GET https://www.galeries-bartoux.com/artistes/lydia-kalis/indira-98-cm-bronze-1/> (referer: https://www.google.com/)
2026-08-18 15:10:39,063 [INFO]       Image sauvee -> artistes/lydia-kalis/indira-98cm.jpg
2026-08-18 15:10:39,063 [INFO]       OK INDIRA | 98 cm
2026-08-18 15:10:39,063 [INFO]   -> Artiste : MARIE-PAULE DEVILLE CHABROLLE [Sculpteur]
[2026-08-18 15:10:44] INFO: Fetched (200) <GET https://www.galeries-bartoux.com/artistes/marie-paule-deville-chabrol/> (referer: https://www.google.com/)
2026-08-18 15:10:44,292 [INFO] Fetched (200) <GET https://www.galeries-bartoux.com/artistes/marie-paule-deville-chabrol/> (referer: https://www.google.com/)
2026-08-18 15:10:47,986 [INFO]     Bio recuperee (1174 caracteres)
2026-08-18 15:10:47,987 [INFO]     Oeuvres candidates : 13
[2026-08-18 15:10:52] INFO: Fetched (200) <GET https://www.galeries-bartoux.com/artistes/marie-paule-deville-chabrol/porteuse-de-lumiere-77-x-26-x-20-cm/> (referer: https://www.google.com/)
2026-08-18 15:10:52,061 [INFO] Fetched (200) <GET https://www.galeries-bartoux.com/artistes/marie-paule-deville-chabrol/porteuse-de-lumiere-77-x-26-x-20-cm/> (referer: https://www.google.com/)
2026-08-18 15:10:55,185 [INFO]       Image sauvee -> artistes/marie-paule-deville-chabrolle/porteuse-de-lumie-re-77x26x20cm.jpg
2026-08-18 15:10:55,186 [INFO]       OK PORTEUSE DE LUMIÈRE | 77 x 26 x 20 cm
[2026-08-18 15:11:00] INFO: Fetched (200) <GET https://www.galeries-bartoux.com/artistes/marie-paule-deville-chabrol/i-used-to-float-25-x-45-x-28-cm/> (referer: https://www.google.com/)
2026-08-18 15:11:00,272 [INFO] Fetched (200) <GET https://www.galeries-bartoux.com/artistes/marie-paule-deville-chabrol/i-used-to-float-25-x-45-x-28-cm/> (referer: https://www.google.com/)
2026-08-18 15:11:03,417 [INFO]       Image sauvee -> artistes/marie-paule-deville-chabrolle/i-used-to-float-25x45x28cm.jpg
2026-08-18 15:11:03,418 [INFO]       OK I USED TO FLOAT | 25 x 45 x 28 cm
[2026-08-18 15:11:07] INFO: Fetched (200) <GET https://www.galeries-bartoux.com/artistes/marie-paule-deville-chabrol/jeu-de-li-mei-85-x31-x-14-cm/> (referer: https://www.google.com/)
2026-08-18 15:11:07,712 [INFO] Fetched (200) <GET https://www.galeries-bartoux.com/artistes/marie-paule-deville-chabrol/jeu-de-li-mei-85-x31-x-14-cm/> (referer: https://www.google.com/)
2026-08-18 15:11:10,845 [INFO]       Image sauvee -> artistes/marie-paule-deville-chabrolle/jeu-de-li-mei-85x31x14cm.jpg
2026-08-18 15:11:10,845 [INFO]       OK JEU DE LI MEI | 85 x 31 x 14 cm
[2026-08-18 15:11:15] INFO: Fetched (200) <GET https://www.galeries-bartoux.com/artistes/marie-paule-deville-chabrol/secret-life-42-x-40-x-23-cm/> (referer: https://www.google.com/)
2026-08-18 15:11:15,664 [INFO] Fetched (200) <GET https://www.galeries-bartoux.com/artistes/marie-paule-deville-chabrol/secret-life-42-x-40-x-23-cm/> (referer: https://www.google.com/)
2026-08-18 15:11:18,795 [INFO]       Image sauvee -> artistes/marie-paule-deville-chabrolle/secret-life-42x40x23cm.jpg
2026-08-18 15:11:18,796 [INFO]       OK SECRET LIFE | 42 x 40 x 23 cm
[2026-08-18 15:11:22] INFO: Fetched (200) <GET https://www.galeries-bartoux.com/artistes/marie-paule-deville-chabrol/la-jeune-epouse-50-x-62-x-37-cm/> (referer: https://www.google.com/)
2026-08-18 15:11:22,987 [INFO] Fetched (200) <GET https://www.galeries-bartoux.com/artistes/marie-paule-deville-chabrol/la-jeune-epouse-50-x-62-x-37-cm/> (referer: https://www.google.com/)
2026-08-18 15:11:26,114 [INFO]       Image sauvee -> artistes/marie-paule-deville-chabrolle/la-jeune-e-pouse-50x62x37cm.jpg
2026-08-18 15:11:26,115 [INFO]       OK LA JEUNE ÉPOUSE | 50 x 62 x 37 cm
[2026-08-18 15:11:30] INFO: Fetched (200) <GET https://www.galeries-bartoux.com/artistes/marie-paule-deville-chabrol/dolce-30-x-30-x-10-cm/> (referer: https://www.google.com/)
2026-08-18 15:11:30,800 [INFO] Fetched (200) <GET https://www.galeries-bartoux.com/artistes/marie-paule-deville-chabrol/dolce-30-x-30-x-10-cm/> (referer: https://www.google.com/)
2026-08-18 15:11:33,939 [INFO]       Image sauvee -> artistes/marie-paule-deville-chabrolle/dolce-30x30x10cm.jpg
2026-08-18 15:11:33,939 [INFO]       OK DOLCE | 30 x 30 x 10 cm
[2026-08-18 15:11:38] INFO: Fetched (200) <GET https://www.galeries-bartoux.com/artistes/marie-paule-deville-chabrol/nos-ames-si-fragiles-87-x-23-x-23-cm/> (referer: https://www.google.com/)
2026-08-18 15:11:38,290 [INFO] Fetched (200) <GET https://www.galeries-bartoux.com/artistes/marie-paule-deville-chabrol/nos-ames-si-fragiles-87-x-23-x-23-cm/> (referer: https://www.google.com/)
2026-08-18 15:11:41,434 [INFO]       Image sauvee -> artistes/marie-paule-deville-chabrolle/nos-a-mes-si-fragiles-87x23x23cm.jpg
2026-08-18 15:11:41,434 [INFO]       OK NOS ÂMES SI FRAGILES | 87 x 23 x 23 cm
[2026-08-18 15:11:46] INFO: Fetched (200) <GET https://www.galeries-bartoux.com/artistes/marie-paule-deville-chabrol/a-lombre-des-grands-arbres-58-x-40-x-21-cm/> (referer: https://www.google.com/)
2026-08-18 15:11:46,442 [INFO] Fetched (200) <GET https://www.galeries-bartoux.com/artistes/marie-paule-deville-chabrol/a-lombre-des-grands-arbres-58-x-40-x-21-cm/> (referer: https://www.google.com/)
2026-08-18 15:11:49,564 [INFO]       Image sauvee -> artistes/marie-paule-deville-chabrolle/a-l-ombre-des-grands-arbres-58x40x21cm.jpg
2026-08-18 15:11:49,564 [INFO]       OK À L’OMBRE DES GRANDS ARBRES | 58 x 40 x 21 cm
[2026-08-18 15:11:54] INFO: Fetched (200) <GET https://www.galeries-bartoux.com/artistes/marie-paule-deville-chabrol/libre-49-x-23-x-26-cm/> (referer: https://www.google.com/)
2026-08-18 15:11:54,780 [INFO] Fetched (200) <GET https://www.galeries-bartoux.com/artistes/marie-paule-deville-chabrol/libre-49-x-23-x-26-cm/> (referer: https://www.google.com/)
2026-08-18 15:11:57,926 [INFO]       Image sauvee -> artistes/marie-paule-deville-chabrolle/libre-49x23x26cm.jpg
2026-08-18 15:11:57,927 [INFO]       OK LIBRE | 49 x 23 x 26 cm
[2026-08-18 15:12:03] INFO: Fetched (200) <GET https://www.galeries-bartoux.com/artistes/marie-paule-deville-chabrol/leveil-au-monde-40-x-36-x-26-cm/> (referer: https://www.google.com/)
2026-08-18 15:12:03,184 [INFO] Fetched (200) <GET https://www.galeries-bartoux.com/artistes/marie-paule-deville-chabrol/leveil-au-monde-40-x-36-x-26-cm/> (referer: https://www.google.com/)
2026-08-18 15:12:06,346 [INFO]       Image sauvee -> artistes/marie-paule-deville-chabrolle/l-e-veil-au-monde-40x36x26cm.jpg
2026-08-18 15:12:06,346 [INFO]       OK L’ÉVEIL AU MONDE | 40 x 36 x 26 cm
[2026-08-18 15:12:10] INFO: Fetched (200) <GET https://www.galeries-bartoux.com/artistes/marie-paule-deville-chabrol/amoureuse-des-nuages-51-x-36-x-32-cm/> (referer: https://www.google.com/)
2026-08-18 15:12:10,674 [INFO] Fetched (200) <GET https://www.galeries-bartoux.com/artistes/marie-paule-deville-chabrol/amoureuse-des-nuages-51-x-36-x-32-cm/> (referer: https://www.google.com/)
2026-08-18 15:12:13,845 [INFO]       Image sauvee -> artistes/marie-paule-deville-chabrolle/amoureuse-des-nuages-51x36x32cm.jpg
2026-08-18 15:12:13,845 [INFO]       OK AMOUREUSE DES NUAGES | 51 x 36 x 32 cm
[2026-08-18 15:12:19] INFO: Fetched (200) <GET https://www.galeries-bartoux.com/artistes/marie-paule-deville-chabrol/un-desir-si-fragile-66-x-33-x-47-cm/> (referer: https://www.google.com/)
2026-08-18 15:12:19,004 [INFO] Fetched (200) <GET https://www.galeries-bartoux.com/artistes/marie-paule-deville-chabrol/un-desir-si-fragile-66-x-33-x-47-cm/> (referer: https://www.google.com/)
2026-08-18 15:12:22,173 [INFO]       Image sauvee -> artistes/marie-paule-deville-chabrolle/un-de-sir-si-fragile-66x33x47cm.jpg
2026-08-18 15:12:22,174 [INFO]       OK UN DÉSIR SI FRAGILE | 66 x 33 x 47 cm
[2026-08-18 15:12:26] INFO: Fetched (200) <GET https://www.galeries-bartoux.com/artistes/marie-paule-deville-chabrol/siam-71-x-17-x-15-cm/> (referer: https://www.google.com/)
2026-08-18 15:12:26,326 [INFO] Fetched (200) <GET https://www.galeries-bartoux.com/artistes/marie-paule-deville-chabrol/siam-71-x-17-x-15-cm/> (referer: https://www.google.com/)
2026-08-18 15:12:29,492 [INFO]       Image sauvee -> artistes/marie-paule-deville-chabrolle/siam-71x17x15cm.jpg
2026-08-18 15:12:29,494 [INFO]       OK SIAM | 71 x 17 x 15 cm
2026-08-18 15:12:29,494 [INFO]   -> Artiste : MICHEL BASSOMPIERRE [Sculpteur]
[2026-08-18 15:12:35] INFO: Fetched (200) <GET https://www.galeries-bartoux.com/artistes/michel-bassompierre/> (referer: https://www.google.com/)
2026-08-18 15:12:35,407 [INFO] Fetched (200) <GET https://www.galeries-bartoux.com/artistes/michel-bassompierre/> (referer: https://www.google.com/)
2026-08-18 15:12:39,097 [INFO]     Bio recuperee (1501 caracteres)
2026-08-18 15:12:39,101 [INFO]     Oeuvres candidates : 12
[2026-08-18 15:12:43] INFO: Fetched (200) <GET https://www.galeries-bartoux.com/artistes/michel-bassompierre/le-phoque-n1-26-x-53-x-16-cm-bronze/> (referer: https://www.google.com/)
2026-08-18 15:12:43,612 [INFO] Fetched (200) <GET https://www.galeries-bartoux.com/artistes/michel-bassompierre/le-phoque-n1-26-x-53-x-16-cm-bronze/> (referer: https://www.google.com/)
2026-08-18 15:12:46,752 [INFO]       Image sauvee -> artistes/michel-bassompierre/le-phoque-n-1-26x53x16cm.jpg
2026-08-18 15:12:46,753 [INFO]       OK LE PHOQUE N°1 | 26 x 53 x 16 cm
[2026-08-18 15:12:52] INFO: Fetched (200) <GET https://www.galeries-bartoux.com/artistes/michel-bassompierre/114-le-dominant-n5-40-x-27-x-38-cm-marbre/> (referer: https://www.google.com/)
2026-08-18 15:12:52,121 [INFO] Fetched (200) <GET https://www.galeries-bartoux.com/artistes/michel-bassompierre/114-le-dominant-n5-40-x-27-x-38-cm-marbre/> (referer: https://www.google.com/)
2026-08-18 15:12:55,300 [INFO]       Image sauvee -> artistes/michel-bassompierre/114-le-dominant-n-5-40x27x38cm.jpg
2026-08-18 15:12:55,301 [INFO]       OK 114 LE DOMINANT N°5 | 40 x 27 x 38 cm
[2026-08-18 15:12:59] INFO: Fetched (200) <GET https://www.galeries-bartoux.com/artistes/michel-bassompierre/147-la-fratrie-n2a-37-x-33-x-27-cm-bronze/> (referer: https://www.google.com/)
2026-08-18 15:12:59,683 [INFO] Fetched (200) <GET https://www.galeries-bartoux.com/artistes/michel-bassompierre/147-la-fratrie-n2a-37-x-33-x-27-cm-bronze/> (referer: https://www.google.com/)
2026-08-18 15:13:02,840 [INFO]       Image sauvee -> artistes/michel-bassompierre/147-la-fratrie-n-2a-37x33x27cm.jpg
2026-08-18 15:13:02,841 [INFO]       OK 147 LA FRATRIE N°2A | 37 x 33 x 27 cm
[2026-08-18 15:13:07] INFO: Fetched (200) <GET https://www.galeries-bartoux.com/artistes/michel-bassompierre/186-le-meleze-n2-48-x-25-x-23-cm-bronze/> (referer: https://www.google.com/)
2026-08-18 15:13:07,106 [INFO] Fetched (200) <GET https://www.galeries-bartoux.com/artistes/michel-bassompierre/186-le-meleze-n2-48-x-25-x-23-cm-bronze/> (referer: https://www.google.com/)
2026-08-18 15:13:10,256 [INFO]       Image sauvee -> artistes/michel-bassompierre/186-le-me-le-ze-n-2-48x25x23cm.jpg
2026-08-18 15:13:10,257 [INFO]       OK 186 LE MÉLÈZE N°2 | 48 x 25 x 23 cm
[2026-08-18 15:13:14] INFO: Fetched (200) <GET https://www.galeries-bartoux.com/artistes/michel-bassompierre/176-le-jeu-n3-61-x-74-x-61-cm-bronze/> (referer: https://www.google.com/)
2026-08-18 15:13:14,627 [INFO] Fetched (200) <GET https://www.galeries-bartoux.com/artistes/michel-bassompierre/176-le-jeu-n3-61-x-74-x-61-cm-bronze/> (referer: https://www.google.com/)
2026-08-18 15:13:17,772 [INFO]       Image sauvee -> artistes/michel-bassompierre/176-le-jeu-n-3-61x74x61cm.jpg
2026-08-18 15:13:17,773 [INFO]       OK 176 LE JEU N°3 | 61 x 74 x 61 cm
[2026-08-18 15:13:22] INFO: Fetched (200) <GET https://www.galeries-bartoux.com/artistes/michel-bassompierre/148-la-volupte-n2-26-x-44-x-30-cm-bronze/> (referer: https://www.google.com/)
2026-08-18 15:13:22,683 [INFO] Fetched (200) <GET https://www.galeries-bartoux.com/artistes/michel-bassompierre/148-la-volupte-n2-26-x-44-x-30-cm-bronze/> (referer: https://www.google.com/)
2026-08-18 15:13:25,841 [INFO]       Image sauvee -> artistes/michel-bassompierre/148-la-volupte-n-2-26x44x30cm.jpg
2026-08-18 15:13:25,842 [INFO]       OK 148 LA VOLUPTÉ N°2 | 26 x 44 x 30 cm
[2026-08-18 15:13:30] INFO: Fetched (200) <GET https://www.galeries-bartoux.com/artistes/michel-bassompierre/088-le-dos-argente-n4-34-x-32-x-28-cm-bronze/> (referer: https://www.google.com/)
2026-08-18 15:13:30,123 [INFO] Fetched (200) <GET https://www.galeries-bartoux.com/artistes/michel-bassompierre/088-le-dos-argente-n4-34-x-32-x-28-cm-bronze/> (referer: https://www.google.com/)
2026-08-18 15:13:33,265 [INFO]       Image sauvee -> artistes/michel-bassompierre/088-le-dos-argente-n-4-34x32x28cm.jpg
2026-08-18 15:13:33,267 [INFO]       OK 088 LE DOS ARGENTÉ N°4 | 34 x 32 x 28 cm
[2026-08-18 15:13:38] INFO: Fetched (200) <GET https://www.galeries-bartoux.com/artistes/michel-bassompierre/047-le-miel-n2-415-x-30-x-265-cm-albatre/> (referer: https://www.google.com/)
2026-08-18 15:13:38,183 [INFO] Fetched (200) <GET https://www.galeries-bartoux.com/artistes/michel-bassompierre/047-le-miel-n2-415-x-30-x-265-cm-albatre/> (referer: https://www.google.com/)
2026-08-18 15:13:41,356 [INFO]       Image sauvee -> artistes/michel-bassompierre/047-le-miel-n-2-41x5x30x26x5cm.jpg
2026-08-18 15:13:41,356 [INFO]       OK 047 LE MIEL N°2 | 41,5 x 30 x 26,5 cm
[2026-08-18 15:13:46] INFO: Fetched (200) <GET https://www.galeries-bartoux.com/artistes/michel-bassompierre/122-la-banquise-n1-29-x-30-x-28-cm-bronze/> (referer: https://www.google.com/)
2026-08-18 15:13:46,121 [INFO] Fetched (200) <GET https://www.galeries-bartoux.com/artistes/michel-bassompierre/122-la-banquise-n1-29-x-30-x-28-cm-bronze/> (referer: https://www.google.com/)
2026-08-18 15:13:49,281 [INFO]       Image sauvee -> artistes/michel-bassompierre/122-la-banquise-n-1-29x30x28cm.jpg
2026-08-18 15:13:49,282 [INFO]       OK 122 LA BANQUISE N°1 | 29 x 30 x 28 cm
[2026-08-18 15:13:54] INFO: Fetched (200) <GET https://www.galeries-bartoux.com/artistes/michel-bassompierre/161-la-marche-n2-25-x-47-x-16-bronze/> (referer: https://www.google.com/)
2026-08-18 15:13:54,256 [INFO] Fetched (200) <GET https://www.galeries-bartoux.com/artistes/michel-bassompierre/161-la-marche-n2-25-x-47-x-16-bronze/> (referer: https://www.google.com/)
2026-08-18 15:13:57,393 [INFO]       Image sauvee -> artistes/michel-bassompierre/161-la-marche-n-2-25x47x16cm.jpg
2026-08-18 15:13:57,393 [INFO]       OK 161 LA MARCHE N°2 | 25 x 47 x 16 cm
[2026-08-18 15:14:01] INFO: Fetched (200) <GET https://www.galeries-bartoux.com/artistes/michel-bassompierre/006-le-dos-rond-n1-40-x-42-x-23-cm-bronze/> (referer: https://www.google.com/)
2026-08-18 15:14:01,644 [INFO] Fetched (200) <GET https://www.galeries-bartoux.com/artistes/michel-bassompierre/006-le-dos-rond-n1-40-x-42-x-23-cm-bronze/> (referer: https://www.google.com/)
2026-08-18 15:14:04,807 [INFO]       Image sauvee -> artistes/michel-bassompierre/006-le-dos-rond-n-1-40x42x23cm.jpg
2026-08-18 15:14:04,808 [INFO]       OK 006 LE DOS ROND N°1 | 40 x 42 x 23 cm
[2026-08-18 15:14:10] INFO: Fetched (200) <GET https://www.galeries-bartoux.com/artistes/michel-bassompierre/244-le-patriarche-n5-29-x-295-x-335-cm-bronze/> (referer: https://www.google.com/)
2026-08-18 15:14:10,908 [INFO] Fetched (200) <GET https://www.galeries-bartoux.com/artistes/michel-bassompierre/244-le-patriarche-n5-29-x-295-x-335-cm-bronze/> (referer: https://www.google.com/)
2026-08-18 15:14:14,058 [INFO]       Image sauvee -> artistes/michel-bassompierre/244-le-patriarche-n-5-29x29x5x33x5cm.jpg
2026-08-18 15:14:14,059 [INFO]       OK 244 LE PATRIARCHE N°5 | 29 x 29,5 x 33,5 cm
2026-08-18 15:14:14,059 [INFO]   -> Artiste : OLIVIER BERTRAND [Sculpteur]
[2026-08-18 15:14:18] INFO: Fetched (200) <GET https://www.galeries-bartoux.com/artistes/olivier-bertrand/> (referer: https://www.google.com/)
2026-08-18 15:14:18,417 [INFO] Fetched (200) <GET https://www.galeries-bartoux.com/artistes/olivier-bertrand/> (referer: https://www.google.com/)
2026-08-18 15:14:22,090 [INFO]     Bio recuperee (1767 caracteres)
2026-08-18 15:14:22,096 [INFO]     Oeuvres candidates : 10
[2026-08-18 15:14:26] INFO: Fetched (200) <GET https://www.galeries-bartoux.com/artistes/olivier-bertrand/olivier-bertrand-serengeti-tefnout-60-x-40-x-80-cm-55-x-40-x-30-cm-cardboard-epoxy-resin/> (referer: https://www.google.com/)
2026-08-18 15:14:26,187 [INFO] Fetched (200) <GET https://www.galeries-bartoux.com/artistes/olivier-bertrand/olivier-bertrand-serengeti-tefnout-60-x-40-x-80-cm-55-x-40-x-30-cm-cardboard-epoxy-resin/> (referer: https://www.google.com/)
2026-08-18 15:14:29,359 [INFO]       Image sauvee -> artistes/olivier-bertrand/serengeti-tefnout-60x40x80x55x40x30cm.jpg
2026-08-18 15:14:29,359 [INFO]       OK SERENGETI & TEFNOUT | 60 x 40 x 80 cm - 55 x 40 x 30 cm
[2026-08-18 15:14:34] INFO: Fetched (200) <GET https://www.galeries-bartoux.com/artistes/olivier-bertrand/olivier-betrand-pakhet-kalahari-40-x-55-x-75-cm-55-x-40-x-35-cm-cardboard-epoxy-resin/> (referer: https://www.google.com/)
2026-08-18 15:14:34,322 [INFO] Fetched (200) <GET https://www.galeries-bartoux.com/artistes/olivier-bertrand/olivier-betrand-pakhet-kalahari-40-x-55-x-75-cm-55-x-40-x-35-cm-cardboard-epoxy-resin/> (referer: https://www.google.com/)
2026-08-18 15:14:37,488 [INFO]       Image sauvee -> artistes/olivier-bertrand/pakhet-kalahari-40x55x75x55x40x35cm.jpg
2026-08-18 15:14:37,488 [INFO]       OK PAKHET & KALAHARI | 40 x 55 x 75 cm - 55 x- 40 x 35 cm
[2026-08-18 15:14:41] INFO: Fetched (200) <GET https://www.galeries-bartoux.com/artistes/olivier-bertrand/olivier-bertrand-sanada-215-x-170-x-100-cm-carton-et-resine-epoxy/> (referer: https://www.google.com/)
2026-08-18 15:14:41,731 [INFO] Fetched (200) <GET https://www.galeries-bartoux.com/artistes/olivier-bertrand/olivier-bertrand-sanada-215-x-170-x-100-cm-carton-et-resine-epoxy/> (referer: https://www.google.com/)
2026-08-18 15:14:44,892 [INFO]       Image sauvee -> artistes/olivier-bertrand/sanada-215x170x100cm.jpg
2026-08-18 15:14:44,893 [INFO]       OK SANADA | 215 x 170 x 100 cm
[2026-08-18 15:14:50] INFO: Fetched (200) <GET https://www.galeries-bartoux.com/artistes/olivier-bertrand/olivier-bertrand-la-derniere-epreuve-dulysse-107-x-48-cm-bronze/> (referer: https://www.google.com/)
2026-08-18 15:14:50,456 [INFO] Fetched (200) <GET https://www.galeries-bartoux.com/artistes/olivier-bertrand/olivier-bertrand-la-derniere-epreuve-dulysse-107-x-48-cm-bronze/> (referer: https://www.google.com/)
2026-08-18 15:14:53,611 [INFO]       Image sauvee -> artistes/olivier-bertrand/la-dernie-re-e-preuve-d-ulysse-107x48cm.jpg
2026-08-18 15:14:53,612 [INFO]       OK LA DERNIÈRE ÉPREUVE D’ULYSSE | 107 x 48 cm
[2026-08-18 15:14:57] INFO: Fetched (200) <GET https://www.galeries-bartoux.com/artistes/olivier-bertrand/olivier-bertrand-menelas-92-x-34-cm-bronze/> (referer: https://www.google.com/)
2026-08-18 15:14:57,982 [INFO] Fetched (200) <GET https://www.galeries-bartoux.com/artistes/olivier-bertrand/olivier-bertrand-menelas-92-x-34-cm-bronze/> (referer: https://www.google.com/)
2026-08-18 15:15:01,186 [INFO]       Image sauvee -> artistes/olivier-bertrand/menelas-92x34cm.jpg
2026-08-18 15:15:01,186 [INFO]       OK MENELAS | 92 x 34 cm
[2026-08-18 15:15:05] INFO: Fetched (200) <GET https://www.galeries-bartoux.com/artistes/olivier-bertrand/olivier-bertrand-spartan-h-200-cm-bronze/> (referer: https://www.google.com/)
2026-08-18 15:15:05,743 [INFO] Fetched (200) <GET https://www.galeries-bartoux.com/artistes/olivier-bertrand/olivier-bertrand-spartan-h-200-cm-bronze/> (referer: https://www.google.com/)
2026-08-18 15:15:08,906 [INFO]       Image sauvee -> artistes/olivier-bertrand/spartan-200cm.jpg
2026-08-18 15:15:08,907 [INFO]       OK SPARTAN | H. 200 cm
[2026-08-18 15:15:13] INFO: Fetched (200) <GET https://www.galeries-bartoux.com/artistes/olivier-bertrand/olivier-bertrand-jin-78-x-62-x-45-cm-bronze/> (referer: https://www.google.com/)
2026-08-18 15:15:13,861 [INFO] Fetched (200) <GET https://www.galeries-bartoux.com/artistes/olivier-bertrand/olivier-bertrand-jin-78-x-62-x-45-cm-bronze/> (referer: https://www.google.com/)
2026-08-18 15:15:17,025 [INFO]       Image sauvee -> artistes/olivier-bertrand/jin-78x62x45cm.jpg
2026-08-18 15:15:17,025 [INFO]       OK JIN | 78 x 62 x 45 cm
[2026-08-18 15:15:21] INFO: Fetched (200) <GET https://www.galeries-bartoux.com/artistes/olivier-bertrand/kenshiro-96-x-29-x-48-cm-bronze/> (referer: https://www.google.com/)
2026-08-18 15:15:21,660 [INFO] Fetched (200) <GET https://www.galeries-bartoux.com/artistes/olivier-bertrand/kenshiro-96-x-29-x-48-cm-bronze/> (referer: https://www.google.com/)
2026-08-18 15:15:24,819 [INFO]       Image sauvee -> artistes/olivier-bertrand/kenshiro-96x29x48cm.jpg
2026-08-18 15:15:24,819 [INFO]       OK KENSHIRO | 96 x 29 x 48 cm
[2026-08-18 15:15:29] INFO: Fetched (200) <GET https://www.galeries-bartoux.com/artistes/olivier-bertrand/raiden-99-x-44-x-44-cm-bronze/> (referer: https://www.google.com/)
2026-08-18 15:15:29,874 [INFO] Fetched (200) <GET https://www.galeries-bartoux.com/artistes/olivier-bertrand/raiden-99-x-44-x-44-cm-bronze/> (referer: https://www.google.com/)
2026-08-18 15:15:33,035 [INFO]       Image sauvee -> artistes/olivier-bertrand/raiden-99x44x44cm.jpg
2026-08-18 15:15:33,037 [INFO]       OK RAIDEN | 99 x 44 x 44 cm
[2026-08-18 15:15:37] INFO: Fetched (200) <GET https://www.galeries-bartoux.com/artistes/olivier-bertrand/lindbergh-97-x-28-x-38-cm-1-2/> (referer: https://www.google.com/)
2026-08-18 15:15:37,050 [INFO] Fetched (200) <GET https://www.galeries-bartoux.com/artistes/olivier-bertrand/lindbergh-97-x-28-x-38-cm-1-2/> (referer: https://www.google.com/)
2026-08-18 15:15:40,185 [INFO]       Image sauvee -> artistes/olivier-bertrand/lindbergh-97x28x38cm.jpg
2026-08-18 15:15:40,186 [INFO]       OK LINDBERGH | 97 x 28 x 38 cm
2026-08-18 15:15:40,187 [INFO]   -> Artiste : PAUL BECKRICH [Sculpteur]
[2026-08-18 15:15:45] INFO: Fetched (200) <GET https://www.galeries-bartoux.com/artistes/paul-beckrich/> (referer: https://www.google.com/)
2026-08-18 15:15:45,062 [INFO] Fetched (200) <GET https://www.galeries-bartoux.com/artistes/paul-beckrich/> (referer: https://www.google.com/)
2026-08-18 15:15:48,753 [INFO]     Bio recuperee (751 caracteres)
2026-08-18 15:15:48,758 [INFO]     Oeuvres candidates : 11
[2026-08-18 15:15:52] INFO: Fetched (200) <GET https://www.galeries-bartoux.com/artistes/paul-beckrich/beckrich-samourai-rouge-h-55-cm-bronze-dore-a-lor-fin/> (referer: https://www.google.com/)
2026-08-18 15:15:52,877 [INFO] Fetched (200) <GET https://www.galeries-bartoux.com/artistes/paul-beckrich/beckrich-samourai-rouge-h-55-cm-bronze-dore-a-lor-fin/> (referer: https://www.google.com/)
2026-08-18 15:15:56,036 [INFO]       Image sauvee -> artistes/paul-beckrich/samourai-rouge-55cm.jpg
2026-08-18 15:15:56,036 [INFO]       OK SAMOURAI ROUGE | H. 55 cm
[2026-08-18 15:16:00] INFO: Fetched (200) <GET https://www.galeries-bartoux.com/artistes/paul-beckrich/beckrich-dame-de-chine-bleue-h-55-cm-bronze-dore-a-lor-fin/> (referer: https://www.google.com/)
2026-08-18 15:16:00,290 [INFO] Fetched (200) <GET https://www.galeries-bartoux.com/artistes/paul-beckrich/beckrich-dame-de-chine-bleue-h-55-cm-bronze-dore-a-lor-fin/> (referer: https://www.google.com/)
2026-08-18 15:16:03,443 [INFO]       Image sauvee -> artistes/paul-beckrich/dame-de-chine-bleue-55cm.jpg
2026-08-18 15:16:03,444 [INFO]       OK DAME DE CHINE BLEUE | H. 55 cm
[2026-08-18 15:16:08] INFO: Fetched (200) <GET https://www.galeries-bartoux.com/artistes/paul-beckrich/beckrich-marche-aux-fleurs-h-55-cm-raku/> (referer: https://www.google.com/)
2026-08-18 15:16:08,274 [INFO] Fetched (200) <GET https://www.galeries-bartoux.com/artistes/paul-beckrich/beckrich-marche-aux-fleurs-h-55-cm-raku/> (referer: https://www.google.com/)
2026-08-18 15:16:11,432 [INFO]       Image sauvee -> artistes/paul-beckrich/marche-aux-fleurs-55cm.jpg
2026-08-18 15:16:11,433 [INFO]       OK MARCHÉ AUX FLEURS | H. 55 cm
[2026-08-18 15:16:15] INFO: Fetched (200) <GET https://www.galeries-bartoux.com/artistes/paul-beckrich/beckrich-potiere-h-55-cm-raku/> (referer: https://www.google.com/)
2026-08-18 15:16:15,935 [INFO] Fetched (200) <GET https://www.galeries-bartoux.com/artistes/paul-beckrich/beckrich-potiere-h-55-cm-raku/> (referer: https://www.google.com/)
2026-08-18 15:16:19,098 [INFO]       Image sauvee -> artistes/paul-beckrich/potiere-55cm.jpg
2026-08-18 15:16:19,098 [INFO]       OK POTIERE | H. 55 cm
[2026-08-18 15:16:23] INFO: Fetched (200) <GET https://www.galeries-bartoux.com/artistes/paul-beckrich/beckrich-imperatrice-de-chine-h-55-cm-raku/> (referer: https://www.google.com/)
2026-08-18 15:16:23,593 [INFO] Fetched (200) <GET https://www.galeries-bartoux.com/artistes/paul-beckrich/beckrich-imperatrice-de-chine-h-55-cm-raku/> (referer: https://www.google.com/)
2026-08-18 15:16:26,730 [INFO]       Image sauvee -> artistes/paul-beckrich/impe-ratrice-de-chine-55cm.jpg
2026-08-18 15:16:26,731 [INFO]       OK IMPÉRATRICE DE CHINE | H. 55 cm
[2026-08-18 15:16:32] INFO: Fetched (200) <GET https://www.galeries-bartoux.com/artistes/paul-beckrich/beckrich-lavendiere-h-55-cm-raku/> (referer: https://www.google.com/)
2026-08-18 15:16:32,071 [INFO] Fetched (200) <GET https://www.galeries-bartoux.com/artistes/paul-beckrich/beckrich-lavendiere-h-55-cm-raku/> (referer: https://www.google.com/)
2026-08-18 15:16:35,262 [INFO]       Image sauvee -> artistes/paul-beckrich/lavendie-re-55cm.jpg
2026-08-18 15:16:35,263 [INFO]       OK LAVENDIÈRE | H. 55 cm
[2026-08-18 15:16:39] INFO: Fetched (200) <GET https://www.galeries-bartoux.com/artistes/paul-beckrich/beckrich-mandarin-h-55-cm-raku/> (referer: https://www.google.com/)
2026-08-18 15:16:39,428 [INFO] Fetched (200) <GET https://www.galeries-bartoux.com/artistes/paul-beckrich/beckrich-mandarin-h-55-cm-raku/> (referer: https://www.google.com/)
2026-08-18 15:16:42,568 [INFO]       Image sauvee -> artistes/paul-beckrich/mandarin-55cm.jpg
2026-08-18 15:16:42,568 [INFO]       OK MANDARIN | H. 55 cm
[2026-08-18 15:16:48] INFO: Fetched (200) <GET https://www.galeries-bartoux.com/artistes/paul-beckrich/beckrich-epouse-du-mandarin-h-55-cm-raku/> (referer: https://www.google.com/)
2026-08-18 15:16:48,285 [INFO] Fetched (200) <GET https://www.galeries-bartoux.com/artistes/paul-beckrich/beckrich-epouse-du-mandarin-h-55-cm-raku/> (referer: https://www.google.com/)
2026-08-18 15:16:51,422 [INFO]       Image sauvee -> artistes/paul-beckrich/e-pouse-du-mandarin-55cm.jpg
2026-08-18 15:16:51,423 [INFO]       OK ÉPOUSE DU MANDARIN | H. 55 cm
[2026-08-18 15:16:55] INFO: Fetched (200) <GET https://www.galeries-bartoux.com/artistes/paul-beckrich/princesse-de-chine-h-55-cm-raku/> (referer: https://www.google.com/)
2026-08-18 15:16:55,627 [INFO] Fetched (200) <GET https://www.galeries-bartoux.com/artistes/paul-beckrich/princesse-de-chine-h-55-cm-raku/> (referer: https://www.google.com/)
2026-08-18 15:16:58,785 [INFO]       Image sauvee -> artistes/paul-beckrich/princesse-de-chine-55cm.jpg
2026-08-18 15:16:58,787 [INFO]       OK PRINCESSE DE CHINE | H. 55 cm
[2026-08-18 15:17:03] INFO: Fetched (200) <GET https://www.galeries-bartoux.com/artistes/paul-beckrich/beckrich-la-lavandiere-55-cm-63181/> (referer: https://www.google.com/)
2026-08-18 15:17:03,607 [INFO] Fetched (200) <GET https://www.galeries-bartoux.com/artistes/paul-beckrich/beckrich-la-lavandiere-55-cm-63181/> (referer: https://www.google.com/)
2026-08-18 15:17:06,737 [INFO]       Image sauvee -> artistes/paul-beckrich/la-lavandiere-55cm.jpg
2026-08-18 15:17:06,739 [INFO]       OK La Lavandière | 55cm
[2026-08-18 15:17:11] INFO: Fetched (200) <GET https://www.galeries-bartoux.com/artistes/paul-beckrich/beckrich-le-marche-de-nouakchott-marron-55cm/> (referer: https://www.google.com/)
2026-08-18 15:17:11,107 [INFO] Fetched (200) <GET https://www.galeries-bartoux.com/artistes/paul-beckrich/beckrich-le-marche-de-nouakchott-marron-55cm/> (referer: https://www.google.com/)
2026-08-18 15:17:14,232 [INFO]       Image sauvee -> artistes/paul-beckrich/le-marche-de-nouakchott-marron-55cm.jpg
2026-08-18 15:17:14,232 [INFO]       OK LE MARCHE DE NOUAKCHOTT MARRON | H. 55cm
2026-08-18 15:17:14,233 [INFO]   -> Artiste : Philippe Chazot [Sculpteur]
[2026-08-18 15:17:19] INFO: Fetched (200) <GET https://www.galeries-bartoux.com/artistes/philippe-chazot/> (referer: https://www.google.com/)
2026-08-18 15:17:19,089 [INFO] Fetched (200) <GET https://www.galeries-bartoux.com/artistes/philippe-chazot/> (referer: https://www.google.com/)
2026-08-18 15:17:22,761 [INFO]     Bio recuperee (1370 caracteres)
2026-08-18 15:17:22,762 [INFO]     Oeuvres candidates : 4
[2026-08-18 15:17:26] INFO: Fetched (200) <GET https://www.galeries-bartoux.com/artistes/philippe-chazot/philippe-chazot-flamme-86-cm/> (referer: https://www.google.com/)
2026-08-18 15:17:26,983 [INFO] Fetched (200) <GET https://www.galeries-bartoux.com/artistes/philippe-chazot/philippe-chazot-flamme-86-cm/> (referer: https://www.google.com/)
2026-08-18 15:17:30,154 [INFO]       Image sauvee -> artistes/philippe-chazot/flamme-86cm.jpg
2026-08-18 15:17:30,155 [INFO]       OK FLAMME | H. 86 cm
[2026-08-18 15:17:35] INFO: Fetched (200) <GET https://www.galeries-bartoux.com/artistes/philippe-chazot/philippe-chazot-la-ceuilleuse-de-secrets-112-x-30-cm/> (referer: https://www.google.com/)
2026-08-18 15:17:35,758 [INFO] Fetched (200) <GET https://www.galeries-bartoux.com/artistes/philippe-chazot/philippe-chazot-la-ceuilleuse-de-secrets-112-x-30-cm/> (referer: https://www.google.com/)
2026-08-18 15:17:38,915 [INFO]       Image sauvee -> artistes/philippe-chazot/la-ceuilleuse-de-secrets-112x30cm.jpg
2026-08-18 15:17:38,916 [INFO]       OK LA CEUILLEUSE DE SECRETS | 112 x 30 cm
[2026-08-18 15:17:43] INFO: Fetched (200) <GET https://www.galeries-bartoux.com/artistes/philippe-chazot/philippe-chazot-de-tout-mon-coeur-58-x-21-cm/> (referer: https://www.google.com/)
2026-08-18 15:17:43,345 [INFO] Fetched (200) <GET https://www.galeries-bartoux.com/artistes/philippe-chazot/philippe-chazot-de-tout-mon-coeur-58-x-21-cm/> (referer: https://www.google.com/)
2026-08-18 15:17:46,505 [INFO]       Image sauvee -> artistes/philippe-chazot/de-tout-mon-coeur-58x21cm.jpg
2026-08-18 15:17:46,506 [INFO]       OK DE TOUT MON COEUR | 58 x 21 cm
[2026-08-18 15:17:52] INFO: Fetched (200) <GET https://www.galeries-bartoux.com/artistes/philippe-chazot/philippe-chazot-un-coeur-pour-deux-52-x-13-cm/> (referer: https://www.google.com/)
2026-08-18 15:17:52,316 [INFO] Fetched (200) <GET https://www.galeries-bartoux.com/artistes/philippe-chazot/philippe-chazot-un-coeur-pour-deux-52-x-13-cm/> (referer: https://www.google.com/)
2026-08-18 15:17:55,434 [INFO]       Image sauvee -> artistes/philippe-chazot/un-coeur-pour-deux-52x13cm.jpg
2026-08-18 15:17:55,435 [INFO]       OK UN COEUR POUR DEUX | 52 x 13 cm
2026-08-18 15:17:55,435 [INFO]   -> Artiste : SALVADOR DALI [Sculpteur]
[2026-08-18 15:18:00] INFO: Fetched (200) <GET https://www.galeries-bartoux.com/artistes/salvador-dali/> (referer: https://www.google.com/)
2026-08-18 15:18:00,038 [INFO] Fetched (200) <GET https://www.galeries-bartoux.com/artistes/salvador-dali/> (referer: https://www.google.com/)
2026-08-18 15:18:03,732 [INFO]     Bio recuperee (1843 caracteres)
2026-08-18 15:18:03,737 [INFO]     Oeuvres candidates : 20
[2026-08-18 15:18:08] INFO: Fetched (200) <GET https://www.galeries-bartoux.com/artistes/salvador-dali/virginia-200-x-120-cm-huile-et-acrylique-sur-toile-7/> (referer: https://www.google.com/)
2026-08-18 15:18:08,818 [INFO] Fetched (200) <GET https://www.galeries-bartoux.com/artistes/salvador-dali/virginia-200-x-120-cm-huile-et-acrylique-sur-toile-7/> (referer: https://www.google.com/)
2026-08-18 15:18:11,976 [INFO]       Image sauvee -> artistes/salvador-dali/triumphant-elephant-53cm.jpg
2026-08-18 15:18:11,977 [INFO]       OK TRIUMPHANT ELEPHANT | H. 53 cm
[2026-08-18 15:18:16] INFO: Fetched (200) <GET https://www.galeries-bartoux.com/artistes/salvador-dali/salvador-dali-dance-of-time-ii-h-305-cm-bronze/> (referer: https://www.google.com/)
2026-08-18 15:18:16,252 [INFO] Fetched (200) <GET https://www.galeries-bartoux.com/artistes/salvador-dali/salvador-dali-dance-of-time-ii-h-305-cm-bronze/> (referer: https://www.google.com/)
2026-08-18 15:18:19,445 [INFO]       Image sauvee -> artistes/salvador-dali/dance-of-time-ii-30x5cm.jpg
2026-08-18 15:18:19,446 [INFO]       OK DANCE OF TIME II | H. 30,5 cm
[2026-08-18 15:18:24] INFO: Fetched (200) <GET https://www.galeries-bartoux.com/artistes/salvador-dali/salvador-dali-surrealist-piano-h-60-cm-bronze/> (referer: https://www.google.com/)
2026-08-18 15:18:24,170 [INFO] Fetched (200) <GET https://www.galeries-bartoux.com/artistes/salvador-dali/salvador-dali-surrealist-piano-h-60-cm-bronze/> (referer: https://www.google.com/)
2026-08-18 15:18:27,329 [INFO]       Image sauvee -> artistes/salvador-dali/surrealist-piano-60cm.jpg
2026-08-18 15:18:27,330 [INFO]       OK SURREALIST PIANO | H. 60 cm
[2026-08-18 15:18:31] INFO: Fetched (200) <GET https://www.galeries-bartoux.com/artistes/salvador-dali/salvador-dali-profile-of-time-h-51-cm-bronze/> (referer: https://www.google.com/)
2026-08-18 15:18:31,860 [INFO] Fetched (200) <GET https://www.galeries-bartoux.com/artistes/salvador-dali/salvador-dali-profile-of-time-h-51-cm-bronze/> (referer: https://www.google.com/)
2026-08-18 15:18:35,049 [INFO]       Image sauvee -> artistes/salvador-dali/profile-of-time-51cm.jpg
2026-08-18 15:18:35,050 [INFO]       OK PROFILE OF TIME | H. 51 cm
[2026-08-18 15:18:39] INFO: Fetched (200) <GET https://www.galeries-bartoux.com/artistes/salvador-dali/salvador-dali-surrealist-newton-h-49-cm-bronze/> (referer: https://www.google.com/)
2026-08-18 15:18:39,965 [INFO] Fetched (200) <GET https://www.galeries-bartoux.com/artistes/salvador-dali/salvador-dali-surrealist-newton-h-49-cm-bronze/> (referer: https://www.google.com/)
2026-08-18 15:18:43,149 [INFO]       Image sauvee -> artistes/salvador-dali/surrealist-newton-49cm.jpg
2026-08-18 15:18:43,150 [INFO]       OK SURREALIST NEWTON | H. 49 cm
[2026-08-18 15:18:49] INFO: Fetched (200) <GET https://www.galeries-bartoux.com/artistes/salvador-dali/salvador-dali-homage-to-fashion-h-51-cm-bronze/> (referer: https://www.google.com/)
2026-08-18 15:18:49,159 [INFO] Fetched (200) <GET https://www.galeries-bartoux.com/artistes/salvador-dali/salvador-dali-homage-to-fashion-h-51-cm-bronze/> (referer: https://www.google.com/)
2026-08-18 15:18:52,307 [INFO]       Image sauvee -> artistes/salvador-dali/homage-to-fashion-51cm.jpg
2026-08-18 15:18:52,307 [INFO]       OK HOMAGE TO FASHION | H. 51 cm
[2026-08-18 15:18:56] INFO: Fetched (200) <GET https://www.galeries-bartoux.com/artistes/salvador-dali/salvador-dali-dalinian-dancer-h-405-cm-bronze/> (referer: https://www.google.com/)
2026-08-18 15:18:56,798 [INFO] Fetched (200) <GET https://www.galeries-bartoux.com/artistes/salvador-dali/salvador-dali-dalinian-dancer-h-405-cm-bronze/> (referer: https://www.google.com/)
2026-08-18 15:19:00,012 [INFO]       Image sauvee -> artistes/salvador-dali/dalinian-dancer-40x5cm.jpg
2026-08-18 15:19:00,013 [INFO]       OK DALINIAN DANCER | H. 40,5 cm
[2026-08-18 15:19:04] INFO: Fetched (200) <GET https://www.galeries-bartoux.com/artistes/salvador-dali/salvador-dali-dance-of-time-i-h-385-cm-bronze/> (referer: https://www.google.com/)
2026-08-18 15:19:04,562 [INFO] Fetched (200) <GET https://www.galeries-bartoux.com/artistes/salvador-dali/salvador-dali-dance-of-time-i-h-385-cm-bronze/> (referer: https://www.google.com/)
2026-08-18 15:19:07,723 [INFO]       Image sauvee -> artistes/salvador-dali/dance-of-time-i-38x5cm.jpg
2026-08-18 15:19:07,724 [INFO]       OK DANCE OF TIME I | H. 38,5 cm
[2026-08-18 15:19:13] INFO: Fetched (200) <GET https://www.galeries-bartoux.com/artistes/salvador-dali/salvador-dali-mae-west-lips-sofa-h-85-cm-textiles-wood/> (referer: https://www.google.com/)
2026-08-18 15:19:13,032 [INFO] Fetched (200) <GET https://www.galeries-bartoux.com/artistes/salvador-dali/salvador-dali-mae-west-lips-sofa-h-85-cm-textiles-wood/> (referer: https://www.google.com/)
2026-08-18 15:19:16,192 [INFO]       Image sauvee -> artistes/salvador-dali/mae-west-lips-sofa-85cm.jpg
2026-08-18 15:19:16,193 [INFO]       OK MAE WEST LIPS SOFA | H. 85 cm
[2026-08-18 15:19:20] INFO: Fetched (200) <GET https://www.galeries-bartoux.com/artistes/salvador-dali/salvador-dali-persistence-of-memory-h-191-cm-bronze/> (referer: https://www.google.com/)
2026-08-18 15:19:20,367 [INFO] Fetched (200) <GET https://www.galeries-bartoux.com/artistes/salvador-dali/salvador-dali-persistence-of-memory-h-191-cm-bronze/> (referer: https://www.google.com/)
2026-08-18 15:19:23,491 [INFO]       Image sauvee -> artistes/salvador-dali/persistence-of-memory-191cm.jpg
2026-08-18 15:19:23,492 [INFO]       OK PERSISTENCE OF MEMORY | H. 191 cm
[2026-08-18 15:19:28] INFO: Fetched (200) <GET https://www.galeries-bartoux.com/artistes/salvador-dali/salvador-dali-saint-george-and-the-dragon-h-148-cm-bronze/> (referer: https://www.google.com/)
2026-08-18 15:19:28,418 [INFO] Fetched (200) <GET https://www.galeries-bartoux.com/artistes/salvador-dali/salvador-dali-saint-george-and-the-dragon-h-148-cm-bronze/> (referer: https://www.google.com/)
2026-08-18 15:19:31,592 [INFO]       Image sauvee -> artistes/salvador-dali/saint-george-and-the-dragon-148cm.jpg
2026-08-18 15:19:31,592 [INFO]       OK SAINT GEORGE AND THE DRAGON | H. 148 cm
[2026-08-18 15:19:35] INFO: Fetched (200) <GET https://www.galeries-bartoux.com/artistes/salvador-dali/salvador-dali-alice-in-wonderland-h-905-cm-bonze/> (referer: https://www.google.com/)
2026-08-18 15:19:35,969 [INFO] Fetched (200) <GET https://www.galeries-bartoux.com/artistes/salvador-dali/salvador-dali-alice-in-wonderland-h-905-cm-bonze/> (referer: https://www.google.com/)
2026-08-18 15:19:39,137 [INFO]       Image sauvee -> artistes/salvador-dali/alice-in-wonderland-90x5cm.jpg
2026-08-18 15:19:39,138 [INFO]       OK ALICE IN WONDERLAND | H. 90,5 cm
[2026-08-18 15:19:44] INFO: Fetched (200) <GET https://www.galeries-bartoux.com/artistes/salvador-dali/salvador-dali-lady-godiva-with-butterflies-h-167-cm-bronze/> (referer: https://www.google.com/)
2026-08-18 15:19:44,106 [INFO] Fetched (200) <GET https://www.galeries-bartoux.com/artistes/salvador-dali/salvador-dali-lady-godiva-with-butterflies-h-167-cm-bronze/> (referer: https://www.google.com/)
2026-08-18 15:19:47,281 [INFO]       Image sauvee -> artistes/salvador-dali/lady-godiva-with-butterflies-167cm.jpg
2026-08-18 15:19:47,282 [INFO]       OK LADY GODIVA WITH BUTTERFLIES | H. 167 cm
[2026-08-18 15:19:51] INFO: Fetched (200) <GET https://www.galeries-bartoux.com/artistes/salvador-dali/salvador-dali-adam-and-eve-h-200-cm-bronze/> (referer: https://www.google.com/)
2026-08-18 15:19:51,481 [INFO] Fetched (200) <GET https://www.galeries-bartoux.com/artistes/salvador-dali/salvador-dali-adam-and-eve-h-200-cm-bronze/> (referer: https://www.google.com/)
2026-08-18 15:19:54,620 [INFO]       Image sauvee -> artistes/salvador-dali/adam-and-eve-200cm.jpg
2026-08-18 15:19:54,620 [INFO]       OK ADAM AND EVE | H. 200 cm
[2026-08-18 15:19:59] INFO: Fetched (200) <GET https://www.galeries-bartoux.com/artistes/salvador-dali/salvador-dali-homage-to-terpsichore-h-187-cm-bronze/> (referer: https://www.google.com/)
2026-08-18 15:19:59,704 [INFO] Fetched (200) <GET https://www.galeries-bartoux.com/artistes/salvador-dali/salvador-dali-homage-to-terpsichore-h-187-cm-bronze/> (referer: https://www.google.com/)
2026-08-18 15:20:02,841 [INFO]       Image sauvee -> artistes/salvador-dali/homage-to-terpsichore-187cm.jpg
2026-08-18 15:20:02,842 [INFO]       OK HOMAGE TO TERPSICHORE | H. 187 cm
[2026-08-18 15:20:07] INFO: Fetched (200) <GET https://www.galeries-bartoux.com/artistes/salvador-dali/salvador-dali-surrealist-warrior-h-167-cm-bronze/> (referer: https://www.google.com/)
2026-08-18 15:20:07,178 [INFO] Fetched (200) <GET https://www.galeries-bartoux.com/artistes/salvador-dali/salvador-dali-surrealist-warrior-h-167-cm-bronze/> (referer: https://www.google.com/)
2026-08-18 15:20:10,304 [INFO]       Image sauvee -> artistes/salvador-dali/surrealist-warrior-167cm.jpg
2026-08-18 15:20:10,305 [INFO]       OK SURREALIST WARRIOR | H. 167 cm
[2026-08-18 15:20:15] INFO: Fetched (200) <GET https://www.galeries-bartoux.com/artistes/salvador-dali/salvador-dali-space-elephant-h-277-cm-bronze/> (referer: https://www.google.com/)
2026-08-18 15:20:15,304 [INFO] Fetched (200) <GET https://www.galeries-bartoux.com/artistes/salvador-dali/salvador-dali-space-elephant-h-277-cm-bronze/> (referer: https://www.google.com/)
2026-08-18 15:20:18,437 [INFO]       Image sauvee -> artistes/salvador-dali/space-elephant-277cm.jpg
2026-08-18 15:20:18,438 [INFO]       OK SPACE ELEPHANT | H. 277 cm
[2026-08-18 15:20:23] INFO: Fetched (200) <GET https://www.galeries-bartoux.com/artistes/salvador-dali/salvador-dali-venus-a-la-girafe-h-110-cm-bronze/> (referer: https://www.google.com/)
2026-08-18 15:20:23,051 [INFO] Fetched (200) <GET https://www.galeries-bartoux.com/artistes/salvador-dali/salvador-dali-venus-a-la-girafe-h-110-cm-bronze/> (referer: https://www.google.com/)
2026-08-18 15:20:26,195 [INFO]       Image sauvee -> artistes/salvador-dali/venus-a-la-girafe-110cm.jpg
2026-08-18 15:20:26,196 [INFO]       OK VENUS À LA GIRAFE | H. 110 cm
[2026-08-18 15:20:31] INFO: Fetched (200) <GET https://www.galeries-bartoux.com/artistes/salvador-dali/femme-en-flamme-84-cm/> (referer: https://www.google.com/)
2026-08-18 15:20:31,149 [INFO] Fetched (200) <GET https://www.galeries-bartoux.com/artistes/salvador-dali/femme-en-flamme-84-cm/> (referer: https://www.google.com/)
2026-08-18 15:20:34,323 [INFO]       Image sauvee -> artistes/salvador-dali/femme-en-flamme-84cm.jpg
2026-08-18 15:20:34,324 [INFO]       OK FEMME EN FLAMME | 84 cm
[2026-08-18 15:20:38] INFO: Fetched (200) <GET https://www.galeries-bartoux.com/artistes/salvador-dali/dali-femme-a-la-tete-de-rose/> (referer: https://www.google.com/)
2026-08-18 15:20:38,997 [INFO] Fetched (200) <GET https://www.galeries-bartoux.com/artistes/salvador-dali/dali-femme-a-la-tete-de-rose/> (referer: https://www.google.com/)
2026-08-18 15:20:42,148 [INFO]       Image sauvee -> artistes/salvador-dali/femme-a-la-tete-de-rose-20x5cm.jpg
2026-08-18 15:20:42,149 [INFO]       OK Femme à la tête de rose | H. 20,5 cm
2026-08-18 15:20:42,150 [INFO]   -> Artiste : VAN DEN BERGHE [Sculpteur]
[2026-08-18 15:20:47] INFO: Fetched (200) <GET https://www.galeries-bartoux.com/artistes/van-den-berghe/> (referer: https://www.google.com/)
2026-08-18 15:20:47,936 [INFO] Fetched (200) <GET https://www.galeries-bartoux.com/artistes/van-den-berghe/> (referer: https://www.google.com/)
2026-08-18 15:20:51,619 [INFO]     Bio recuperee (1041 caracteres)
2026-08-18 15:20:51,626 [INFO]     Oeuvres candidates : 12
[2026-08-18 15:20:55] INFO: Fetched (200) <GET https://www.galeries-bartoux.com/artistes/van-den-berghe/ithemba-52-x-65-cm/> (referer: https://www.google.com/)
2026-08-18 15:20:55,856 [INFO] Fetched (200) <GET https://www.galeries-bartoux.com/artistes/van-den-berghe/ithemba-52-x-65-cm/> (referer: https://www.google.com/)
2026-08-18 15:20:59,008 [INFO]       Image sauvee -> artistes/van-den-berghe/ithemba-52x65cm.jpg
2026-08-18 15:20:59,009 [INFO]       OK ITHEMBA | 52 x 65 cm
[2026-08-18 15:21:03] INFO: Fetched (200) <GET https://www.galeries-bartoux.com/artistes/van-den-berghe/nova-komenco-32-x-80-cm/> (referer: https://www.google.com/)
2026-08-18 15:21:03,389 [INFO] Fetched (200) <GET https://www.galeries-bartoux.com/artistes/van-den-berghe/nova-komenco-32-x-80-cm/> (referer: https://www.google.com/)
2026-08-18 15:21:06,568 [INFO]       Image sauvee -> artistes/van-den-berghe/nova-komenco-32x80cm.jpg
2026-08-18 15:21:06,568 [INFO]       OK NOVA KOMENCO | 32 x 80 cm
[2026-08-18 15:21:11] INFO: Fetched (200) <GET https://www.galeries-bartoux.com/artistes/van-den-berghe/le-meme-allant-26-x-61-cm/> (referer: https://www.google.com/)
2026-08-18 15:21:11,208 [INFO] Fetched (200) <GET https://www.galeries-bartoux.com/artistes/van-den-berghe/le-meme-allant-26-x-61-cm/> (referer: https://www.google.com/)
2026-08-18 15:21:14,375 [INFO]       Image sauvee -> artistes/van-den-berghe/le-meme-allant-26x61cm.jpg
2026-08-18 15:21:14,376 [INFO]       OK LE MEME ALLANT | 26 x 61 cm
[2026-08-18 15:21:19] INFO: Fetched (200) <GET https://www.galeries-bartoux.com/artistes/van-den-berghe/saksofoon-49xl20xh31/> (referer: https://www.google.com/)
2026-08-18 15:21:19,454 [INFO] Fetched (200) <GET https://www.galeries-bartoux.com/artistes/van-den-berghe/saksofoon-49xl20xh31/> (referer: https://www.google.com/)
2026-08-18 15:21:22,621 [INFO]       Image sauvee -> artistes/van-den-berghe/saksofoon-49x20x31cm.jpg
2026-08-18 15:21:22,622 [INFO]       OK SAKSOFOON | 49x20x31cm
[2026-08-18 15:21:26] INFO: Fetched (200) <GET https://www.galeries-bartoux.com/artistes/van-den-berghe/trop-de-la-vitesse-57-x-31-cm/> (referer: https://www.google.com/)
2026-08-18 15:21:26,981 [INFO] Fetched (200) <GET https://www.galeries-bartoux.com/artistes/van-den-berghe/trop-de-la-vitesse-57-x-31-cm/> (referer: https://www.google.com/)
2026-08-18 15:21:30,133 [INFO]       Image sauvee -> artistes/van-den-berghe/trop-de-la-vitesse-57x31cm.jpg
2026-08-18 15:21:30,134 [INFO]       OK TROP DE LA VITESSE | 57 x 31 cm
[2026-08-18 15:21:35] INFO: Fetched (200) <GET https://www.galeries-bartoux.com/artistes/van-den-berghe/promesse-tenue-46-x-32-cm/> (referer: https://www.google.com/)
2026-08-18 15:21:35,759 [INFO] Fetched (200) <GET https://www.galeries-bartoux.com/artistes/van-den-berghe/promesse-tenue-46-x-32-cm/> (referer: https://www.google.com/)
2026-08-18 15:21:38,925 [INFO]       Image sauvee -> artistes/van-den-berghe/promesse-tenue-46x32cm.jpg
2026-08-18 15:21:38,925 [INFO]       OK PROMESSE TENUE | 46 x 32 cm
[2026-08-18 15:21:43] INFO: Fetched (200) <GET https://www.galeries-bartoux.com/artistes/van-den-berghe/van-denbaya-32-x-78-cm/> (referer: https://www.google.com/)
2026-08-18 15:21:43,313 [INFO] Fetched (200) <GET https://www.galeries-bartoux.com/artistes/van-den-berghe/van-denbaya-32-x-78-cm/> (referer: https://www.google.com/)
2026-08-18 15:21:46,500 [INFO]       Image sauvee -> artistes/van-den-berghe/van-denbaya-32x78cm.jpg
2026-08-18 15:21:46,501 [INFO]       OK VAN DENBAYA | 32 x 78 cm
[2026-08-18 15:21:52] INFO: Fetched (200) <GET https://www.galeries-bartoux.com/artistes/van-den-berghe/amahlanu-30-x-98-cm/> (referer: https://www.google.com/)
2026-08-18 15:21:52,365 [INFO] Fetched (200) <GET https://www.galeries-bartoux.com/artistes/van-den-berghe/amahlanu-30-x-98-cm/> (referer: https://www.google.com/)
2026-08-18 15:21:55,515 [INFO]       Image sauvee -> artistes/van-den-berghe/amahlanu-30x98cm.jpg
2026-08-18 15:21:55,517 [INFO]       OK AMAHLANU | 30 x 98 cm
[2026-08-18 15:21:59] INFO: Fetched (200) <GET https://www.galeries-bartoux.com/artistes/van-den-berghe/pole-pole-31-x-41-cm/> (referer: https://www.google.com/)
2026-08-18 15:21:59,960 [INFO] Fetched (200) <GET https://www.galeries-bartoux.com/artistes/van-den-berghe/pole-pole-31-x-41-cm/> (referer: https://www.google.com/)
2026-08-18 15:22:03,122 [INFO]       Image sauvee -> artistes/van-den-berghe/pole-pole-31x41cm.jpg
2026-08-18 15:22:03,123 [INFO]       OK POLE POLE | 31 x 41 cm
[2026-08-18 15:22:07] INFO: Fetched (200) <GET https://www.galeries-bartoux.com/artistes/van-den-berghe/gb-vdb-mama-wa-30x47x20cm/> (referer: https://www.google.com/)
2026-08-18 15:22:07,973 [INFO] Fetched (200) <GET https://www.galeries-bartoux.com/artistes/van-den-berghe/gb-vdb-mama-wa-30x47x20cm/> (referer: https://www.google.com/)
2026-08-18 15:22:11,112 [INFO]       Image sauvee -> artistes/van-den-berghe/mama-wa-30x47x20cm.jpg
2026-08-18 15:22:11,114 [INFO]       OK Mama Wa | 30x47x20cm
[2026-08-18 15:22:15] INFO: Fetched (200) <GET https://www.galeries-bartoux.com/artistes/van-den-berghe/van-den-berghe-matiti-46x22x27/> (referer: https://www.google.com/)
2026-08-18 15:22:15,507 [INFO] Fetched (200) <GET https://www.galeries-bartoux.com/artistes/van-den-berghe/van-den-berghe-matiti-46x22x27/> (referer: https://www.google.com/)
2026-08-18 15:22:18,623 [INFO]       Image sauvee -> artistes/van-den-berghe/matiti-46x22x27cm.jpg
2026-08-18 15:22:18,623 [INFO]       OK Matiti | 46x22x27cm
[2026-08-18 15:22:23] INFO: Fetched (200) <GET https://www.galeries-bartoux.com/artistes/van-den-berghe/vandeberghe_obhejane-one-b/> (referer: https://www.google.com/)
2026-08-18 15:22:23,647 [INFO] Fetched (200) <GET https://www.galeries-bartoux.com/artistes/van-den-berghe/vandeberghe_obhejane-one-b/> (referer: https://www.google.com/)
2026-08-18 15:22:26,769 [INFO]       Image sauvee -> artistes/van-den-berghe/obhejane-one-130x45x55cm.jpg
2026-08-18 15:22:26,769 [INFO]       OK Obhejane One | 130x45x55cm
2026-08-18 15:22:26,770 [INFO]   -> Artiste : VITTORIO IAVAZZO [Sculpteur]
[2026-08-18 15:22:31] INFO: Fetched (200) <GET https://www.galeries-bartoux.com/artistes/vittorio-iavazzo/> (referer: https://www.google.com/)
2026-08-18 15:22:31,966 [INFO] Fetched (200) <GET https://www.galeries-bartoux.com/artistes/vittorio-iavazzo/> (referer: https://www.google.com/)
2026-08-18 15:22:35,648 [INFO]     Bio recuperee (997 caracteres)
2026-08-18 15:22:35,656 [INFO]     Oeuvres candidates : 16
[2026-08-18 15:22:40] INFO: Fetched (200) <GET https://www.galeries-bartoux.com/artistes/vittorio-iavazzo/venere-di-venezia-98-x-53-x-30-cm-papier-mache-resine-ecologique-cafe-cire-de-bougie/> (referer: https://www.google.com/)
2026-08-18 15:22:40,655 [INFO] Fetched (200) <GET https://www.galeries-bartoux.com/artistes/vittorio-iavazzo/venere-di-venezia-98-x-53-x-30-cm-papier-mache-resine-ecologique-cafe-cire-de-bougie/> (referer: https://www.google.com/)
2026-08-18 15:22:43,833 [INFO]       Image sauvee -> artistes/vittorio-iavazzo/venere-di-venezia-98x53x30cm.jpg
2026-08-18 15:22:43,835 [INFO]       OK VENERE DI VENEZIA | 98 x 53 x 30 cm
[2026-08-18 15:22:49] INFO: Fetched (200) <GET https://www.galeries-bartoux.com/artistes/vittorio-iavazzo/marte-di-venezia-103-x-50-x-50cm-papier-mache-resine-ecologique-cafe-cire-de-bougie/> (referer: https://www.google.com/)
2026-08-18 15:22:49,219 [INFO] Fetched (200) <GET https://www.galeries-bartoux.com/artistes/vittorio-iavazzo/marte-di-venezia-103-x-50-x-50cm-papier-mache-resine-ecologique-cafe-cire-de-bougie/> (referer: https://www.google.com/)
2026-08-18 15:22:52,357 [INFO]       Image sauvee -> artistes/vittorio-iavazzo/marte-di-venezia-103x50x50cm.jpg
2026-08-18 15:22:52,358 [INFO]       OK MARTE DI VENEZIA | 103 x 50 x 50cm
[2026-08-18 15:22:56] INFO: Fetched (200) <GET https://www.galeries-bartoux.com/artistes/vittorio-iavazzo/atena-di-venezia-98-x-53-x-35-cm-papier-mache-resine-ecologique-cafe-cire-de-bougie/> (referer: https://www.google.com/)
2026-08-18 15:22:56,766 [INFO] Fetched (200) <GET https://www.galeries-bartoux.com/artistes/vittorio-iavazzo/atena-di-venezia-98-x-53-x-35-cm-papier-mache-resine-ecologique-cafe-cire-de-bougie/> (referer: https://www.google.com/)
2026-08-18 15:22:59,904 [INFO]       Image sauvee -> artistes/vittorio-iavazzo/atena-di-venezia-98x53x35cm.jpg
2026-08-18 15:22:59,904 [INFO]       OK ATENA DI VENEZIA | 98 x 53 x 35 cm
[2026-08-18 15:23:04] INFO: Fetched (200) <GET https://www.galeries-bartoux.com/artistes/vittorio-iavazzo/mercurio-di-venezia-100-x-54-x-30-cm-papier-mache-resine-ecologique-cafe-cire-de-bougie/> (referer: https://www.google.com/)
2026-08-18 15:23:04,479 [INFO] Fetched (200) <GET https://www.galeries-bartoux.com/artistes/vittorio-iavazzo/mercurio-di-venezia-100-x-54-x-30-cm-papier-mache-resine-ecologique-cafe-cire-de-bougie/> (referer: https://www.google.com/)
2026-08-18 15:23:07,634 [INFO]       Image sauvee -> artistes/vittorio-iavazzo/mercurio-di-venezia-100x54x30cm.jpg
2026-08-18 15:23:07,634 [INFO]       OK MERCURIO DI VENEZIA | 100 x 54 x 30 cm
[2026-08-18 15:23:12] INFO: Fetched (200) <GET https://www.galeries-bartoux.com/artistes/vittorio-iavazzo/custodi-di-emozioni-custode-del-tempo-50-x-60-x-136-cm-papier-mache-resine-ecologique-cafe-cire-de-bougie/> (referer: https://www.google.com/)
2026-08-18 15:23:12,644 [INFO] Fetched (200) <GET https://www.galeries-bartoux.com/artistes/vittorio-iavazzo/custodi-di-emozioni-custode-del-tempo-50-x-60-x-136-cm-papier-mache-resine-ecologique-cafe-cire-de-bougie/> (referer: https://www.google.com/)
2026-08-18 15:23:15,797 [INFO]       Image sauvee -> artistes/vittorio-iavazzo/custodi-di-emozioni-custode-del-tempo-50x60x136cm.jpg
2026-08-18 15:23:15,797 [INFO]       OK CUSTODI DI EMOZIONI CUSTODE DEL TEMPO | 50 x 60 x 136 cm
[2026-08-18 15:23:20] INFO: Fetched (200) <GET https://www.galeries-bartoux.com/artistes/vittorio-iavazzo/custodi-di-emozioni-attimi-vittorio-50-x-40-x-153-cm-papier-mache-resine-ecologique-cafe-cire-de-bougie/> (referer: https://www.google.com/)
2026-08-18 15:23:20,387 [INFO] Fetched (200) <GET https://www.galeries-bartoux.com/artistes/vittorio-iavazzo/custodi-di-emozioni-attimi-vittorio-50-x-40-x-153-cm-papier-mache-resine-ecologique-cafe-cire-de-bougie/> (referer: https://www.google.com/)
2026-08-18 15:23:23,537 [INFO]       Image sauvee -> artistes/vittorio-iavazzo/custodi-di-emozioni-attimi-vittorio-50x40x153cm.jpg
2026-08-18 15:23:23,538 [INFO]       OK CUSTODI DI EMOZIONI ATTIMI VITTORIO | 50 x 40 x 153 cm
[2026-08-18 15:23:28] INFO: Fetched (200) <GET https://www.galeries-bartoux.com/artistes/vittorio-iavazzo/custodi-di-emozioni-guerriero-con-colibri-55-x-60-x-142-cm-papier-mache-resine-ecologique-cafe-cire-de-bougie/> (referer: https://www.google.com/)
2026-08-18 15:23:28,575 [INFO] Fetched (200) <GET https://www.galeries-bartoux.com/artistes/vittorio-iavazzo/custodi-di-emozioni-guerriero-con-colibri-55-x-60-x-142-cm-papier-mache-resine-ecologique-cafe-cire-de-bougie/> (referer: https://www.google.com/)
2026-08-18 15:23:31,727 [INFO]       Image sauvee -> artistes/vittorio-iavazzo/custodi-di-emozioni-guerriero-con-colibri-55x60x142cm.jpg
2026-08-18 15:23:31,728 [INFO]       OK CUSTODI DI EMOZIONI GUERRIERO CON COLIBRI | 55 x 60 x 142 cm
[2026-08-18 15:23:36] INFO: Fetched (200) <GET https://www.galeries-bartoux.com/artistes/vittorio-iavazzo/pygmalion-and-galatea-127-x-35-cm/> (referer: https://www.google.com/)
2026-08-18 15:23:36,664 [INFO] Fetched (200) <GET https://www.galeries-bartoux.com/artistes/vittorio-iavazzo/pygmalion-and-galatea-127-x-35-cm/> (referer: https://www.google.com/)
2026-08-18 15:23:39,782 [INFO]       Image sauvee -> artistes/vittorio-iavazzo/pygmalion-and-galatea-127x35cm.jpg
2026-08-18 15:23:39,783 [INFO]       OK PYGMALION AND GALATEA | 127 x 35 cm
[2026-08-18 15:23:44] INFO: Fetched (200) <GET https://www.galeries-bartoux.com/artistes/vittorio-iavazzo/young-dreamer-faun-123-x-35-cm/> (referer: https://www.google.com/)
2026-08-18 15:23:44,242 [INFO] Fetched (200) <GET https://www.galeries-bartoux.com/artistes/vittorio-iavazzo/young-dreamer-faun-123-x-35-cm/> (referer: https://www.google.com/)
2026-08-18 15:23:47,429 [INFO]       Image sauvee -> artistes/vittorio-iavazzo/young-dreamer-faun-123x35cm.jpg
2026-08-18 15:23:47,430 [INFO]       OK YOUNG DREAMER FAUN | 123 x 35 cm
[2026-08-18 15:23:51] INFO: Fetched (200) <GET https://www.galeries-bartoux.com/artistes/vittorio-iavazzo/ariadnes-thread-105-x-30-cm/> (referer: https://www.google.com/)
2026-08-18 15:23:51,790 [INFO] Fetched (200) <GET https://www.galeries-bartoux.com/artistes/vittorio-iavazzo/ariadnes-thread-105-x-30-cm/> (referer: https://www.google.com/)
2026-08-18 15:23:54,966 [INFO]       Image sauvee -> artistes/vittorio-iavazzo/ariadne-s-thread-105x30cm.jpg
2026-08-18 15:23:54,967 [INFO]       OK ARIADNE’S THREAD | 105 x 30 cm
[2026-08-18 15:23:59] INFO: Fetched (200) <GET https://www.galeries-bartoux.com/artistes/vittorio-iavazzo/venus-drops-of-beauty-90-x-33-cm/> (referer: https://www.google.com/)
2026-08-18 15:23:59,908 [INFO] Fetched (200) <GET https://www.galeries-bartoux.com/artistes/vittorio-iavazzo/venus-drops-of-beauty-90-x-33-cm/> (referer: https://www.google.com/)
2026-08-18 15:24:03,077 [INFO]       Image sauvee -> artistes/vittorio-iavazzo/venus-drops-of-beauty-90x33cm.jpg
2026-08-18 15:24:03,079 [INFO]       OK VENUS DROPS OF BEAUTY | 90 x 33 cm
[2026-08-18 15:24:07] INFO: Fetched (200) <GET https://www.galeries-bartoux.com/artistes/vittorio-iavazzo/pan-custodians-of-emotions-92-x-30-cm/> (referer: https://www.google.com/)
2026-08-18 15:24:07,463 [INFO] Fetched (200) <GET https://www.galeries-bartoux.com/artistes/vittorio-iavazzo/pan-custodians-of-emotions-92-x-30-cm/> (referer: https://www.google.com/)
2026-08-18 15:24:10,628 [INFO]       Image sauvee -> artistes/vittorio-iavazzo/pan-custodians-of-emotions-92x30cm.jpg
2026-08-18 15:24:10,629 [INFO]       OK PAN CUSTODIANS OF EMOTIONS | 92 X 30 cm
[2026-08-18 15:24:15] INFO: Fetched (200) <GET https://www.galeries-bartoux.com/artistes/vittorio-iavazzo/custodians-of-emotions-96-x-30-cm/> (referer: https://www.google.com/)
2026-08-18 15:24:15,694 [INFO] Fetched (200) <GET https://www.galeries-bartoux.com/artistes/vittorio-iavazzo/custodians-of-emotions-96-x-30-cm/> (referer: https://www.google.com/)
2026-08-18 15:24:18,878 [INFO]       Image sauvee -> artistes/vittorio-iavazzo/custodians-of-emotions-96x30cm.jpg
2026-08-18 15:24:18,878 [INFO]       OK CUSTODIANS OF EMOTIONS | 96 x 30 cm
[2026-08-18 15:24:23] INFO: Fetched (200) <GET https://www.galeries-bartoux.com/artistes/vittorio-iavazzo/vittorio-iavazzo-the-thoughts-of-athena-100-x-75-x-50-cm-4/> (referer: https://www.google.com/)
2026-08-18 15:24:23,424 [INFO] Fetched (200) <GET https://www.galeries-bartoux.com/artistes/vittorio-iavazzo/vittorio-iavazzo-the-thoughts-of-athena-100-x-75-x-50-cm-4/> (referer: https://www.google.com/)
2026-08-18 15:24:26,609 [INFO]       Image sauvee -> artistes/vittorio-iavazzo/the-thoughts-of-athena-100x75x50cm.jpeg
2026-08-18 15:24:26,609 [INFO]       OK THE THOUGHTS OF ATHENA | 100 x 75 x 50 cm
[2026-08-18 15:24:32] INFO: Fetched (200) <GET https://www.galeries-bartoux.com/artistes/vittorio-iavazzo/vittorio-iavazzo-the-migration-of-emotions-female-leda-swans-cigni-100-x-75-x-50-cm-1/> (referer: https://www.google.com/)
2026-08-18 15:24:32,071 [INFO] Fetched (200) <GET https://www.galeries-bartoux.com/artistes/vittorio-iavazzo/vittorio-iavazzo-the-migration-of-emotions-female-leda-swans-cigni-100-x-75-x-50-cm-1/> (referer: https://www.google.com/)
2026-08-18 15:24:35,229 [INFO]       Image sauvee -> artistes/vittorio-iavazzo/la-migrazione-delle-emozioni-100x75x50cm.jpeg
2026-08-18 15:24:35,230 [INFO]       OK LA MIGRAZIONE DELLE EMOZIONI | 100 x 75 x 50 cm
[2026-08-18 15:24:39] INFO: Fetched (200) <GET https://www.galeries-bartoux.com/artistes/vittorio-iavazzo/minotauro-di-monterrey-27-x-25-x-88-cm-papier-mache-resine-ecologique-cafe-cire-de-bougie/> (referer: https://www.google.com/)
2026-08-18 15:24:39,596 [INFO] Fetched (200) <GET https://www.galeries-bartoux.com/artistes/vittorio-iavazzo/minotauro-di-monterrey-27-x-25-x-88-cm-papier-mache-resine-ecologique-cafe-cire-de-bougie/> (referer: https://www.google.com/)
2026-08-18 15:24:42,750 [INFO]       Image sauvee -> artistes/vittorio-iavazzo/minotauro-di-monterrey-27x25x88cm.jpg
2026-08-18 15:24:42,750 [INFO]       OK MINOTAURO DI MONTERREY | 27 x 25 x 88 cm
2026-08-18 15:24:42,751 [INFO]   -> Artiste : ALEX BERNSTEIN [Design]
[2026-08-18 15:24:49] INFO: Fetched (200) <GET https://www.galeries-bartoux.com/artistes/alex-bernstein/> (referer: https://www.google.com/)
2026-08-18 15:24:49,554 [INFO] Fetched (200) <GET https://www.galeries-bartoux.com/artistes/alex-bernstein/> (referer: https://www.google.com/)
2026-08-18 15:24:53,250 [INFO]     Bio recuperee (1541 caracteres)
2026-08-18 15:24:53,251 [INFO]     Oeuvres candidates : 5
[2026-08-18 15:24:57] INFO: Fetched (200) <GET https://www.galeries-bartoux.com/artistes/alex-bernstein/twilight-crest-535-x-51-x-10-cm/> (referer: https://www.google.com/)
2026-08-18 15:24:57,867 [INFO] Fetched (200) <GET https://www.galeries-bartoux.com/artistes/alex-bernstein/twilight-crest-535-x-51-x-10-cm/> (referer: https://www.google.com/)
2026-08-18 15:25:01,030 [INFO]       Image sauvee -> artistes/alex-bernstein/twilight-crest-53x5x51x10cm.jpg
2026-08-18 15:25:01,031 [INFO]       OK TWILIGHT CREST | 53,5 x 51 x 10 cm
[2026-08-18 15:25:05] INFO: Fetched (200) <GET https://www.galeries-bartoux.com/artistes/alex-bernstein/small-amber-slice-255-x-355-x-8-cm/> (referer: https://www.google.com/)
2026-08-18 15:25:05,991 [INFO] Fetched (200) <GET https://www.galeries-bartoux.com/artistes/alex-bernstein/small-amber-slice-255-x-355-x-8-cm/> (referer: https://www.google.com/)
2026-08-18 15:25:09,140 [INFO]       Image sauvee -> artistes/alex-bernstein/small-amber-slice-25x5x35x5x8cm.jpg
2026-08-18 15:25:09,141 [INFO]       OK SMALL AMBER SLICE | 25,5 x 35,5 x 8 cm
[2026-08-18 15:25:14] INFO: Fetched (200) <GET https://www.galeries-bartoux.com/artistes/alex-bernstein/neo-view-56-x-535-x-13-cm/> (referer: https://www.google.com/)
2026-08-18 15:25:14,263 [INFO] Fetched (200) <GET https://www.galeries-bartoux.com/artistes/alex-bernstein/neo-view-56-x-535-x-13-cm/> (referer: https://www.google.com/)
2026-08-18 15:25:17,430 [INFO]       Image sauvee -> artistes/alex-bernstein/neo-view-56x53x5x13cm.jpg
2026-08-18 15:25:17,431 [INFO]       OK NEO VIEW | 56 x 53,5 x 13 cm
[2026-08-18 15:25:22] INFO: Fetched (200) <GET https://www.galeries-bartoux.com/artistes/alex-bernstein/amber-sunrise-51-x-51-x-105-cm/> (referer: https://www.google.com/)
2026-08-18 15:25:22,277 [INFO] Fetched (200) <GET https://www.galeries-bartoux.com/artistes/alex-bernstein/amber-sunrise-51-x-51-x-105-cm/> (referer: https://www.google.com/)
2026-08-18 15:25:25,413 [INFO]       Image sauvee -> artistes/alex-bernstein/amber-sunrise-51x51x10x5cm.jpg
2026-08-18 15:25:25,415 [INFO]       OK AMBER SUNRISE | 51 x 51 x 10,5 cm
[2026-08-18 15:25:29] INFO: Fetched (200) <GET https://www.galeries-bartoux.com/artistes/alex-bernstein/green-balance-535-x-40-5-x-5-cm/> (referer: https://www.google.com/)
2026-08-18 15:25:29,992 [INFO] Fetched (200) <GET https://www.galeries-bartoux.com/artistes/alex-bernstein/green-balance-535-x-40-5-x-5-cm/> (referer: https://www.google.com/)
2026-08-18 15:25:33,160 [INFO]       Image sauvee -> artistes/alex-bernstein/green-balance-53x5x40x5x5cm.jpg
2026-08-18 15:25:33,161 [INFO]       OK GREEN BALANCE | 53,5 x 40, 5 x 5 cm
2026-08-18 15:25:33,161 [INFO]   -> Artiste : AMARIST [Design]
[2026-08-18 15:25:39] INFO: Fetched (200) <GET https://www.galeries-bartoux.com/artistes/amarist/> (referer: https://www.google.com/)
2026-08-18 15:25:39,149 [INFO] Fetched (200) <GET https://www.galeries-bartoux.com/artistes/amarist/> (referer: https://www.google.com/)
2026-08-18 15:25:42,827 [INFO]     Bio recuperee (1268 caracteres)
2026-08-18 15:25:42,832 [INFO]     Oeuvres candidates : 12
[2026-08-18 15:25:47] INFO: Fetched (200) <GET https://www.galeries-bartoux.com/artistes/amarist/amarist-fossil-moon-xxxii-diam-120-cm-albatre-miroir/> (referer: https://www.google.com/)
2026-08-18 15:25:47,955 [INFO] Fetched (200) <GET https://www.galeries-bartoux.com/artistes/amarist/amarist-fossil-moon-xxxii-diam-120-cm-albatre-miroir/> (referer: https://www.google.com/)
2026-08-18 15:25:51,128 [INFO]       Image sauvee -> artistes/amarist/fossil-moon-xxxii-120cm.jpg
2026-08-18 15:25:51,130 [INFO]       OK FOSSIL MOON XXXII | Diam. 120 cm
[2026-08-18 15:25:55] INFO: Fetched (200) <GET https://www.galeries-bartoux.com/artistes/amarist/amarist-fossil-moon-xxxv-diam-100-cm-albatre-miroir/> (referer: https://www.google.com/)
2026-08-18 15:25:55,326 [INFO] Fetched (200) <GET https://www.galeries-bartoux.com/artistes/amarist/amarist-fossil-moon-xxxv-diam-100-cm-albatre-miroir/> (referer: https://www.google.com/)
2026-08-18 15:25:58,468 [INFO]       Image sauvee -> artistes/amarist/fossil-moon-xxxv-100cm.jpg
2026-08-18 15:25:58,469 [INFO]       OK FOSSIL MOON XXXV | Diam. 100 cm
[2026-08-18 15:26:02] INFO: Fetched (200) <GET https://www.galeries-bartoux.com/artistes/amarist/fossil-moon-xxxviii-diam-100-cm/> (referer: https://www.google.com/)
2026-08-18 15:26:02,899 [INFO] Fetched (200) <GET https://www.galeries-bartoux.com/artistes/amarist/fossil-moon-xxxviii-diam-100-cm/> (referer: https://www.google.com/)
2026-08-18 15:26:06,054 [INFO]       Image sauvee -> artistes/amarist/fossil-moon-xxxviii-100cm.jpg
2026-08-18 15:26:06,055 [INFO]       OK FOSSIL MOON XXXVIII | Diam. 100 cm
[2026-08-18 15:26:10] INFO: Fetched (200) <GET https://www.galeries-bartoux.com/artistes/amarist/fossil-moon-xxxiv-diam-80-cm/> (referer: https://www.google.com/)
2026-08-18 15:26:10,407 [INFO] Fetched (200) <GET https://www.galeries-bartoux.com/artistes/amarist/fossil-moon-xxxiv-diam-80-cm/> (referer: https://www.google.com/)
2026-08-18 15:26:13,616 [INFO]       Image sauvee -> artistes/amarist/fossil-moon-xxxiv-80cm.jpg
2026-08-18 15:26:13,617 [INFO]       OK FOSSIL MOON XXXIV | Diam. 80 cm
[2026-08-18 15:26:17] INFO: Fetched (200) <GET https://www.galeries-bartoux.com/artistes/amarist/fossil-moon-xxxiii-diam-100-cm/> (referer: https://www.google.com/)
2026-08-18 15:26:17,829 [INFO] Fetched (200) <GET https://www.galeries-bartoux.com/artistes/amarist/fossil-moon-xxxiii-diam-100-cm/> (referer: https://www.google.com/)
2026-08-18 15:26:21,007 [INFO]       Image sauvee -> artistes/amarist/fossil-moon-xxxiii-100cm.jpg
2026-08-18 15:26:21,008 [INFO]       OK FOSSIL MOON XXXIII | Diam. 100 cm
[2026-08-18 15:26:25] INFO: Fetched (200) <GET https://www.galeries-bartoux.com/artistes/amarist/fossil-moon-xxvii-diam-100-cm-albatre-miroir/> (referer: https://www.google.com/)
2026-08-18 15:26:25,764 [INFO] Fetched (200) <GET https://www.galeries-bartoux.com/artistes/amarist/fossil-moon-xxvii-diam-100-cm-albatre-miroir/> (referer: https://www.google.com/)
2026-08-18 15:26:28,931 [INFO]       Image sauvee -> artistes/amarist/fossil-moon-xxvii-100cm.jpg
2026-08-18 15:26:28,932 [INFO]       OK FOSSIL MOON XXVII | Diam. 100 cm
[2026-08-18 15:26:34] INFO: Fetched (200) <GET https://www.galeries-bartoux.com/artistes/amarist/fossil-moon-xxviii-120-cm/> (referer: https://www.google.com/)
2026-08-18 15:26:34,135 [INFO] Fetched (200) <GET https://www.galeries-bartoux.com/artistes/amarist/fossil-moon-xxviii-120-cm/> (referer: https://www.google.com/)
2026-08-18 15:26:37,350 [INFO]       Image sauvee -> artistes/amarist/fossil-moon-xxviii-120cm.jpg
2026-08-18 15:26:37,351 [INFO]       OK FOSSIL MOON XXVIII | Diam. 120 cm
[2026-08-18 15:26:42] INFO: Fetched (200) <GET https://www.galeries-bartoux.com/artistes/amarist/echoes-of-time-i-175-x-85-cm-albatre-miroir/> (referer: https://www.google.com/)
2026-08-18 15:26:42,634 [INFO] Fetched (200) <GET https://www.galeries-bartoux.com/artistes/amarist/echoes-of-time-i-175-x-85-cm-albatre-miroir/> (referer: https://www.google.com/)
2026-08-18 15:26:45,808 [INFO]       Image sauvee -> artistes/amarist/echoes-of-time-i-175x85cm.jpg
2026-08-18 15:26:45,809 [INFO]       OK ECHOES OF TIME I | 175 x 85 cm
[2026-08-18 15:26:51] INFO: Fetched (200) <GET https://www.galeries-bartoux.com/artistes/amarist/fossil-drop-100-cm/> (referer: https://www.google.com/)
2026-08-18 15:26:51,183 [INFO] Fetched (200) <GET https://www.galeries-bartoux.com/artistes/amarist/fossil-drop-100-cm/> (referer: https://www.google.com/)
2026-08-18 15:26:54,383 [INFO]       Image sauvee -> artistes/amarist/fossil-drop-115cm.jpg
2026-08-18 15:26:54,384 [INFO]       OK FOSSIL DROP | Diam. 115 cm
[2026-08-18 15:26:59] INFO: Fetched (200) <GET https://www.galeries-bartoux.com/artistes/amarist/fossil-moon-xix/> (referer: https://www.google.com/)
2026-08-18 15:26:59,260 [INFO] Fetched (200) <GET https://www.galeries-bartoux.com/artistes/amarist/fossil-moon-xix/> (referer: https://www.google.com/)
2026-08-18 15:27:02,379 [INFO]       Image sauvee -> artistes/amarist/fossil-moon-xix-120cm.jpg
2026-08-18 15:27:02,379 [INFO]       OK Fossil Moon XIX | Diam. 120 cm
[2026-08-18 15:27:06] INFO: Fetched (200) <GET https://www.galeries-bartoux.com/artistes/amarist/aqua-fossil-soul-v/> (referer: https://www.google.com/)
2026-08-18 15:27:06,983 [INFO] Fetched (200) <GET https://www.galeries-bartoux.com/artistes/amarist/aqua-fossil-soul-v/> (referer: https://www.google.com/)
2026-08-18 15:27:10,112 [INFO]       Image sauvee -> artistes/amarist/aqua-fossil-soul-v-25x25x63cm.jpg
2026-08-18 15:27:10,113 [INFO]       OK Aqua Fossil Soul V | 25 x 25 x 63 cm
[2026-08-18 15:27:14] INFO: Fetched (200) <GET https://www.galeries-bartoux.com/artistes/amarist/gravity/> (referer: https://www.google.com/)
2026-08-18 15:27:14,867 [INFO] Fetched (200) <GET https://www.galeries-bartoux.com/artistes/amarist/gravity/> (referer: https://www.google.com/)
2026-08-18 15:27:18,004 [INFO]       Image sauvee -> artistes/amarist/gravity-35x35x65cm.jpg
2026-08-18 15:27:18,004 [INFO]       OK GRAVITY | 35 x 35 x 65 cm
2026-08-18 15:27:18,005 [INFO]   -> Artiste : ANNA MASTERS [Design]
[2026-08-18 15:27:22] INFO: Fetched (200) <GET https://www.galeries-bartoux.com/artistes/masters-anna/> (referer: https://www.google.com/)
2026-08-18 15:27:22,513 [INFO] Fetched (200) <GET https://www.galeries-bartoux.com/artistes/masters-anna/> (referer: https://www.google.com/)
2026-08-18 15:27:26,229 [INFO]     Bio recuperee (812 caracteres)
2026-08-18 15:27:26,232 [INFO]     Oeuvres candidates : 14
[2026-08-18 15:27:31] INFO: Fetched (200) <GET https://www.galeries-bartoux.com/artistes/masters-anna/anna-masters-aelia-120-x-120-cm/> (referer: https://www.google.com/)
2026-08-18 15:27:31,054 [INFO] Fetched (200) <GET https://www.galeries-bartoux.com/artistes/masters-anna/anna-masters-aelia-120-x-120-cm/> (referer: https://www.google.com/)
2026-08-18 15:27:34,240 [INFO]       Image sauvee -> artistes/anna-masters/aelia-120x120cm.jpg
2026-08-18 15:27:34,240 [INFO]       OK AELIA | 120 x 120 cm
[2026-08-18 15:27:39] INFO: Fetched (200) <GET https://www.galeries-bartoux.com/artistes/masters-anna/eclipse-100-x-100-cm-hydrangea-and-rose-petals-ruscus-and-skeleton-leaves-with-real-moths-on-blue-grey-and-silver-blush-liquid-metal-acrylic/> (referer: https://www.google.com/)
2026-08-18 15:27:39,216 [INFO] Fetched (200) <GET https://www.galeries-bartoux.com/artistes/masters-anna/eclipse-100-x-100-cm-hydrangea-and-rose-petals-ruscus-and-skeleton-leaves-with-real-moths-on-blue-grey-and-silver-blush-liquid-metal-acrylic/> (referer: https://www.google.com/)
2026-08-18 15:27:42,384 [INFO]       Image sauvee -> artistes/anna-masters/eclipse-100x100cm.jpg
2026-08-18 15:27:42,384 [INFO]       OK ECLIPSE | 100 x 100 cm
[2026-08-18 15:27:48] INFO: Fetched (200) <GET https://www.galeries-bartoux.com/artistes/masters-anna/paloma/> (referer: https://www.google.com/)
2026-08-18 15:27:48,339 [INFO] Fetched (200) <GET https://www.galeries-bartoux.com/artistes/masters-anna/paloma/> (referer: https://www.google.com/)
2026-08-18 15:27:51,498 [INFO]       Image sauvee -> artistes/anna-masters/paloma-140x100cm.jpg
2026-08-18 15:27:51,499 [INFO]       OK PALOMA | 140 x 100 cm
[2026-08-18 15:27:56] INFO: Fetched (200) <GET https://www.galeries-bartoux.com/artistes/masters-anna/anna-masters-wonderland-diptych-80-x-130-cm/> (referer: https://www.google.com/)
2026-08-18 15:27:56,025 [INFO] Fetched (200) <GET https://www.galeries-bartoux.com/artistes/masters-anna/anna-masters-wonderland-diptych-80-x-130-cm/> (referer: https://www.google.com/)
2026-08-18 15:27:59,245 [INFO]       Image sauvee -> artistes/anna-masters/wonderland-diptych-80x130cm.jpg
2026-08-18 15:27:59,246 [INFO]       OK WONDERLAND (DIPTYCH) | 80 x 130 cm
[2026-08-18 15:28:03] INFO: Fetched (200) <GET https://www.galeries-bartoux.com/artistes/masters-anna/anna-masters-sunshine-shower-120-x-180-rose-hydrangea-and-cornflower-petals-with-dried-honesty-seed-heads-and-real-butterflies-on-gold-leaf/> (referer: https://www.google.com/)
2026-08-18 15:28:03,888 [INFO] Fetched (200) <GET https://www.galeries-bartoux.com/artistes/masters-anna/anna-masters-sunshine-shower-120-x-180-rose-hydrangea-and-cornflower-petals-with-dried-honesty-seed-heads-and-real-butterflies-on-gold-leaf/> (referer: https://www.google.com/)
2026-08-18 15:28:07,068 [INFO]       Image sauvee -> artistes/anna-masters/sunshine-shower-120x180cm.jpg
2026-08-18 15:28:07,069 [INFO]       OK SUNSHINE SHOWER | 120 x 180 cm
[2026-08-18 15:28:11] INFO: Fetched (200) <GET https://www.galeries-bartoux.com/artistes/masters-anna/anna-masters-juliets-glade-100-x-140-cm/> (referer: https://www.google.com/)
2026-08-18 15:28:11,522 [INFO] Fetched (200) <GET https://www.galeries-bartoux.com/artistes/masters-anna/anna-masters-juliets-glade-100-x-140-cm/> (referer: https://www.google.com/)
2026-08-18 15:28:14,700 [INFO]       Image sauvee -> artistes/anna-masters/juliet-s-glade-100x140cm.jpg
2026-08-18 15:28:14,701 [INFO]       OK JULIET’S GLADE | 100 x 140 cm
[2026-08-18 15:28:19] INFO: Fetched (200) <GET https://www.galeries-bartoux.com/artistes/masters-anna/anna-masters-the-soft-breeze-plays-180-x-155-cm-rose-hydrangea-delphinium-and-calendula-petals-with-eucalyptus-leaves-and-real-butterflies-on/> (referer: https://www.google.com/)
2026-08-18 15:28:19,619 [INFO] Fetched (200) <GET https://www.galeries-bartoux.com/artistes/masters-anna/anna-masters-the-soft-breeze-plays-180-x-155-cm-rose-hydrangea-delphinium-and-calendula-petals-with-eucalyptus-leaves-and-real-butterflies-on/> (referer: https://www.google.com/)
2026-08-18 15:28:22,813 [INFO]       Image sauvee -> artistes/anna-masters/the-soft-breeze-plays-180x155cm.jpg
2026-08-18 15:28:22,813 [INFO]       OK THE SOFT BREEZE PLAYS | 180 x 155 cm
[2026-08-18 15:28:27] INFO: Fetched (200) <GET https://www.galeries-bartoux.com/artistes/masters-anna/anna-masters-lovers-flurry-140-x-100-cm-hydrangea-rose-cornflower-and-delphinium-petals-with-coral-ferns-and-real-butterflies-on-champagne/> (referer: https://www.google.com/)
2026-08-18 15:28:27,316 [INFO] Fetched (200) <GET https://www.galeries-bartoux.com/artistes/masters-anna/anna-masters-lovers-flurry-140-x-100-cm-hydrangea-rose-cornflower-and-delphinium-petals-with-coral-ferns-and-real-butterflies-on-champagne/> (referer: https://www.google.com/)
2026-08-18 15:28:30,504 [INFO]       Image sauvee -> artistes/anna-masters/lover-s-flurry-140x100cm.jpg
2026-08-18 15:28:30,505 [INFO]       OK LOVER’S FLURRY | 140 x 100 cm
[2026-08-18 15:28:36] INFO: Fetched (200) <GET https://www.galeries-bartoux.com/artistes/masters-anna/sun-dew-100-x-140-cm-hydrangea-delphinium-rose-and-cornflower-petals-chasmanthium-and-bear-grasses-and-eucalyptus-leaves-with-re/> (referer: https://www.google.com/)
2026-08-18 15:28:36,039 [INFO] Fetched (200) <GET https://www.galeries-bartoux.com/artistes/masters-anna/sun-dew-100-x-140-cm-hydrangea-delphinium-rose-and-cornflower-petals-chasmanthium-and-bear-grasses-and-eucalyptus-leaves-with-re/> (referer: https://www.google.com/)
2026-08-18 15:28:39,217 [INFO]       Image sauvee -> artistes/anna-masters/sun-dew-100x140cm.jpg
2026-08-18 15:28:39,218 [INFO]       OK SUN DEW | 100 x 140 cm
[2026-08-18 15:28:43] INFO: Fetched (200) <GET https://www.galeries-bartoux.com/artistes/masters-anna/anna-masters-days-go-by-80-x-80-cm/> (referer: https://www.google.com/)
2026-08-18 15:28:43,726 [INFO] Fetched (200) <GET https://www.galeries-bartoux.com/artistes/masters-anna/anna-masters-days-go-by-80-x-80-cm/> (referer: https://www.google.com/)
2026-08-18 15:28:46,895 [INFO]       Image sauvee -> artistes/anna-masters/days-go-by-80x80cm.jpg
2026-08-18 15:28:46,896 [INFO]       OK DAYS GO BY | 80 x 80 cm
[2026-08-18 15:28:52] INFO: Fetched (200) <GET https://www.galeries-bartoux.com/artistes/masters-anna/anna-masters-twilight-fable-diam-140-cm-hydrangea-rose-and-cornflower-petals-with-skeleton-leaves-butterflies-and-moths-on-nylon-with-copper/> (referer: https://www.google.com/)
2026-08-18 15:28:52,783 [INFO] Fetched (200) <GET https://www.galeries-bartoux.com/artistes/masters-anna/anna-masters-twilight-fable-diam-140-cm-hydrangea-rose-and-cornflower-petals-with-skeleton-leaves-butterflies-and-moths-on-nylon-with-copper/> (referer: https://www.google.com/)
2026-08-18 15:28:55,962 [INFO]       Image sauvee -> artistes/anna-masters/twilight-fable-140cm.jpg
2026-08-18 15:28:55,963 [INFO]       OK TWILIGHT FABLE | Diam. 140 cm
[2026-08-18 15:29:00] INFO: Fetched (200) <GET https://www.galeries-bartoux.com/artistes/masters-anna/cosmo/> (referer: https://www.google.com/)
2026-08-18 15:29:00,456 [INFO] Fetched (200) <GET https://www.galeries-bartoux.com/artistes/masters-anna/cosmo/> (referer: https://www.google.com/)
2026-08-18 15:29:03,675 [INFO]       Image sauvee -> artistes/anna-masters/cosmo-110x110cm.jpg
2026-08-18 15:29:03,676 [INFO]       OK COSMO | 110 x 110 cm
[2026-08-18 15:29:08] INFO: Fetched (200) <GET https://www.galeries-bartoux.com/artistes/masters-anna/midnight-bluster-diam-140-cm-hydrangea-delphinium-and-cornflower-petals-ruscus-and-skeleton-leaves-with-a-real-butterfly-and-l/> (referer: https://www.google.com/)
2026-08-18 15:29:08,619 [INFO] Fetched (200) <GET https://www.galeries-bartoux.com/artistes/masters-anna/midnight-bluster-diam-140-cm-hydrangea-delphinium-and-cornflower-petals-ruscus-and-skeleton-leaves-with-a-real-butterfly-and-l/> (referer: https://www.google.com/)
2026-08-18 15:29:11,804 [INFO]       Image sauvee -> artistes/anna-masters/midnight-bluster-140cm.jpg
2026-08-18 15:29:11,805 [INFO]       OK MIDNIGHT BLUSTER | Diam. 140 cm
[2026-08-18 15:29:16] INFO: Fetched (200) <GET https://www.galeries-bartoux.com/artistes/masters-anna/moonlit-sonnet-110x110cm-hydrangea-peony-cornflower-and-delphinium-petals-with-watch-and-clock-parts-on-liquid-metal-steel-grey-acrylic-paint-2/> (referer: https://www.google.com/)
2026-08-18 15:29:16,639 [INFO] Fetched (200) <GET https://www.galeries-bartoux.com/artistes/masters-anna/moonlit-sonnet-110x110cm-hydrangea-peony-cornflower-and-delphinium-petals-with-watch-and-clock-parts-on-liquid-metal-steel-grey-acrylic-paint-2/> (referer: https://www.google.com/)
2026-08-18 15:29:19,828 [INFO]       Image sauvee -> artistes/anna-masters/moonlit-sonnet-110x110cm.jpg
2026-08-18 15:29:19,829 [INFO]       OK MOONLIT SONNET | 110 x 110 cm
2026-08-18 15:29:19,830 [INFO]   -> Artiste : ANNALÙ [Design]
[2026-08-18 15:29:25] INFO: Fetched (200) <GET https://www.galeries-bartoux.com/artistes/annalu/> (referer: https://www.google.com/)
2026-08-18 15:29:25,097 [INFO] Fetched (200) <GET https://www.galeries-bartoux.com/artistes/annalu/> (referer: https://www.google.com/)
2026-08-18 15:29:28,804 [INFO]     Bio recuperee (762 caracteres)
2026-08-18 15:29:28,816 [INFO]     Oeuvres candidates : 19
[2026-08-18 15:29:33] INFO: Fetched (200) <GET https://www.galeries-bartoux.com/artistes/annalu/annalu-dreamcatcher-feu-diam-180-cm/> (referer: https://www.google.com/)
2026-08-18 15:29:33,955 [INFO] Fetched (200) <GET https://www.galeries-bartoux.com/artistes/annalu/annalu-dreamcatcher-feu-diam-180-cm/> (referer: https://www.google.com/)
2026-08-18 15:29:37,128 [INFO]       Image sauvee -> artistes/annalu/dreamcatcher-feu-180cm.jpg
2026-08-18 15:29:37,129 [INFO]       OK DREAMCATCHER FEU | Diam. 180 cm
[2026-08-18 15:29:41] INFO: Fetched (200) <GET https://www.galeries-bartoux.com/artistes/annalu/annalu-dreamcatcher-big-light-diam-180-cm/> (referer: https://www.google.com/)
2026-08-18 15:29:41,351 [INFO] Fetched (200) <GET https://www.galeries-bartoux.com/artistes/annalu/annalu-dreamcatcher-big-light-diam-180-cm/> (referer: https://www.google.com/)
2026-08-18 15:29:44,532 [INFO]       Image sauvee -> artistes/annalu/dreamcatcher-big-light-180cm.jpg
2026-08-18 15:29:44,532 [INFO]       OK DREAMCATCHER BIG LIGHT | Diam. 180 cm
[2026-08-18 15:29:49] INFO: Fetched (200) <GET https://www.galeries-bartoux.com/artistes/annalu/dreamcatcher-tiffany-diam-140-cm/> (referer: https://www.google.com/)
2026-08-18 15:29:49,883 [INFO] Fetched (200) <GET https://www.galeries-bartoux.com/artistes/annalu/dreamcatcher-tiffany-diam-140-cm/> (referer: https://www.google.com/)
2026-08-18 15:29:53,089 [INFO]       Image sauvee -> artistes/annalu/dreamcatcher-tiffany-140cm.jpg
2026-08-18 15:29:53,089 [INFO]       OK DREAMCATCHER TIFFANY | Diam. 140 cm
[2026-08-18 15:29:58] INFO: Fetched (200) <GET https://www.galeries-bartoux.com/artistes/annalu/dreamcatcher-red-emotion-diam-180-cm/> (referer: https://www.google.com/)
2026-08-18 15:29:58,035 [INFO] Fetched (200) <GET https://www.galeries-bartoux.com/artistes/annalu/dreamcatcher-red-emotion-diam-180-cm/> (referer: https://www.google.com/)
2026-08-18 15:30:01,201 [INFO]       Image sauvee -> artistes/annalu/dreamcatcher-red-emotion-180cm.jpg
2026-08-18 15:30:01,202 [INFO]       OK DREAMCATCHER RED EMOTION | Diam. 180 cm
[2026-08-18 15:30:05] INFO: Fetched (200) <GET https://www.galeries-bartoux.com/artistes/annalu/dreamcatcher-elisir-diam-160-cm/> (referer: https://www.google.com/)
2026-08-18 15:30:05,651 [INFO] Fetched (200) <GET https://www.galeries-bartoux.com/artistes/annalu/dreamcatcher-elisir-diam-160-cm/> (referer: https://www.google.com/)
2026-08-18 15:30:08,832 [INFO]       Image sauvee -> artistes/annalu/dreamcatcher-elisir-160cm.jpg
2026-08-18 15:30:08,832 [INFO]       OK DREAMCATCHER ELISIR | Diam. 160 cm
[2026-08-18 15:30:14] INFO: Fetched (200) <GET https://www.galeries-bartoux.com/artistes/annalu/dreamcatcher-golden-hour-diam-160-cm/> (referer: https://www.google.com/)
2026-08-18 15:30:14,071 [INFO] Fetched (200) <GET https://www.galeries-bartoux.com/artistes/annalu/dreamcatcher-golden-hour-diam-160-cm/> (referer: https://www.google.com/)
2026-08-18 15:30:17,251 [INFO]       Image sauvee -> artistes/annalu/dreamcatcher-golden-hour-160cm.jpg
2026-08-18 15:30:17,252 [INFO]       OK DREAMCATCHER GOLDEN HOUR | Diam. 160 cm
[2026-08-18 15:30:21] INFO: Fetched (200) <GET https://www.galeries-bartoux.com/artistes/annalu/dreamcatcher-onda-blue-diam-160-cm/> (referer: https://www.google.com/)
2026-08-18 15:30:21,621 [INFO] Fetched (200) <GET https://www.galeries-bartoux.com/artistes/annalu/dreamcatcher-onda-blue-diam-160-cm/> (referer: https://www.google.com/)
2026-08-18 15:30:24,781 [INFO]       Image sauvee -> artistes/annalu/dreamcatcher-onda-blue-160cm.jpg
2026-08-18 15:30:24,782 [INFO]       OK DREAMCATCHER ONDA BLUE | Diam. 160 cm
[2026-08-18 15:30:29] INFO: Fetched (200) <GET https://www.galeries-bartoux.com/artistes/annalu/dreamcatcher-red-sky-diam-120-cm/> (referer: https://www.google.com/)
2026-08-18 15:30:29,557 [INFO] Fetched (200) <GET https://www.galeries-bartoux.com/artistes/annalu/dreamcatcher-red-sky-diam-120-cm/> (referer: https://www.google.com/)
2026-08-18 15:30:32,722 [INFO]       Image sauvee -> artistes/annalu/dreamcatcher-red-sky-120cm.jpg
2026-08-18 15:30:32,723 [INFO]       OK DREAMCATCHER RED SKY | Diam. 120 cm
[2026-08-18 15:30:37] INFO: Fetched (200) <GET https://www.galeries-bartoux.com/artistes/annalu/dreamcatcher-oro-blu-diam-180-cm/> (referer: https://www.google.com/)
2026-08-18 15:30:37,002 [INFO] Fetched (200) <GET https://www.galeries-bartoux.com/artistes/annalu/dreamcatcher-oro-blu-diam-180-cm/> (referer: https://www.google.com/)
2026-08-18 15:30:40,181 [INFO]       Image sauvee -> artistes/annalu/dreamcatcher-oro-blu-180cm.jpg
2026-08-18 15:30:40,181 [INFO]       OK DREAMCATCHER ORO BLU | Diam. 180 cm
[2026-08-18 15:30:44] INFO: Fetched (200) <GET https://www.galeries-bartoux.com/artistes/annalu/dreamcatcher-volo-rosso-diam-120-cm/> (referer: https://www.google.com/)
2026-08-18 15:30:44,708 [INFO] Fetched (200) <GET https://www.galeries-bartoux.com/artistes/annalu/dreamcatcher-volo-rosso-diam-120-cm/> (referer: https://www.google.com/)
2026-08-18 15:30:47,885 [INFO]       Image sauvee -> artistes/annalu/dreamcatcher-volo-rosso-120cm.jpg
2026-08-18 15:30:47,886 [INFO]       OK DREAMCATCHER VOLO ROSSO | Diam. 120 cm
[2026-08-18 15:30:52] INFO: Fetched (200) <GET https://www.galeries-bartoux.com/artistes/annalu/dreamcatcher-garden-180-cm/> (referer: https://www.google.com/)
2026-08-18 15:30:52,176 [INFO] Fetched (200) <GET https://www.galeries-bartoux.com/artistes/annalu/dreamcatcher-garden-180-cm/> (referer: https://www.google.com/)
2026-08-18 15:30:55,365 [INFO]       Image sauvee -> artistes/annalu/dreamcatcher-garden-180cm.jpg
2026-08-18 15:30:55,366 [INFO]       OK DREAMCATCHER GARDEN | 180 cm
[2026-08-18 15:31:00] INFO: Fetched (200) <GET https://www.galeries-bartoux.com/artistes/annalu/dreamcatcher-fire-in-the-sky-140-x-140-x-15-cm-resine-verre-de-murano-papier-encre-cendre/> (referer: https://www.google.com/)
2026-08-18 15:31:00,349 [INFO] Fetched (200) <GET https://www.galeries-bartoux.com/artistes/annalu/dreamcatcher-fire-in-the-sky-140-x-140-x-15-cm-resine-verre-de-murano-papier-encre-cendre/> (referer: https://www.google.com/)
2026-08-18 15:31:03,537 [INFO]       Image sauvee -> artistes/annalu/dreamcatcher-fire-in-the-sky-140x140x15cm.jpg
2026-08-18 15:31:03,537 [INFO]       OK DREAMCATCHER FIRE IN THE SKY | 140 x 140 x 15 cm
[2026-08-18 15:31:07] INFO: Fetched (200) <GET https://www.galeries-bartoux.com/artistes/annalu/dreamcatcher-light-soul/> (referer: https://www.google.com/)
2026-08-18 15:31:07,940 [INFO] Fetched (200) <GET https://www.galeries-bartoux.com/artistes/annalu/dreamcatcher-light-soul/> (referer: https://www.google.com/)
2026-08-18 15:31:11,082 [INFO]       Image sauvee -> artistes/annalu/dreamcatcher-light-soul-200cm.jpg
2026-08-18 15:31:11,083 [INFO]       OK DREAMCATCHER LIGHT SOUL | 200 cm
[2026-08-18 15:31:15] INFO: Fetched (200) <GET https://www.galeries-bartoux.com/artistes/annalu/dreamcatcher_color_spirit_cm140_0_bartoux/> (referer: https://www.google.com/)
2026-08-18 15:31:15,924 [INFO] Fetched (200) <GET https://www.galeries-bartoux.com/artistes/annalu/dreamcatcher_color_spirit_cm140_0_bartoux/> (referer: https://www.google.com/)
2026-08-18 15:31:19,104 [INFO]       Image sauvee -> artistes/annalu/dreamcatcher-color-spirit-140cm.jpg
2026-08-18 15:31:19,104 [INFO]       OK DREAMCATCHER COLOR SPIRIT | Diam. 140cm
[2026-08-18 15:31:23] INFO: Fetched (200) <GET https://www.galeries-bartoux.com/artistes/annalu/template-hd_oeuvres-copie-2/> (referer: https://www.google.com/)
2026-08-18 15:31:23,584 [INFO] Fetched (200) <GET https://www.galeries-bartoux.com/artistes/annalu/template-hd_oeuvres-copie-2/> (referer: https://www.google.com/)
2026-08-18 15:31:26,745 [INFO]       Image sauvee -> artistes/annalu/dreamcatcher-big-soul-120cm.jpg
2026-08-18 15:31:26,745 [INFO]       OK DREAMCATCHER BIG SOUL | Diam. 120cm
[2026-08-18 15:31:31] INFO: Fetched (200) <GET https://www.galeries-bartoux.com/artistes/annalu/fukinagashi-blue-wind-115-x-80-x-45-cm-resine-papier-racines/> (referer: https://www.google.com/)
2026-08-18 15:31:31,921 [INFO] Fetched (200) <GET https://www.galeries-bartoux.com/artistes/annalu/fukinagashi-blue-wind-115-x-80-x-45-cm-resine-papier-racines/> (referer: https://www.google.com/)
2026-08-18 15:31:35,106 [INFO]       Image sauvee -> artistes/annalu/fukinagashi-blue-wind-115x80x45cm.jpg
2026-08-18 15:31:35,106 [INFO]       OK FUKINAGASHI BLUE WIND | 115 x 80 x 45 cm
[2026-08-18 15:31:39] INFO: Fetched (200) <GET https://www.galeries-bartoux.com/artistes/annalu/vas-white/> (referer: https://www.google.com/)
2026-08-18 15:31:39,758 [INFO] Fetched (200) <GET https://www.galeries-bartoux.com/artistes/annalu/vas-white/> (referer: https://www.google.com/)
2026-08-18 15:31:42,874 [INFO]       Image sauvee -> artistes/annalu/white-flower-127x50cm.jpg
2026-08-18 15:31:42,874 [INFO]       OK WHITE FLOWER | H. 127cm, Diam. 50cm
[2026-08-18 15:31:49] INFO: Fetched (200) <GET https://www.galeries-bartoux.com/artistes/annalu/kengai-atama-130-x-76-x-45-cm-resine-papier-racines-encre/> (referer: https://www.google.com/)
2026-08-18 15:31:49,680 [INFO] Fetched (200) <GET https://www.galeries-bartoux.com/artistes/annalu/kengai-atama-130-x-76-x-45-cm-resine-papier-racines-encre/> (referer: https://www.google.com/)
2026-08-18 15:31:52,844 [INFO]       Image sauvee -> artistes/annalu/kengai-atama-130x76x45cm.jpg
2026-08-18 15:31:52,844 [INFO]       OK KENGAI ATAMA | 130 x 76 x 45 cm
[2026-08-18 15:31:57] INFO: Fetched (200) <GET https://www.galeries-bartoux.com/artistes/annalu/vas-red/> (referer: https://www.google.com/)
2026-08-18 15:31:57,206 [INFO] Fetched (200) <GET https://www.galeries-bartoux.com/artistes/annalu/vas-red/> (referer: https://www.google.com/)
2026-08-18 15:32:00,392 [INFO]       Image sauvee -> artistes/annalu/red-vas-200x70cm.jpg
2026-08-18 15:32:00,393 [INFO]       OK RED VAS | H. 200cm, Diam. 70cm
2026-08-18 15:32:00,393 [INFO]   -> Artiste : ANTOINE DUFILHO [Design]
[2026-08-18 15:32:04] INFO: Fetched (200) <GET https://www.galeries-bartoux.com/artistes/antoine-dufilho/> (referer: https://www.google.com/)
2026-08-18 15:32:04,962 [INFO] Fetched (200) <GET https://www.galeries-bartoux.com/artistes/antoine-dufilho/> (referer: https://www.google.com/)
2026-08-18 15:32:08,627 [INFO]     Bio recuperee (1095 caracteres)
2026-08-18 15:32:08,635 [INFO]     Oeuvres candidates : 20
[2026-08-18 15:32:13] INFO: Fetched (200) <GET https://www.galeries-bartoux.com/artistes/antoine-dufilho/antoine-dufilho-j-class-bleu-102-x-53-cm-ino/> (referer: https://www.google.com/)
2026-08-18 15:32:13,110 [INFO] Fetched (200) <GET https://www.galeries-bartoux.com/artistes/antoine-dufilho/antoine-dufilho-j-class-bleu-102-x-53-cm-ino/> (referer: https://www.google.com/)
2026-08-18 15:32:16,259 [INFO]       Image sauvee -> artistes/antoine-dufilho/j-class-bleu-102x53cm.jpg
2026-08-18 15:32:16,260 [INFO]       OK J CLASS BLEU | 102 x 53 cm
[2026-08-18 15:32:21] INFO: Fetched (200) <GET https://www.galeries-bartoux.com/artistes/antoine-dufilho/antoine-dufilho-lamborghini-aventador-violet-et-inox-80-x-36-cm-inox/> (referer: https://www.google.com/)
2026-08-18 15:32:21,391 [INFO] Fetched (200) <GET https://www.galeries-bartoux.com/artistes/antoine-dufilho/antoine-dufilho-lamborghini-aventador-violet-et-inox-80-x-36-cm-inox/> (referer: https://www.google.com/)
2026-08-18 15:32:24,527 [INFO]       Image sauvee -> artistes/antoine-dufilho/lamborghini-aventador-violet-et-inox-80x36cm.jpg
2026-08-18 15:32:24,528 [INFO]       OK LAMBORGHINI AVENTADOR VIOLET ET INOX | 80 x 36 cm
[2026-08-18 15:32:28] INFO: Fetched (200) <GET https://www.galeries-bartoux.com/artistes/antoine-dufilho/antoine-dufilho-blackbird-noir-65-x-35-cm-inox/> (referer: https://www.google.com/)
2026-08-18 15:32:28,942 [INFO] Fetched (200) <GET https://www.galeries-bartoux.com/artistes/antoine-dufilho/antoine-dufilho-blackbird-noir-65-x-35-cm-inox/> (referer: https://www.google.com/)
2026-08-18 15:32:32,068 [INFO]       Image sauvee -> artistes/antoine-dufilho/blackbird-noir-35x65cm.jpg
2026-08-18 15:32:32,069 [INFO]       OK BLACKBIRD NOIR | 35 x 65 cm
[2026-08-18 15:32:37] INFO: Fetched (200) <GET https://www.galeries-bartoux.com/artistes/antoine-dufilho/porsche-1/> (referer: https://www.google.com/)
2026-08-18 15:32:37,172 [INFO] Fetched (200) <GET https://www.galeries-bartoux.com/artistes/antoine-dufilho/porsche-1/> (referer: https://www.google.com/)
2026-08-18 15:32:40,310 [INFO]       Image sauvee -> artistes/antoine-dufilho/audi-r8-blanche-80x36cm.jpg
2026-08-18 15:32:40,310 [INFO]       OK AUDI R8 BLANCHE | 80 x 36 cm
[2026-08-18 15:32:44] INFO: Fetched (200) <GET https://www.galeries-bartoux.com/artistes/antoine-dufilho/porsche-992-turbo-s-orange-80-x-36-cm-acier-inoxydable-aluminium-poli/> (referer: https://www.google.com/)
2026-08-18 15:32:44,687 [INFO] Fetched (200) <GET https://www.galeries-bartoux.com/artistes/antoine-dufilho/porsche-992-turbo-s-orange-80-x-36-cm-acier-inoxydable-aluminium-poli/> (referer: https://www.google.com/)
2026-08-18 15:32:47,830 [INFO]       Image sauvee -> artistes/antoine-dufilho/porsche-992-turbo-s-orange-80x36cm.jpg
2026-08-18 15:32:47,831 [INFO]       OK PORSCHE 992 TURBO S ORANGE | 80 x 36 cm
[2026-08-18 15:32:53] INFO: Fetched (200) <GET https://www.galeries-bartoux.com/artistes/antoine-dufilho/antoine-dufilho-j-class-117-x-80-x-36-cm-acier-inoxydable-microbille/> (referer: https://www.google.com/)
2026-08-18 15:32:53,397 [INFO] Fetched (200) <GET https://www.galeries-bartoux.com/artistes/antoine-dufilho/antoine-dufilho-j-class-117-x-80-x-36-cm-acier-inoxydable-microbille/> (referer: https://www.google.com/)
2026-08-18 15:32:56,543 [INFO]       Image sauvee -> artistes/antoine-dufilho/j-class-117x80x36cm.jpg
2026-08-18 15:32:56,544 [INFO]       OK J CLASS | 117 x 80 x 36 cm
[2026-08-18 15:33:00] INFO: Fetched (200) <GET https://www.galeries-bartoux.com/artistes/antoine-dufilho/solea-2/> (referer: https://www.google.com/)
2026-08-18 15:33:00,907 [INFO] Fetched (200) <GET https://www.galeries-bartoux.com/artistes/antoine-dufilho/solea-2/> (referer: https://www.google.com/)
2026-08-18 15:33:04,024 [INFO]       Image sauvee -> artistes/antoine-dufilho/ferrari-gto-st-rouge-bandes-tricolores-80x36cm.jpg
2026-08-18 15:33:04,024 [INFO]       OK FERRARI GTO ST ROUGE BANDES TRICOLORES | 80 x 36 cm
[2026-08-18 15:33:08] INFO: Fetched (200) <GET https://www.galeries-bartoux.com/artistes/antoine-dufilho/airbus-concorde-white-106-x-37-x-28-cm-aluminium-acier-inoxidable/> (referer: https://www.google.com/)
2026-08-18 15:33:08,406 [INFO] Fetched (200) <GET https://www.galeries-bartoux.com/artistes/antoine-dufilho/airbus-concorde-white-106-x-37-x-28-cm-aluminium-acier-inoxidable/> (referer: https://www.google.com/)
2026-08-18 15:33:11,544 [INFO]       Image sauvee -> artistes/antoine-dufilho/airbus-concorde-white-106x37x28cm.jpg
2026-08-18 15:33:11,545 [INFO]       OK AIRBUS CONCORDE WHITE | 106 x 37 x 28 cm
[2026-08-18 15:33:16] INFO: Fetched (200) <GET https://www.galeries-bartoux.com/artistes/antoine-dufilho/porsche-994-carrera-4s-kaki-80-x-36-cm-acier-inoxidable/> (referer: https://www.google.com/)
2026-08-18 15:33:16,012 [INFO] Fetched (200) <GET https://www.galeries-bartoux.com/artistes/antoine-dufilho/porsche-994-carrera-4s-kaki-80-x-36-cm-acier-inoxidable/> (referer: https://www.google.com/)
2026-08-18 15:33:19,148 [INFO]       Image sauvee -> artistes/antoine-dufilho/porsche-992-carrera-4s-kaki-80x36cm.jpg
2026-08-18 15:33:19,148 [INFO]       OK PORSCHE 992 CARRERA 4S KAKI | 80 x 36 cm
[2026-08-18 15:33:24] INFO: Fetched (200) <GET https://www.galeries-bartoux.com/artistes/antoine-dufilho/porsche-991-gts-orange-80-x-36-cm-acier-inoxidable/> (referer: https://www.google.com/)
2026-08-18 15:33:24,685 [INFO] Fetched (200) <GET https://www.galeries-bartoux.com/artistes/antoine-dufilho/porsche-991-gts-orange-80-x-36-cm-acier-inoxidable/> (referer: https://www.google.com/)
2026-08-18 15:33:27,826 [INFO]       Image sauvee -> artistes/antoine-dufilho/porsche-991-gts-orange-80x36cm.jpg
2026-08-18 15:33:27,827 [INFO]       OK PORSCHE 991 GTS ORANGE | 80 x 36 cm
[2026-08-18 15:33:32] INFO: Fetched (200) <GET https://www.galeries-bartoux.com/artistes/antoine-dufilho/porsche-901-blue-80-x-36-cm-aluminium-acier-inoxidable/> (referer: https://www.google.com/)
2026-08-18 15:33:32,169 [INFO] Fetched (200) <GET https://www.galeries-bartoux.com/artistes/antoine-dufilho/porsche-901-blue-80-x-36-cm-aluminium-acier-inoxidable/> (referer: https://www.google.com/)
2026-08-18 15:33:35,347 [INFO]       Image sauvee -> artistes/antoine-dufilho/porsche-901-blue-80x36cm.jpg
2026-08-18 15:33:35,348 [INFO]       OK PORSCHE 901 BLUE | 80 x 36 cm
[2026-08-18 15:33:40] INFO: Fetched (200) <GET https://www.galeries-bartoux.com/artistes/antoine-dufilho/sienna-3/> (referer: https://www.google.com/)
2026-08-18 15:33:40,566 [INFO] Fetched (200) <GET https://www.galeries-bartoux.com/artistes/antoine-dufilho/sienna-3/> (referer: https://www.google.com/)
2026-08-18 15:33:43,711 [INFO]       Image sauvee -> artistes/antoine-dufilho/aston-martin-dbs-jaune-80x36cm.jpg
2026-08-18 15:33:43,712 [INFO]       OK ASTON MARTIN DBS JAUNE | 80 x 36 cm
[2026-08-18 15:33:49] INFO: Fetched (200) <GET https://www.galeries-bartoux.com/artistes/antoine-dufilho/londres-dufhilo-ford-gt40-bleue-75x35-cm-ea-2-4/> (referer: https://www.google.com/)
2026-08-18 15:33:49,194 [INFO] Fetched (200) <GET https://www.galeries-bartoux.com/artistes/antoine-dufilho/londres-dufhilo-ford-gt40-bleue-75x35-cm-ea-2-4/> (referer: https://www.google.com/)
2026-08-18 15:33:52,370 [INFO]       Image sauvee -> artistes/antoine-dufilho/ford-gt40-blue-75x35cm.jpg
2026-08-18 15:33:52,371 [INFO]       OK FORD GT40 BLUE | 75x35cm
[2026-08-18 15:33:58] INFO: Fetched (200) <GET https://www.galeries-bartoux.com/artistes/antoine-dufilho/londres-dufhilo-ferrari-la-ferrari-yellow-80x36-cm-6-8/> (referer: https://www.google.com/)
2026-08-18 15:33:58,375 [INFO] Fetched (200) <GET https://www.galeries-bartoux.com/artistes/antoine-dufilho/londres-dufhilo-ferrari-la-ferrari-yellow-80x36-cm-6-8/> (referer: https://www.google.com/)
2026-08-18 15:34:01,507 [INFO]       Image sauvee -> artistes/antoine-dufilho/ferrari-la-ferrari-yellow-80x36cm.jpg
2026-08-18 15:34:01,508 [INFO]       OK FERRARI LA FERRARI YELLOW | 80x36cm
[2026-08-18 15:34:05] INFO: Fetched (200) <GET https://www.galeries-bartoux.com/artistes/antoine-dufilho/bugatti-veyron-inox/> (referer: https://www.google.com/)
2026-08-18 15:34:05,876 [INFO] Fetched (200) <GET https://www.galeries-bartoux.com/artistes/antoine-dufilho/bugatti-veyron-inox/> (referer: https://www.google.com/)
2026-08-18 15:34:09,006 [INFO]       Image sauvee -> artistes/antoine-dufilho/bugatti-veyron-inox-80x36cm.jpg
2026-08-18 15:34:09,008 [INFO]       OK BUGATTI VEYRON INOX | 80 x 36 cm
[2026-08-18 15:34:14] INFO: Fetched (200) <GET https://www.galeries-bartoux.com/artistes/antoine-dufilho/dufhilo-mercedes-300sl-tube-noire-80x36-cm/> (referer: https://www.google.com/)
2026-08-18 15:34:14,661 [INFO] Fetched (200) <GET https://www.galeries-bartoux.com/artistes/antoine-dufilho/dufhilo-mercedes-300sl-tube-noire-80x36-cm/> (referer: https://www.google.com/)
2026-08-18 15:34:17,835 [INFO]       Image sauvee -> artistes/antoine-dufilho/mercedes-300sl-tube-black-80x36cm.jpg
2026-08-18 15:34:17,836 [INFO]       OK MERCEDES 300SL TUBE BLACK | 80x36cm
[2026-08-18 15:34:22] INFO: Fetched (200) <GET https://www.galeries-bartoux.com/artistes/antoine-dufilho/dufhilo-audi-r8-raw-metal-inox-brut-80x36-cm-2-8/> (referer: https://www.google.com/)
2026-08-18 15:34:22,301 [INFO] Fetched (200) <GET https://www.galeries-bartoux.com/artistes/antoine-dufilho/dufhilo-audi-r8-raw-metal-inox-brut-80x36-cm-2-8/> (referer: https://www.google.com/)
2026-08-18 15:34:25,573 [INFO]       Image sauvee -> artistes/antoine-dufilho/audi-r8-80x36cm.jpg
2026-08-18 15:34:25,574 [INFO]       OK AUDI R8 | 80x36 cm
[2026-08-18 15:34:31] INFO: Fetched (200) <GET https://www.galeries-bartoux.com/artistes/antoine-dufilho/ferrari-daytona-sp3-red-80x36-cm/> (referer: https://www.google.com/)
2026-08-18 15:34:31,305 [INFO] Fetched (200) <GET https://www.galeries-bartoux.com/artistes/antoine-dufilho/ferrari-daytona-sp3-red-80x36-cm/> (referer: https://www.google.com/)
2026-08-18 15:34:34,553 [INFO]       Image sauvee -> artistes/antoine-dufilho/ferrari-daytona-sp3-red-80x36cm.jpg
2026-08-18 15:34:34,556 [INFO]       OK FERRARI DAYTONA SP3 RED | 80 x 36 cm
[2026-08-18 15:34:39] INFO: Fetched (200) <GET https://www.galeries-bartoux.com/artistes/antoine-dufilho/formula-1-bleue-85x38-cm/> (referer: https://www.google.com/)
2026-08-18 15:34:39,184 [INFO] Fetched (200) <GET https://www.galeries-bartoux.com/artistes/antoine-dufilho/formula-1-bleue-85x38-cm/> (referer: https://www.google.com/)
2026-08-18 15:34:42,318 [INFO]       Image sauvee -> artistes/antoine-dufilho/formula-1-bleue-85x38cm.jpg
2026-08-18 15:34:42,319 [INFO]       OK FORMULA 1 BLEUE | 85x38cm
[2026-08-18 15:34:49] INFO: Fetched (200) <GET https://www.galeries-bartoux.com/artistes/antoine-dufilho/lamborghini-murcielago-orange/> (referer: https://www.google.com/)
2026-08-18 15:34:49,053 [INFO] Fetched (200) <GET https://www.galeries-bartoux.com/artistes/antoine-dufilho/lamborghini-murcielago-orange/> (referer: https://www.google.com/)
2026-08-18 15:34:52,176 [INFO]       Image sauvee -> artistes/antoine-dufilho/lamborghini-murcielago-orange-80x36cm.jpg
2026-08-18 15:34:52,177 [INFO]       OK LAMBORGHINI MURCIELAGO ORANGE | 80 x 36
2026-08-18 15:34:52,177 [INFO]   -> Artiste : CHRISTOPHE GAIGNON [Design]
[2026-08-18 15:34:56] INFO: Fetched (200) <GET https://www.galeries-bartoux.com/artistes/gaignon-christophe/> (referer: https://www.google.com/)
2026-08-18 15:34:56,808 [INFO] Fetched (200) <GET https://www.galeries-bartoux.com/artistes/gaignon-christophe/> (referer: https://www.google.com/)
2026-08-18 15:35:00,499 [INFO]     Bio recuperee (809 caracteres)
2026-08-18 15:35:00,504 [INFO]     Oeuvres candidates : 13
[2026-08-18 15:35:04] INFO: Fetched (200) <GET https://www.galeries-bartoux.com/artistes/gaignon-christophe/christophe-gaignon-miroir-bronze-diam-130-cm/> (referer: https://www.google.com/)
2026-08-18 15:35:04,889 [INFO] Fetched (200) <GET https://www.galeries-bartoux.com/artistes/gaignon-christophe/christophe-gaignon-miroir-bronze-diam-130-cm/> (referer: https://www.google.com/)
2026-08-18 15:35:08,056 [INFO]       Image sauvee -> artistes/christophe-gaignon/miroir-bronze-130cm.jpg
2026-08-18 15:35:08,056 [INFO]       OK MIROIR BRONZE | Diam. 130 cm
[2026-08-18 15:35:12] INFO: Fetched (200) <GET https://www.galeries-bartoux.com/artistes/gaignon-christophe/christophe-gaignon-miroir-clair-de-lune-diam-118-cm/> (referer: https://www.google.com/)
2026-08-18 15:35:12,657 [INFO] Fetched (200) <GET https://www.galeries-bartoux.com/artistes/gaignon-christophe/christophe-gaignon-miroir-clair-de-lune-diam-118-cm/> (referer: https://www.google.com/)
2026-08-18 15:35:15,830 [INFO]       Image sauvee -> artistes/christophe-gaignon/miroir-clair-de-lune-118cm.jpg
2026-08-18 15:35:15,831 [INFO]       OK MIROIR CLAIR DE LUNE | Diam. 118 cm
[2026-08-18 15:35:21] INFO: Fetched (200) <GET https://www.galeries-bartoux.com/artistes/gaignon-christophe/miroir-mauve-et-rose-81-cm-2/> (referer: https://www.google.com/)
2026-08-18 15:35:21,127 [INFO] Fetched (200) <GET https://www.galeries-bartoux.com/artistes/gaignon-christophe/miroir-mauve-et-rose-81-cm-2/> (referer: https://www.google.com/)
2026-08-18 15:35:24,262 [INFO]       Image sauvee -> artistes/christophe-gaignon/miroir-mauve-et-rose-81cm.jpg
2026-08-18 15:35:24,263 [INFO]       OK MIROIR MAUVE ET ROSE | Diam. 81 cm
[2026-08-18 15:35:28] INFO: Fetched (200) <GET https://www.galeries-bartoux.com/artistes/gaignon-christophe/christophe-gaignon-miroir-scarabee-diam-89-cm/> (referer: https://www.google.com/)
2026-08-18 15:35:28,629 [INFO] Fetched (200) <GET https://www.galeries-bartoux.com/artistes/gaignon-christophe/christophe-gaignon-miroir-scarabee-diam-89-cm/> (referer: https://www.google.com/)
2026-08-18 15:35:31,777 [INFO]       Image sauvee -> artistes/christophe-gaignon/miroir-scarabe-e-89cm.jpg
2026-08-18 15:35:31,778 [INFO]       OK MIROIR SCARABÉE | Diam. 89 cm
[2026-08-18 15:35:36] INFO: Fetched (200) <GET https://www.galeries-bartoux.com/artistes/gaignon-christophe/christophe-gaignon-miroir-vitamine-diam-86-cm/> (referer: https://www.google.com/)
2026-08-18 15:35:36,592 [INFO] Fetched (200) <GET https://www.galeries-bartoux.com/artistes/gaignon-christophe/christophe-gaignon-miroir-vitamine-diam-86-cm/> (referer: https://www.google.com/)
2026-08-18 15:35:39,739 [INFO]       Image sauvee -> artistes/christophe-gaignon/miroir-vitamine-86cm.jpg
2026-08-18 15:35:39,740 [INFO]       OK MIROIR VITAMINE | Diam. 86 cm
[2026-08-18 15:35:44] INFO: Fetched (200) <GET https://www.galeries-bartoux.com/artistes/gaignon-christophe/miroir-planete-or-et-bleu-85-cm-2/> (referer: https://www.google.com/)
2026-08-18 15:35:44,070 [INFO] Fetched (200) <GET https://www.galeries-bartoux.com/artistes/gaignon-christophe/miroir-planete-or-et-bleu-85-cm-2/> (referer: https://www.google.com/)
2026-08-18 15:35:47,233 [INFO]       Image sauvee -> artistes/christophe-gaignon/miroir-plane-te-or-et-bleu-85cm.jpg
2026-08-18 15:35:47,234 [INFO]       OK MIROIR PLANÈTE OR ET BLEU | Diam. 85 cm
[2026-08-18 15:35:53] INFO: Fetched (200) <GET https://www.galeries-bartoux.com/artistes/gaignon-christophe/christophe-gaignon-miroir-oxyde-eclat-argent-or-diam-89-cm/> (referer: https://www.google.com/)
2026-08-18 15:35:53,352 [INFO] Fetched (200) <GET https://www.galeries-bartoux.com/artistes/gaignon-christophe/christophe-gaignon-miroir-oxyde-eclat-argent-or-diam-89-cm/> (referer: https://www.google.com/)
2026-08-18 15:35:56,495 [INFO]       Image sauvee -> artistes/christophe-gaignon/miroir-oxyde-eclat-argent-or-89cm.jpg
2026-08-18 15:35:56,496 [INFO]       OK MIROIR OXYDE ECLAT ARGENT OR | Diam. 89 cm
[2026-08-18 15:36:00] INFO: Fetched (200) <GET https://www.galeries-bartoux.com/artistes/gaignon-christophe/christophe-gaignon-miroir-ete-indien-diam-81-cm/> (referer: https://www.google.com/)
2026-08-18 15:36:00,925 [INFO] Fetched (200) <GET https://www.galeries-bartoux.com/artistes/gaignon-christophe/christophe-gaignon-miroir-ete-indien-diam-81-cm/> (referer: https://www.google.com/)
2026-08-18 15:36:04,127 [INFO]       Image sauvee -> artistes/christophe-gaignon/miroir-e-te-indien-81cm.jpg
2026-08-18 15:36:04,128 [INFO]       OK MIROIR ÉTÉ INDIEN | Diam. 81 cm
[2026-08-18 15:36:09] INFO: Fetched (200) <GET https://www.galeries-bartoux.com/artistes/gaignon-christophe/christophe-gaignon-miroir-neptune-diam-118-cm/> (referer: https://www.google.com/)
2026-08-18 15:36:09,016 [INFO] Fetched (200) <GET https://www.galeries-bartoux.com/artistes/gaignon-christophe/christophe-gaignon-miroir-neptune-diam-118-cm/> (referer: https://www.google.com/)
2026-08-18 15:36:12,159 [INFO]       Image sauvee -> artistes/christophe-gaignon/miroir-neptune-118cm.jpg
2026-08-18 15:36:12,160 [INFO]       OK MIROIR NEPTUNE | Diam. 118 cm
[2026-08-18 15:36:16] INFO: Fetched (200) <GET https://www.galeries-bartoux.com/artistes/gaignon-christophe/la-lune/> (referer: https://www.google.com/)
2026-08-18 15:36:16,565 [INFO] Fetched (200) <GET https://www.galeries-bartoux.com/artistes/gaignon-christophe/la-lune/> (referer: https://www.google.com/)
2026-08-18 15:36:19,727 [INFO]       Image sauvee -> artistes/christophe-gaignon/la-lune-89cm.jpg
2026-08-18 15:36:19,728 [INFO]       OK LA LUNE | Diam. 89 cm
[2026-08-18 15:36:24] INFO: Fetched (200) <GET https://www.galeries-bartoux.com/artistes/gaignon-christophe/miroir-vert-vegetal-114-cm-2/> (referer: https://www.google.com/)
2026-08-18 15:36:24,949 [INFO] Fetched (200) <GET https://www.galeries-bartoux.com/artistes/gaignon-christophe/miroir-vert-vegetal-114-cm-2/> (referer: https://www.google.com/)
2026-08-18 15:36:28,123 [INFO]       Image sauvee -> artistes/christophe-gaignon/miroir-vert-ve-ge-tal-114cm.jpg
2026-08-18 15:36:28,123 [INFO]       OK MIROIR VERT VÉGÉTAL | Diam. 114 cm
[2026-08-18 15:36:32] INFO: Fetched (200) <GET https://www.galeries-bartoux.com/artistes/gaignon-christophe/christophe-gaignon-miroir-noir-et-or-diam-120-cm/> (referer: https://www.google.com/)
2026-08-18 15:36:32,557 [INFO] Fetched (200) <GET https://www.galeries-bartoux.com/artistes/gaignon-christophe/christophe-gaignon-miroir-noir-et-or-diam-120-cm/> (referer: https://www.google.com/)
2026-08-18 15:36:35,708 [INFO]       Image sauvee -> artistes/christophe-gaignon/miroir-noir-et-or-120cm.jpg
2026-08-18 15:36:35,708 [INFO]       OK MIROIR NOIR ET OR | Diam. 120 cm
[2026-08-18 15:36:40] INFO: Fetched (200) <GET https://www.galeries-bartoux.com/artistes/gaignon-christophe/miroir-petale-140-x-65-cm-miroir-sculpture-en-verre-faconne-a-chaud-et-teinte-a-la-main-2/> (referer: https://www.google.com/)
2026-08-18 15:36:40,336 [INFO] Fetched (200) <GET https://www.galeries-bartoux.com/artistes/gaignon-christophe/miroir-petale-140-x-65-cm-miroir-sculpture-en-verre-faconne-a-chaud-et-teinte-a-la-main-2/> (referer: https://www.google.com/)
2026-08-18 15:36:43,477 [INFO]       Image sauvee -> artistes/christophe-gaignon/miroir-pe-tale-140x65cm.jpg
2026-08-18 15:36:43,478 [INFO]       OK MIROIR PÉTALE | 140 x 65 cm
2026-08-18 15:36:43,478 [INFO]   -> Artiste : CORINE VAN VOORBERGEN [Design]
[2026-08-18 15:36:49] INFO: Fetched (200) <GET https://www.galeries-bartoux.com/artistes/corine-van-voorbergen/> (referer: https://www.google.com/)
2026-08-18 15:36:49,020 [INFO] Fetched (200) <GET https://www.galeries-bartoux.com/artistes/corine-van-voorbergen/> (referer: https://www.google.com/)
2026-08-18 15:36:52,743 [INFO]     Bio recuperee (773 caracteres)
2026-08-18 15:36:52,749 [INFO]     Oeuvres candidates : 17
[2026-08-18 15:36:57] INFO: Fetched (200) <GET https://www.galeries-bartoux.com/artistes/corine-van-voorbergen/corine-van-voorbergen-saffron-diam-130-cm/> (referer: https://www.google.com/)
2026-08-18 15:36:57,998 [INFO] Fetched (200) <GET https://www.galeries-bartoux.com/artistes/corine-van-voorbergen/corine-van-voorbergen-saffron-diam-130-cm/> (referer: https://www.google.com/)
2026-08-18 15:37:01,157 [INFO]       Image sauvee -> artistes/corine-van-voorbergen/saffron.jpg
2026-08-18 15:37:01,158 [INFO]       OK SAFFRON | Laiton, bois, résine, acrylique, époxy et pigments naturels
[2026-08-18 15:37:05] INFO: Fetched (200) <GET https://www.galeries-bartoux.com/artistes/corine-van-voorbergen/corine-van-voorbergen-mute-or-diam-100-cm/> (referer: https://www.google.com/)
2026-08-18 15:37:05,830 [INFO] Fetched (200) <GET https://www.galeries-bartoux.com/artistes/corine-van-voorbergen/corine-van-voorbergen-mute-or-diam-100-cm/> (referer: https://www.google.com/)
2026-08-18 15:37:08,981 [INFO]       Image sauvee -> artistes/corine-van-voorbergen/mute-or-100cm.jpg
2026-08-18 15:37:08,982 [INFO]       OK MUTE OR | Diam. 100 cm
[2026-08-18 15:37:14] INFO: Fetched (200) <GET https://www.galeries-bartoux.com/artistes/corine-van-voorbergen/corine-van-voorbergen-soap-diam-180-cm/> (referer: https://www.google.com/)
2026-08-18 15:37:14,118 [INFO] Fetched (200) <GET https://www.galeries-bartoux.com/artistes/corine-van-voorbergen/corine-van-voorbergen-soap-diam-180-cm/> (referer: https://www.google.com/)
2026-08-18 15:37:17,293 [INFO]       Image sauvee -> artistes/corine-van-voorbergen/soap-180cm.jpg
2026-08-18 15:37:17,294 [INFO]       OK SOAP | Diam. 180 cm
[2026-08-18 15:37:22] INFO: Fetched (200) <GET https://www.galeries-bartoux.com/artistes/corine-van-voorbergen/corine-van-voorbergen-soap-diam-140-cm/> (referer: https://www.google.com/)
2026-08-18 15:37:22,532 [INFO] Fetched (200) <GET https://www.galeries-bartoux.com/artistes/corine-van-voorbergen/corine-van-voorbergen-soap-diam-140-cm/> (referer: https://www.google.com/)
2026-08-18 15:37:25,742 [INFO]       Image sauvee -> artistes/corine-van-voorbergen/soap-140cm.jpg
2026-08-18 15:37:25,742 [INFO]       OK SOAP | Diam. 140 cm
[2026-08-18 15:37:30] INFO: Fetched (200) <GET https://www.galeries-bartoux.com/artistes/corine-van-voorbergen/corine-van-voorbergen-soap-pill-80-x-40-cm/> (referer: https://www.google.com/)
2026-08-18 15:37:30,529 [INFO] Fetched (200) <GET https://www.galeries-bartoux.com/artistes/corine-van-voorbergen/corine-van-voorbergen-soap-pill-80-x-40-cm/> (referer: https://www.google.com/)
2026-08-18 15:37:33,689 [INFO]       Image sauvee -> artistes/corine-van-voorbergen/soap-pill-80x40cm.jpg
2026-08-18 15:37:33,689 [INFO]       OK SOAP PILL | 80 x 40 cm
[2026-08-18 15:37:38] INFO: Fetched (200) <GET https://www.galeries-bartoux.com/artistes/corine-van-voorbergen/corine-van-voorbegen-oscillation-soap-133-x-80-cm/> (referer: https://www.google.com/)
2026-08-18 15:37:38,448 [INFO] Fetched (200) <GET https://www.galeries-bartoux.com/artistes/corine-van-voorbergen/corine-van-voorbegen-oscillation-soap-133-x-80-cm/> (referer: https://www.google.com/)
2026-08-18 15:37:41,627 [INFO]       Image sauvee -> artistes/corine-van-voorbergen/oscillation-soap-133x80cm.jpg
2026-08-18 15:37:41,628 [INFO]       OK OSCILLATION SOAP | 133 x 80 cm
[2026-08-18 15:37:46] INFO: Fetched (200) <GET https://www.galeries-bartoux.com/artistes/corine-van-voorbergen/soap-diam-100-cm-69982/> (referer: https://www.google.com/)
2026-08-18 15:37:46,876 [INFO] Fetched (200) <GET https://www.galeries-bartoux.com/artistes/corine-van-voorbergen/soap-diam-100-cm-69982/> (referer: https://www.google.com/)
2026-08-18 15:37:50,092 [INFO]       Image sauvee -> artistes/corine-van-voorbergen/soap-100cm.jpg
2026-08-18 15:37:50,092 [INFO]       OK SOAP | Diam. 100 cm
[2026-08-18 15:37:54] INFO: Fetched (200) <GET https://www.galeries-bartoux.com/artistes/corine-van-voorbergen/soap-diam-90-cm-69983/> (referer: https://www.google.com/)
2026-08-18 15:37:54,385 [INFO] Fetched (200) <GET https://www.galeries-bartoux.com/artistes/corine-van-voorbergen/soap-diam-90-cm-69983/> (referer: https://www.google.com/)
2026-08-18 15:37:57,585 [INFO]       Image sauvee -> artistes/corine-van-voorbergen/soap-90cm.jpg
2026-08-18 15:37:57,586 [INFO]       OK SOAP | Diam. 90 cm
[2026-08-18 15:38:02] INFO: Fetched (200) <GET https://www.galeries-bartoux.com/artistes/corine-van-voorbergen/soap-diam-90-cm-69984/> (referer: https://www.google.com/)
2026-08-18 15:38:02,564 [INFO] Fetched (200) <GET https://www.galeries-bartoux.com/artistes/corine-van-voorbergen/soap-diam-90-cm-69984/> (referer: https://www.google.com/)
2026-08-18 15:38:05,762 [INFO]       Image sauvee -> artistes/corine-van-voorbergen/soap-90cm.jpg
2026-08-18 15:38:05,763 [INFO]       OK SOAP | Diam 90 cm
[2026-08-18 15:38:10] INFO: Fetched (200) <GET https://www.galeries-bartoux.com/artistes/corine-van-voorbergen/wave-traces-diam-100-cm-laiton-bois-resine-acrylique-epoxy-et-pigments-naturels/> (referer: https://www.google.com/)
2026-08-18 15:38:10,253 [INFO] Fetched (200) <GET https://www.galeries-bartoux.com/artistes/corine-van-voorbergen/wave-traces-diam-100-cm-laiton-bois-resine-acrylique-epoxy-et-pigments-naturels/> (referer: https://www.google.com/)
2026-08-18 15:38:13,420 [INFO]       Image sauvee -> artistes/corine-van-voorbergen/wave-traces-100cm.jpg
2026-08-18 15:38:13,421 [INFO]       OK WAVE TRACES | Diam. 100 cm
[2026-08-18 15:38:18] INFO: Fetched (200) <GET https://www.galeries-bartoux.com/artistes/corine-van-voorbergen/soap-diam-150-cm-laiton-bois-resine-acrylique-epoxy-et-pigments-naturels/> (referer: https://www.google.com/)
2026-08-18 15:38:18,312 [INFO] Fetched (200) <GET https://www.galeries-bartoux.com/artistes/corine-van-voorbergen/soap-diam-150-cm-laiton-bois-resine-acrylique-epoxy-et-pigments-naturels/> (referer: https://www.google.com/)
2026-08-18 15:38:21,486 [INFO]       Image sauvee -> artistes/corine-van-voorbergen/soap-150cm.jpg
2026-08-18 15:38:21,486 [INFO]       OK SOAP | Diam. 150 cm
[2026-08-18 15:38:25] INFO: Fetched (200) <GET https://www.galeries-bartoux.com/artistes/corine-van-voorbergen/oscillation-soap-bicolore-vago-217-x-167-cm-laiton-bois-resine-acrylique-epoxy-et-pigments-naturels/> (referer: https://www.google.com/)
2026-08-18 15:38:25,782 [INFO] Fetched (200) <GET https://www.galeries-bartoux.com/artistes/corine-van-voorbergen/oscillation-soap-bicolore-vago-217-x-167-cm-laiton-bois-resine-acrylique-epoxy-et-pigments-naturels/> (referer: https://www.google.com/)
2026-08-18 15:38:28,935 [INFO]       Image sauvee -> artistes/corine-van-voorbergen/oscillation-soap-bicolore-vago-217x167cm.jpg
2026-08-18 15:38:28,936 [INFO]       OK OSCILLATION SOAP BICOLORE VAGO | 217 x 167 cm
[2026-08-18 15:38:34] INFO: Fetched (200) <GET https://www.galeries-bartoux.com/artistes/corine-van-voorbergen/wave-traces-orange-diam-100-cm-laiton-bois-resine-acrylique-epoxy-et-pigments-naturels/> (referer: https://www.google.com/)
2026-08-18 15:38:34,771 [INFO] Fetched (200) <GET https://www.galeries-bartoux.com/artistes/corine-van-voorbergen/wave-traces-orange-diam-100-cm-laiton-bois-resine-acrylique-epoxy-et-pigments-naturels/> (referer: https://www.google.com/)
2026-08-18 15:38:37,939 [INFO]       Image sauvee -> artistes/corine-van-voorbergen/wave-traces-orange-100cm.jpg
2026-08-18 15:38:37,940 [INFO]       OK WAVE TRACES ORANGE | Diam. 100 cm
[2026-08-18 15:38:42] INFO: Fetched (200) <GET https://www.galeries-bartoux.com/artistes/corine-van-voorbergen/void-petal-mint-diam-120-cm-laiton-bois-resine-acrylique-epoxy-et-pigments-naturels/> (referer: https://www.google.com/)
2026-08-18 15:38:42,394 [INFO] Fetched (200) <GET https://www.galeries-bartoux.com/artistes/corine-van-voorbergen/void-petal-mint-diam-120-cm-laiton-bois-resine-acrylique-epoxy-et-pigments-naturels/> (referer: https://www.google.com/)
2026-08-18 15:38:45,529 [INFO]       Image sauvee -> artistes/corine-van-voorbergen/void-petal-mint-120cm.jpg
2026-08-18 15:38:45,530 [INFO]       OK VOID PETAL MINT | Diam. 120 cm
[2026-08-18 15:38:51] INFO: Fetched (200) <GET https://www.galeries-bartoux.com/artistes/corine-van-voorbergen/soap-pill-60-x-30-cm-laiton-bois-resine-acrylique-epoxy-et-pigments-naturels/> (referer: https://www.google.com/)
2026-08-18 15:38:51,357 [INFO] Fetched (200) <GET https://www.galeries-bartoux.com/artistes/corine-van-voorbergen/soap-pill-60-x-30-cm-laiton-bois-resine-acrylique-epoxy-et-pigments-naturels/> (referer: https://www.google.com/)
2026-08-18 15:38:54,521 [INFO]       Image sauvee -> artistes/corine-van-voorbergen/soap-pill-60x30cm.jpg
2026-08-18 15:38:54,522 [INFO]       OK SOAP PILL | 60 x 30 cm
[2026-08-18 15:38:58] INFO: Fetched (200) <GET https://www.galeries-bartoux.com/artistes/corine-van-voorbergen/palawan-diam-120-cm-laiton-bois-resine-acrylique-epoxy-et-pigments-naturels/> (referer: https://www.google.com/)
2026-08-18 15:38:58,662 [INFO] Fetched (200) <GET https://www.galeries-bartoux.com/artistes/corine-van-voorbergen/palawan-diam-120-cm-laiton-bois-resine-acrylique-epoxy-et-pigments-naturels/> (referer: https://www.google.com/)
2026-08-18 15:39:01,843 [INFO]       Image sauvee -> artistes/corine-van-voorbergen/palawan-120cm.jpg
2026-08-18 15:39:01,844 [INFO]       OK PALAWAN | Diam. 120 cm
[2026-08-18 15:39:06] INFO: Fetched (200) <GET https://www.galeries-bartoux.com/artistes/corine-van-voorbergen/oxy-diam-100-cm-laiton-bois-resine-acrylique-epoxy-et-pigments-naturels/> (referer: https://www.google.com/)
2026-08-18 15:39:06,883 [INFO] Fetched (200) <GET https://www.galeries-bartoux.com/artistes/corine-van-voorbergen/oxy-diam-100-cm-laiton-bois-resine-acrylique-epoxy-et-pigments-naturels/> (referer: https://www.google.com/)
2026-08-18 15:39:10,141 [INFO]       Image sauvee -> artistes/corine-van-voorbergen/oxy-100cm.jpg
2026-08-18 15:39:10,142 [INFO]       OK OXY | Diam. 100 cm
2026-08-18 15:39:10,143 [INFO]   -> Artiste : Larisa Safaryan [Design]
[2026-08-18 15:39:14] INFO: Fetched (200) <GET https://www.galeries-bartoux.com/artistes/larisa-safaryan/> (referer: https://www.google.com/)
2026-08-18 15:39:14,585 [INFO] Fetched (200) <GET https://www.galeries-bartoux.com/artistes/larisa-safaryan/> (referer: https://www.google.com/)
2026-08-18 15:39:18,241 [INFO]     Bio recuperee (973 caracteres)
2026-08-18 15:39:18,245 [INFO]     Oeuvres candidates : 6
[2026-08-18 15:39:22] INFO: Fetched (200) <GET https://www.galeries-bartoux.com/artistes/larisa-safaryan/terrains-of-change-183-x-152-cm/> (referer: https://www.google.com/)
2026-08-18 15:39:22,515 [INFO] Fetched (200) <GET https://www.galeries-bartoux.com/artistes/larisa-safaryan/terrains-of-change-183-x-152-cm/> (referer: https://www.google.com/)
2026-08-18 15:39:25,667 [INFO]       Image sauvee -> artistes/larisa-safaryan/terrains-of-change-183x152cm.jpg
2026-08-18 15:39:25,668 [INFO]       OK TERRAINS OF CHANGE | 183 x 152 cm
[2026-08-18 15:39:30] INFO: Fetched (200) <GET https://www.galeries-bartoux.com/artistes/larisa-safaryan/blush-of-spring-122-x-91-cm/> (referer: https://www.google.com/)
2026-08-18 15:39:30,070 [INFO] Fetched (200) <GET https://www.galeries-bartoux.com/artistes/larisa-safaryan/blush-of-spring-122-x-91-cm/> (referer: https://www.google.com/)
2026-08-18 15:39:33,182 [INFO]       Image sauvee -> artistes/larisa-safaryan/blush-of-spring-122x91cm.jpg
2026-08-18 15:39:33,182 [INFO]       OK BLUSH OF SPRING | 122 x 91 cm
[2026-08-18 15:39:38] INFO: Fetched (200) <GET https://www.galeries-bartoux.com/artistes/larisa-safaryan/constellation-183-x-122-cm/> (referer: https://www.google.com/)
2026-08-18 15:39:38,262 [INFO] Fetched (200) <GET https://www.galeries-bartoux.com/artistes/larisa-safaryan/constellation-183-x-122-cm/> (referer: https://www.google.com/)
2026-08-18 15:39:41,433 [INFO]       Image sauvee -> artistes/larisa-safaryan/constellation-183x122cm.jpg
2026-08-18 15:39:41,434 [INFO]       OK CONSTELLATION | 183 x 122 cm
[2026-08-18 15:39:46] INFO: Fetched (200) <GET https://www.galeries-bartoux.com/artistes/larisa-safaryan/voice-of-spring-122-x-91-cm/> (referer: https://www.google.com/)
2026-08-18 15:39:46,181 [INFO] Fetched (200) <GET https://www.galeries-bartoux.com/artistes/larisa-safaryan/voice-of-spring-122-x-91-cm/> (referer: https://www.google.com/)
2026-08-18 15:39:49,331 [INFO]       Image sauvee -> artistes/larisa-safaryan/voice-of-spring-183x152cm.jpg
2026-08-18 15:39:49,332 [INFO]       OK VOICE OF SPRING | 183 x 152 cm
[2026-08-18 15:39:55] INFO: Fetched (200) <GET https://www.galeries-bartoux.com/artistes/larisa-safaryan/blooming-earth-122-x-91-cm/> (referer: https://www.google.com/)
2026-08-18 15:39:55,071 [INFO] Fetched (200) <GET https://www.galeries-bartoux.com/artistes/larisa-safaryan/blooming-earth-122-x-91-cm/> (referer: https://www.google.com/)
2026-08-18 15:39:58,228 [INFO]       Image sauvee -> artistes/larisa-safaryan/blooming-earth-122x91cm.jpg
2026-08-18 15:39:58,229 [INFO]       OK BLOOMING EARTH | 122 x 91 cm
[2026-08-18 15:40:02] INFO: Fetched (200) <GET https://www.galeries-bartoux.com/artistes/larisa-safaryan/gates-to-heaven-183-x-122-cm/> (referer: https://www.google.com/)
2026-08-18 15:40:02,476 [INFO] Fetched (200) <GET https://www.galeries-bartoux.com/artistes/larisa-safaryan/gates-to-heaven-183-x-122-cm/> (referer: https://www.google.com/)
2026-08-18 15:40:05,634 [INFO]       Image sauvee -> artistes/larisa-safaryan/gates-to-heaven-183x122cm.jpg
2026-08-18 15:40:05,635 [INFO]       OK GATES TO HEAVEN | 183 x 122 cm
2026-08-18 15:40:05,635 [INFO]   -> Artiste : NAT BOWEN [Design]
[2026-08-18 15:40:10] INFO: Fetched (200) <GET https://www.galeries-bartoux.com/artistes/nat-bowen/> (referer: https://www.google.com/)
2026-08-18 15:40:10,016 [INFO] Fetched (200) <GET https://www.galeries-bartoux.com/artistes/nat-bowen/> (referer: https://www.google.com/)
2026-08-18 15:40:13,713 [INFO]     Bio recuperee (1336 caracteres)
2026-08-18 15:40:13,717 [INFO]     Oeuvres candidates : 5
[2026-08-18 15:40:18] INFO: Fetched (200) <GET https://www.galeries-bartoux.com/artistes/nat-bowen/chromata-2/> (referer: https://www.google.com/)
2026-08-18 15:40:18,113 [INFO] Fetched (200) <GET https://www.galeries-bartoux.com/artistes/nat-bowen/chromata-2/> (referer: https://www.google.com/)
2026-08-18 15:40:21,262 [INFO]       Image sauvee -> artistes/nat-bowen/chromata-150x120cm.jpg
2026-08-18 15:40:21,263 [INFO]       OK CHROMATA | 150 x 120 cm
[2026-08-18 15:40:25] INFO: Fetched (200) <GET https://www.galeries-bartoux.com/artistes/nat-bowen/pop/> (referer: https://www.google.com/)
2026-08-18 15:40:25,632 [INFO] Fetched (200) <GET https://www.galeries-bartoux.com/artistes/nat-bowen/pop/> (referer: https://www.google.com/)
2026-08-18 15:40:28,780 [INFO]       Image sauvee -> artistes/nat-bowen/pop-150x120cm.jpg
2026-08-18 15:40:28,780 [INFO]       OK POP | 150 x 120 cm
[2026-08-18 15:40:33] INFO: Fetched (200) <GET https://www.galeries-bartoux.com/artistes/nat-bowen/blush-2/> (referer: https://www.google.com/)
2026-08-18 15:40:33,879 [INFO] Fetched (200) <GET https://www.galeries-bartoux.com/artistes/nat-bowen/blush-2/> (referer: https://www.google.com/)
2026-08-18 15:40:37,065 [INFO]       Image sauvee -> artistes/nat-bowen/blush-150x120cm.jpg
2026-08-18 15:40:37,066 [INFO]       OK BLUSH | 150 x 120 cm
[2026-08-18 15:40:41] INFO: Fetched (200) <GET https://www.galeries-bartoux.com/artistes/nat-bowen/dusk/> (referer: https://www.google.com/)
2026-08-18 15:40:41,649 [INFO] Fetched (200) <GET https://www.galeries-bartoux.com/artistes/nat-bowen/dusk/> (referer: https://www.google.com/)
2026-08-18 15:40:44,833 [INFO]       Image sauvee -> artistes/nat-bowen/dusk-150x120cm.jpg
2026-08-18 15:40:44,834 [INFO]       OK DUSK | 150 x 120 cm
[2026-08-18 15:40:50] INFO: Fetched (200) <GET https://www.galeries-bartoux.com/artistes/nat-bowen/spirit/> (referer: https://www.google.com/)
2026-08-18 15:40:50,415 [INFO] Fetched (200) <GET https://www.galeries-bartoux.com/artistes/nat-bowen/spirit/> (referer: https://www.google.com/)
2026-08-18 15:40:53,579 [INFO]       Image sauvee -> artistes/nat-bowen/spirit-150x120cm.jpg
2026-08-18 15:40:53,580 [INFO]       OK SPIRIT | 150 x 120 cm
2026-08-18 15:40:53,580 [INFO]   -> Artiste : NOART [Design]
[2026-08-18 15:40:57] INFO: Fetched (200) <GET https://www.galeries-bartoux.com/artistes/noart/> (referer: https://www.google.com/)
2026-08-18 15:40:57,900 [INFO] Fetched (200) <GET https://www.galeries-bartoux.com/artistes/noart/> (referer: https://www.google.com/)
2026-08-18 15:41:01,599 [INFO]     Bio recuperee (986 caracteres)
2026-08-18 15:41:01,604 [INFO]     Oeuvres candidates : 12
[2026-08-18 15:41:05] INFO: Fetched (200) <GET https://www.galeries-bartoux.com/artistes/noart/noart_safe-chrome-mix-x/> (referer: https://www.google.com/)
2026-08-18 15:41:05,758 [INFO] Fetched (200) <GET https://www.galeries-bartoux.com/artistes/noart/noart_safe-chrome-mix-x/> (referer: https://www.google.com/)
2026-08-18 15:41:08,932 [INFO]       Image sauvee -> artistes/noart/safe-chrome-mix-x-60x60cm.jpg
2026-08-18 15:41:08,932 [INFO]       OK SAFE CHROME MIX X | 60x60cm
[2026-08-18 15:41:14] INFO: Fetched (200) <GET https://www.galeries-bartoux.com/artistes/noart/panoramic-safe-150-x-50-x-20-cm-aluminium-anodise-dore-billets-lingots-cristaux-pieces-de-monnaie-eclairage-led-miroirs/> (referer: https://www.google.com/)
2026-08-18 15:41:14,247 [INFO] Fetched (200) <GET https://www.galeries-bartoux.com/artistes/noart/panoramic-safe-150-x-50-x-20-cm-aluminium-anodise-dore-billets-lingots-cristaux-pieces-de-monnaie-eclairage-led-miroirs/> (referer: https://www.google.com/)
2026-08-18 15:41:17,379 [INFO]       Image sauvee -> artistes/noart/panoramic-safe-50x150x20cm.jpg
2026-08-18 15:41:17,379 [INFO]       OK PANORAMIC SAFE | 50 x 150 x 20 cm
[2026-08-18 15:41:21] INFO: Fetched (200) <GET https://www.galeries-bartoux.com/artistes/noart/safe-chrome-diamonds-noart/> (referer: https://www.google.com/)
2026-08-18 15:41:21,862 [INFO] Fetched (200) <GET https://www.galeries-bartoux.com/artistes/noart/safe-chrome-diamonds-noart/> (referer: https://www.google.com/)
2026-08-18 15:41:25,001 [INFO]       Image sauvee -> artistes/noart/safe-chrome-diamonds-60cm.jpg
2026-08-18 15:41:25,001 [INFO]       OK Safe chrome diamonds | H. 60 cm
[2026-08-18 15:41:29] INFO: Fetched (200) <GET https://www.galeries-bartoux.com/artistes/noart/gold/> (referer: https://www.google.com/)
2026-08-18 15:41:29,552 [INFO] Fetched (200) <GET https://www.galeries-bartoux.com/artistes/noart/gold/> (referer: https://www.google.com/)
2026-08-18 15:41:32,713 [INFO]       Image sauvee -> artistes/noart/coffre-in-gold-we-trust-80x80cm.jpg
2026-08-18 15:41:32,714 [INFO]       OK COFFRE IN GOLD WE TRUST | 80x80cm
[2026-08-18 15:41:37] INFO: Fetched (200) <GET https://www.galeries-bartoux.com/artistes/noart/black/> (referer: https://www.google.com/)
2026-08-18 15:41:37,889 [INFO] Fetched (200) <GET https://www.galeries-bartoux.com/artistes/noart/black/> (referer: https://www.google.com/)
2026-08-18 15:41:41,044 [INFO]       Image sauvee -> artistes/noart/safe-black-80x80cm.jpg
2026-08-18 15:41:41,045 [INFO]       OK SAFE BLACK | 80x80cm
[2026-08-18 15:41:46] INFO: Fetched (200) <GET https://www.galeries-bartoux.com/artistes/noart/safe-round-chrome-y-dollars/> (referer: https://www.google.com/)
2026-08-18 15:41:46,334 [INFO] Fetched (200) <GET https://www.galeries-bartoux.com/artistes/noart/safe-round-chrome-y-dollars/> (referer: https://www.google.com/)
2026-08-18 15:41:49,461 [INFO]       Image sauvee -> artistes/noart/safe-round-chrome-y-dollars-60cm.jpg
2026-08-18 15:41:49,462 [INFO]       OK Safe Round chrome Y dollars | H.60cm
[2026-08-18 15:41:53] INFO: Fetched (200) <GET https://www.galeries-bartoux.com/artistes/noart/silv/> (referer: https://www.google.com/)
2026-08-18 15:41:53,870 [INFO] Fetched (200) <GET https://www.galeries-bartoux.com/artistes/noart/silv/> (referer: https://www.google.com/)
2026-08-18 15:41:57,009 [INFO]       Image sauvee -> artistes/noart/b-for-bank-80x80cm.jpg
2026-08-18 15:41:57,009 [INFO]       OK B FOR BANK | 80x80cm
[2026-08-18 15:42:01] INFO: Fetched (200) <GET https://www.galeries-bartoux.com/artistes/noart/gold-1/> (referer: https://www.google.com/)
2026-08-18 15:42:01,349 [INFO] Fetched (200) <GET https://www.galeries-bartoux.com/artistes/noart/gold-1/> (referer: https://www.google.com/)
2026-08-18 15:42:04,473 [INFO]       Image sauvee -> artistes/noart/safe-gold-x-diamonds-60x60cm.jpg
2026-08-18 15:42:04,474 [INFO]       OK SAFE GOLD X DIAMONDS | 60x60cm
[2026-08-18 15:42:08] INFO: Fetched (200) <GET https://www.galeries-bartoux.com/artistes/noart/safe-round-shiny-gold-x-diamants/> (referer: https://www.google.com/)
2026-08-18 15:42:08,883 [INFO] Fetched (200) <GET https://www.galeries-bartoux.com/artistes/noart/safe-round-shiny-gold-x-diamants/> (referer: https://www.google.com/)
2026-08-18 15:42:12,017 [INFO]       Image sauvee -> artistes/noart/safe-round-shiny-gold-x-diamants-60cm.jpg
2026-08-18 15:42:12,018 [INFO]       OK Safe Round shiny gold X diamants | H.60cm
[2026-08-18 15:42:16] INFO: Fetched (200) <GET https://www.galeries-bartoux.com/artistes/noart/noart-coffre/> (referer: https://www.google.com/)
2026-08-18 15:42:16,475 [INFO] Fetched (200) <GET https://www.galeries-bartoux.com/artistes/noart/noart-coffre/> (referer: https://www.google.com/)
2026-08-18 15:42:19,681 [INFO]       Image sauvee -> artistes/noart/safe-men-s-treasure-floral-80x80x40cm.jpg
2026-08-18 15:42:19,681 [INFO]       OK SAFE MEN’S TREASURE FLORAL | 80 x 80 x 40 cm
[2026-08-18 15:42:23] INFO: Fetched (200) <GET https://www.galeries-bartoux.com/artistes/noart/safe-round-shiny-gold-y-dollars/> (referer: https://www.google.com/)
2026-08-18 15:42:23,955 [INFO] Fetched (200) <GET https://www.galeries-bartoux.com/artistes/noart/safe-round-shiny-gold-y-dollars/> (referer: https://www.google.com/)
2026-08-18 15:42:27,103 [INFO]       Image sauvee -> artistes/noart/safe-round-shiny-gold-y-dollars-60cm.jpg
2026-08-18 15:42:27,104 [INFO]       OK Safe Round Shiny gold Y dollars | H.60cm
[2026-08-18 15:42:32] INFO: Fetched (200) <GET https://www.galeries-bartoux.com/artistes/noart/safe-mans-treasure-shiny-gold-80-x-80-cm/> (referer: https://www.google.com/)
2026-08-18 15:42:32,061 [INFO] Fetched (200) <GET https://www.galeries-bartoux.com/artistes/noart/safe-mans-treasure-shiny-gold-80-x-80-cm/> (referer: https://www.google.com/)
2026-08-18 15:42:35,235 [INFO]       Image sauvee -> artistes/noart/safe-man-s-treasure-shiny-gold-80x80cm.jpg
2026-08-18 15:42:35,235 [INFO]       OK SAFE MAN’S TREASURE SHINY GOLD | 80 x 80 cm
2026-08-18 15:42:35,235 [INFO]   -> Artiste : STALLMAN [Design]
[2026-08-18 15:42:40] INFO: Fetched (200) <GET https://www.galeries-bartoux.com/artistes/stallman/> (referer: https://www.google.com/)
2026-08-18 15:42:40,083 [INFO] Fetched (200) <GET https://www.galeries-bartoux.com/artistes/stallman/> (referer: https://www.google.com/)
2026-08-18 15:42:43,819 [INFO]     Bio recuperee (851 caracteres)
2026-08-18 15:42:43,822 [INFO]     Oeuvres candidates : 8
[2026-08-18 15:42:49] INFO: Fetched (200) <GET https://www.galeries-bartoux.com/artistes/stallman/affinity-in-motion-i-ii-dyptych/> (referer: https://www.google.com/)
2026-08-18 15:42:49,480 [INFO] Fetched (200) <GET https://www.galeries-bartoux.com/artistes/stallman/affinity-in-motion-i-ii-dyptych/> (referer: https://www.google.com/)
2026-08-18 15:42:52,676 [INFO]       Image sauvee -> artistes/stallman/affinity-in-motion-i-ii-diptyque-122x152cm.jpg
2026-08-18 15:42:52,677 [INFO]       OK AFFINITY IN MOTION I & II – DIPTYQUE | 122 x 152 cm
[2026-08-18 15:42:57] INFO: Fetched (200) <GET https://www.galeries-bartoux.com/artistes/stallman/tropical-skies-102-x-102-cm/> (referer: https://www.google.com/)
2026-08-18 15:42:57,069 [INFO] Fetched (200) <GET https://www.galeries-bartoux.com/artistes/stallman/tropical-skies-102-x-102-cm/> (referer: https://www.google.com/)
2026-08-18 15:43:00,248 [INFO]       Image sauvee -> artistes/stallman/tropical-skies-102x102cm.jpg
2026-08-18 15:43:00,248 [INFO]       OK TROPICAL SKIES | 102 x 102 cm
[2026-08-18 15:43:05] INFO: Fetched (200) <GET https://www.galeries-bartoux.com/artistes/stallman/costa-verde/> (referer: https://www.google.com/)
2026-08-18 15:43:05,320 [INFO] Fetched (200) <GET https://www.galeries-bartoux.com/artistes/stallman/costa-verde/> (referer: https://www.google.com/)
2026-08-18 15:43:08,502 [INFO]       Image sauvee -> artistes/stallman/costa-verde-107x183cm.jpg
2026-08-18 15:43:08,503 [INFO]       OK COSTA VERDE | 107 x 183 cm
[2026-08-18 15:43:12] INFO: Fetched (200) <GET https://www.galeries-bartoux.com/artistes/stallman/soulmate/> (referer: https://www.google.com/)
2026-08-18 15:43:12,745 [INFO] Fetched (200) <GET https://www.galeries-bartoux.com/artistes/stallman/soulmate/> (referer: https://www.google.com/)
2026-08-18 15:43:15,957 [INFO]       Image sauvee -> artistes/stallman/soulmate-122x152cm.jpg
2026-08-18 15:43:15,958 [INFO]       OK SOULMATE | 122 x 152 cm
[2026-08-18 15:43:20] INFO: Fetched (200) <GET https://www.galeries-bartoux.com/artistes/stallman/starfield/> (referer: https://www.google.com/)
2026-08-18 15:43:20,914 [INFO] Fetched (200) <GET https://www.galeries-bartoux.com/artistes/stallman/starfield/> (referer: https://www.google.com/)
2026-08-18 15:43:24,108 [INFO]       Image sauvee -> artistes/stallman/starfield-152x152cm.jpg
2026-08-18 15:43:24,109 [INFO]       OK STARFIELD | 152 x 152 cm
[2026-08-18 15:43:28] INFO: Fetched (200) <GET https://www.galeries-bartoux.com/artistes/stallman/iridescent-i-ii-diptyque/> (referer: https://www.google.com/)
2026-08-18 15:43:28,386 [INFO] Fetched (200) <GET https://www.galeries-bartoux.com/artistes/stallman/iridescent-i-ii-diptyque/> (referer: https://www.google.com/)
2026-08-18 15:43:31,594 [INFO]       Image sauvee -> artistes/stallman/iridescent-i-ii-diptyque-122x183cm.jpg
2026-08-18 15:43:31,595 [INFO]       OK IRIDESCENT I & II – DIPTYQUE | 122 x 183 cm
[2026-08-18 15:43:37] INFO: Fetched (200) <GET https://www.galeries-bartoux.com/artistes/stallman/suddenly-122-x-1525-cm-toile-peinte-decoupee-et-sculptee-2/> (referer: https://www.google.com/)
2026-08-18 15:43:37,020 [INFO] Fetched (200) <GET https://www.galeries-bartoux.com/artistes/stallman/suddenly-122-x-1525-cm-toile-peinte-decoupee-et-sculptee-2/> (referer: https://www.google.com/)
2026-08-18 15:43:40,176 [INFO]       Image sauvee -> artistes/stallman/suddenly-122x152x5cm.jpg
2026-08-18 15:43:40,177 [INFO]       OK SUDDENLY | 122 x 152,5 cm
[2026-08-18 15:43:44] INFO: Fetched (200) <GET https://www.galeries-bartoux.com/artistes/stallman/tidal-serenade-122-x-153-cm/> (referer: https://www.google.com/)
2026-08-18 15:43:44,814 [INFO] Fetched (200) <GET https://www.galeries-bartoux.com/artistes/stallman/tidal-serenade-122-x-153-cm/> (referer: https://www.google.com/)
2026-08-18 15:43:47,988 [INFO]       Image sauvee -> artistes/stallman/tidal-serenade-122x153cm.jpg
2026-08-18 15:43:47,989 [INFO]       OK TIDAL SERENADE | 122 x 153 cm
2026-08-18 15:43:47,989 [INFO] Total artistes valides : 57
2026-08-18 15:43:47,989 [INFO] Total oeuvres valides  : 717
2026-08-18 15:43:47,990 [INFO] [NOUVEAU:artiste] AL FRENO
2026-08-18 15:43:47,990 [INFO] [NOUVEAU:artiste] CHRIS CAROLINA
2026-08-18 15:43:47,991 [INFO] [NOUVEAU:artiste] CHRIS RILEY
2026-08-18 15:43:47,991 [INFO] [NOUVEAU:artiste] DAVID UESSEM
2026-08-18 15:43:47,991 [INFO] [NOUVEAU:artiste] DIRK VERDOORN
2026-08-18 15:43:47,991 [INFO] [NOUVEAU:artiste] ERIC ALFARO
2026-08-18 15:43:47,992 [INFO] [NOUVEAU:artiste] FRANÇOIS D’IZARNY
2026-08-18 15:43:47,992 [INFO] [NOUVEAU:artiste] GABRIEL MORENO
2026-08-18 15:43:47,992 [INFO] [NOUVEAU:artiste] Gianluca Corona
2026-08-18 15:43:47,992 [INFO] [NOUVEAU:artiste] HARDING MEYER
2026-08-18 15:43:47,992 [INFO] [NOUVEAU:artiste] JOSÉ LUIS CEÑA
2026-08-18 15:43:47,993 [INFO] [NOUVEAU:artiste] KADIR AKYOL
2026-08-18 15:43:47,993 [INFO] [NOUVEAU:artiste] KIKO
2026-08-18 15:43:47,993 [INFO] [NOUVEAU:artiste] KOZO
2026-08-18 15:43:47,993 [INFO] [NOUVEAU:artiste] LIS SAM
2026-08-18 15:43:47,994 [INFO] [NOUVEAU:artiste] MARC PELTZER
2026-08-18 15:43:47,994 [INFO] [NOUVEAU:artiste] MILES HYMAN
2026-08-18 15:43:47,994 [INFO] [NOUVEAU:artiste] MÓNICA FERNÁNDEZ
2026-08-18 15:43:47,994 [INFO] [NOUVEAU:artiste] PASQUALE DI FAZIO
2026-08-18 15:43:47,995 [INFO] [NOUVEAU:artiste] PIERRE-YVES RUSSO
2026-08-18 15:43:47,995 [INFO] [NOUVEAU:artiste] RAFFAELE MINOTTO
2026-08-18 15:43:47,995 [INFO] [NOUVEAU:artiste] ROBERTA CONI
2026-08-18 15:43:47,995 [INFO] [NOUVEAU:artiste] SERGIO MARTINEZ
2026-08-18 15:43:47,996 [INFO] [NOUVEAU:artiste] ZHUANG HONG-YI
2026-08-18 15:43:47,996 [INFO] [NOUVEAU:artiste] ANDREA ROGGI
2026-08-18 15:43:47,996 [INFO] [NOUVEAU:artiste] ANTHONY THEAKSTON
2026-08-18 15:43:47,996 [INFO] [NOUVEAU:artiste] BRUNO CATALANO
2026-08-18 15:43:47,997 [INFO] [NOUVEAU:artiste] CAROLE FEUERMAN
2026-08-18 15:43:47,997 [INFO] [NOUVEAU:artiste] CODERCH & MALAVIA
2026-08-18 15:43:47,997 [INFO] [NOUVEAU:artiste] ÉTIENNE
2026-08-18 15:43:47,997 [INFO] [NOUVEAU:artiste] GAELLE WEISSBERG
2026-08-18 15:43:47,998 [INFO] [NOUVEAU:artiste] JEAN MARTIN
2026-08-18 15:43:47,998 [INFO] [NOUVEAU:artiste] JÜRGEN LINGL
2026-08-18 15:43:47,998 [INFO] [NOUVEAU:artiste] KIKO
2026-08-18 15:43:47,998 [INFO] [NOUVEAU:artiste] LORENZO QUINN
2026-08-18 15:43:47,998 [INFO] [NOUVEAU:artiste] LOTHAR
2026-08-18 15:43:47,999 [INFO] [NOUVEAU:artiste] LUO LI RONG
2026-08-18 15:43:47,999 [INFO] [NOUVEAU:artiste] LYDIA KALIS
2026-08-18 15:43:47,999 [INFO] [NOUVEAU:artiste] MARIE-PAULE DEVILLE CHABROLLE
2026-08-18 15:43:47,999 [INFO] [NOUVEAU:artiste] MICHEL BASSOMPIERRE
2026-08-18 15:43:48,000 [INFO] [NOUVEAU:artiste] OLIVIER BERTRAND
2026-08-18 15:43:48,000 [INFO] [NOUVEAU:artiste] PAUL BECKRICH
2026-08-18 15:43:48,000 [INFO] [NOUVEAU:artiste] Philippe Chazot
2026-08-18 15:43:48,000 [INFO] [NOUVEAU:artiste] SALVADOR DALI
2026-08-18 15:43:48,001 [INFO] [NOUVEAU:artiste] VAN DEN BERGHE
2026-08-18 15:43:48,001 [INFO] [NOUVEAU:artiste] VITTORIO IAVAZZO
2026-08-18 15:43:48,001 [INFO] [NOUVEAU:artiste] ALEX BERNSTEIN
2026-08-18 15:43:48,001 [INFO] [NOUVEAU:artiste] AMARIST
2026-08-18 15:43:48,001 [INFO] [NOUVEAU:artiste] ANNA MASTERS
2026-08-18 15:43:48,001 [INFO] [NOUVEAU:artiste] ANNALÙ
2026-08-18 15:43:48,001 [INFO] [NOUVEAU:artiste] ANTOINE DUFILHO
2026-08-18 15:43:48,001 [INFO] [NOUVEAU:artiste] CHRISTOPHE GAIGNON
2026-08-18 15:43:48,002 [INFO] [NOUVEAU:artiste] CORINE VAN VOORBERGEN
2026-08-18 15:43:48,002 [INFO] [NOUVEAU:artiste] Larisa Safaryan
2026-08-18 15:43:48,002 [INFO] [NOUVEAU:artiste] NAT BOWEN
2026-08-18 15:43:48,002 [INFO] [NOUVEAU:artiste] NOART
2026-08-18 15:43:48,002 [INFO] [NOUVEAU:artiste] STALLMAN
2026-08-18 15:43:48,007 [INFO] [NOUVEAU:oeuvre] A WHITER SHADE OF PALE
2026-08-18 15:43:48,008 [INFO] [NOUVEAU:oeuvre] YOUR LOVE IS KING
2026-08-18 15:43:48,008 [INFO] [NOUVEAU:oeuvre] I ONLY HAVE EYES FOR YOU
2026-08-18 15:43:48,008 [INFO] [NOUVEAU:oeuvre] EL PASO
2026-08-18 15:43:48,008 [INFO] [NOUVEAU:oeuvre] LET’S GO
2026-08-18 15:43:48,008 [INFO] [NOUVEAU:oeuvre] YOU REALLY GOT ME
2026-08-18 15:43:48,008 [INFO] [NOUVEAU:oeuvre] IN THE GROOVE
2026-08-18 15:43:48,009 [INFO] [NOUVEAU:oeuvre] GOPHER
2026-08-18 15:43:48,009 [INFO] [NOUVEAU:oeuvre] ALONE IN THE NIGHT
2026-08-18 15:43:48,009 [INFO] [NOUVEAU:oeuvre] WHITE BLOUSE
2026-08-18 15:43:48,009 [INFO] [NOUVEAU:oeuvre] BLUE NIGHT
2026-08-18 15:43:48,009 [INFO] [NOUVEAU:oeuvre] DRAMA NIGHT
2026-08-18 15:43:48,009 [INFO] [NOUVEAU:oeuvre] SUMMER WARMTH
2026-08-18 15:43:48,009 [INFO] [NOUVEAU:oeuvre] TWILIGHT GLAMOUR
2026-08-18 15:43:48,010 [INFO] [NOUVEAU:oeuvre] EVERYTHING WAS DARK
2026-08-18 15:43:48,010 [INFO] [NOUVEAU:oeuvre] ALONE IN THE NIGHT
2026-08-18 15:43:48,010 [INFO] [NOUVEAU:oeuvre] SUNNY DAY
2026-08-18 15:43:48,010 [INFO] [NOUVEAU:oeuvre] BLUE ARMCHAIRS
2026-08-18 15:43:48,010 [INFO] [NOUVEAU:oeuvre] RED ARMCHAIR
2026-08-18 15:43:48,010 [INFO] [NOUVEAU:oeuvre] ON OUR WAY
2026-08-18 15:43:48,010 [INFO] [NOUVEAU:oeuvre] FASHIONABLY EARLY
2026-08-18 15:43:48,011 [INFO] [NOUVEAU:oeuvre] EXTENDED STAY
2026-08-18 15:43:48,011 [INFO] [NOUVEAU:oeuvre] DON’T FORGET TO STOP
2026-08-18 15:43:48,011 [INFO] [NOUVEAU:oeuvre] LONG LUNCH
2026-08-18 15:43:48,011 [INFO] [NOUVEAU:oeuvre] MORNING ROUTINE
2026-08-18 15:43:48,011 [INFO] [NOUVEAU:oeuvre] THE GOOD LIFE
2026-08-18 15:43:48,011 [INFO] [NOUVEAU:oeuvre] RADIANT LIGHT
2026-08-18 15:43:48,011 [INFO] [NOUVEAU:oeuvre] WHERE HOPE BLOOMS
2026-08-18 15:43:48,011 [INFO] [NOUVEAU:oeuvre] THE SUN WILL RISE AGAIN
2026-08-18 15:43:48,011 [INFO] [NOUVEAU:oeuvre] SOULSTORM
2026-08-18 15:43:48,011 [INFO] [NOUVEAU:oeuvre] BOTANICAL GARDEN
2026-08-18 15:43:48,011 [INFO] [NOUVEAU:oeuvre] CRYSTAL SKY
2026-08-18 15:43:48,012 [INFO] [NOUVEAU:oeuvre] BACKWATERS IN KERALA
2026-08-18 15:43:48,012 [INFO] [NOUVEAU:oeuvre] SIRTAKI DEVANT N.Y.
2026-08-18 15:43:48,012 [INFO] [NOUVEAU:oeuvre] HAPPY HOUR
2026-08-18 15:43:48,012 [INFO] [NOUVEAU:oeuvre] L’OR NOIR
2026-08-18 15:43:48,012 [INFO] [NOUVEAU:oeuvre] CONTRE JOUR AVEC SAN GIORGIO
2026-08-18 15:43:48,012 [INFO] [NOUVEAU:oeuvre] TRAFIC AUTOUR DE LA PUNTA DELLA DOGANA
2026-08-18 15:43:48,012 [INFO] [NOUVEAU:oeuvre] POVEGLIA L’INTRIGANTE
2026-08-18 15:43:48,012 [INFO] [NOUVEAU:oeuvre] BORA HEADING OUT OF SANTA MARIA DEL MAR
2026-08-18 15:43:48,012 [INFO] [NOUVEAU:oeuvre] SAN GIORGIO IN NOTTURNA (DIPTYCH)
2026-08-18 15:43:48,012 [INFO] [NOUVEAU:oeuvre] RÊVERIES LAGUNAIRES
2026-08-18 15:43:48,012 [INFO] [NOUVEAU:oeuvre] WITH YOU IN THE GARDEN
2026-08-18 15:43:48,013 [INFO] [NOUVEAU:oeuvre] BLOOMING IN MY HEART
2026-08-18 15:43:48,013 [INFO] [NOUVEAU:oeuvre] YOUR LOVE
2026-08-18 15:43:48,013 [INFO] [NOUVEAU:oeuvre] OUR SONG
2026-08-18 15:43:48,013 [INFO] [NOUVEAU:oeuvre] SPRING STORIES
2026-08-18 15:43:48,013 [INFO] [NOUVEAU:oeuvre] BOTANICAL LOVE
2026-08-18 15:43:48,013 [INFO] [NOUVEAU:oeuvre] WATER LILIES GARDEN
2026-08-18 15:43:48,013 [INFO] [NOUVEAU:oeuvre] BLOOMING LAKE
2026-08-18 15:43:48,013 [INFO] [NOUVEAU:oeuvre] TOGETHER IN THE LAKE
2026-08-18 15:43:48,013 [INFO] [NOUVEAU:oeuvre] WHEN I MET YOU
2026-08-18 15:43:48,013 [INFO] [NOUVEAU:oeuvre] HOMMAGE À VENISE
2026-08-18 15:43:48,013 [INFO] [NOUVEAU:oeuvre] ATELIER SAINT-TROPEZ
2026-08-18 15:43:48,013 [INFO] [NOUVEAU:oeuvre] Atelier Bleu
2026-08-18 15:43:48,014 [INFO] [NOUVEAU:oeuvre] BOUQUET JAUNE
2026-08-18 15:43:48,014 [INFO] [NOUVEAU:oeuvre] BOUQUET ROUGE
2026-08-18 15:43:48,014 [INFO] [NOUVEAU:oeuvre] SMOKE AND MIRRORS N°1
2026-08-18 15:43:48,014 [INFO] [NOUVEAU:oeuvre] SMOKE AND MIRRORS N°2
2026-08-18 15:43:48,014 [INFO] [NOUVEAU:oeuvre] MARIA XV
2026-08-18 15:43:48,014 [INFO] [NOUVEAU:oeuvre] MARIA XI
2026-08-18 15:43:48,014 [INFO] [NOUVEAU:oeuvre] MARIA XII
2026-08-18 15:43:48,014 [INFO] [NOUVEAU:oeuvre] MARIA IX
2026-08-18 15:43:48,014 [INFO] [NOUVEAU:oeuvre] MARIA X
2026-08-18 15:43:48,014 [INFO] [NOUVEAU:oeuvre] MARIA VII
2026-08-18 15:43:48,014 [INFO] [NOUVEAU:oeuvre] MARIA VIII
2026-08-18 15:43:48,014 [INFO] [NOUVEAU:oeuvre] LA MADRE XIII
2026-08-18 15:43:48,015 [INFO] [NOUVEAU:oeuvre] LA MADRE Nº20
2026-08-18 15:43:48,015 [INFO] [NOUVEAU:oeuvre] LA MADRE XV
2026-08-18 15:43:48,015 [INFO] [NOUVEAU:oeuvre] LA MADRE N°VI
2026-08-18 15:43:48,015 [INFO] [NOUVEAU:oeuvre] LA MADRE XIV
2026-08-18 15:43:48,015 [INFO] [NOUVEAU:oeuvre] LA MADRE IX
2026-08-18 15:43:48,015 [INFO] [NOUVEAU:oeuvre] LA MADRE Nº21
2026-08-18 15:43:48,015 [INFO] [NOUVEAU:oeuvre] FRUTTI DI BOSCO E VASETTI RAKU
2026-08-18 15:43:48,015 [INFO] [NOUVEAU:oeuvre] VASO CON TULIPANI GIALLI
2026-08-18 15:43:48,015 [INFO] [NOUVEAU:oeuvre] PEONIA
2026-08-18 15:43:48,015 [INFO] [NOUVEAU:oeuvre] VASETTI CON NESPOLE
2026-08-18 15:43:48,015 [INFO] [NOUVEAU:oeuvre] VASO CON LIMONI NATURALI
2026-08-18 15:43:48,016 [INFO] [NOUVEAU:oeuvre] Vaso Nero con Cachi
2026-08-18 15:43:48,016 [INFO] [NOUVEAU:oeuvre] VASO IN BUCCHERO E LIMONI
2026-08-18 15:43:48,016 [INFO] [NOUVEAU:oeuvre] 15
2026-08-18 15:43:48,016 [INFO] [NOUVEAU:oeuvre] 12
2026-08-18 15:43:48,016 [INFO] [NOUVEAU:oeuvre] 11
2026-08-18 15:43:48,016 [INFO] [NOUVEAU:oeuvre] 9
2026-08-18 15:43:48,016 [INFO] [NOUVEAU:oeuvre] 8
2026-08-18 15:43:48,016 [INFO] [NOUVEAU:oeuvre] 34
2026-08-18 15:43:48,016 [INFO] [NOUVEAU:oeuvre] 10
2026-08-18 15:43:48,016 [INFO] [NOUVEAU:oeuvre] 4
2026-08-18 15:43:48,016 [INFO] [NOUVEAU:oeuvre] 2
2026-08-18 15:43:48,017 [INFO] [NOUVEAU:oeuvre] 27
2026-08-18 15:43:48,017 [INFO] [NOUVEAU:oeuvre] 35
2026-08-18 15:43:48,017 [INFO] [NOUVEAU:oeuvre] 22
2026-08-18 15:43:48,017 [INFO] [NOUVEAU:oeuvre] 19
2026-08-18 15:43:48,017 [INFO] [NOUVEAU:oeuvre] 30
2026-08-18 15:43:48,017 [INFO] [NOUVEAU:oeuvre] 21
2026-08-18 15:43:48,017 [INFO] [NOUVEAU:oeuvre] THE PRINCESS OF THE POND
2026-08-18 15:43:48,017 [INFO] [NOUVEAU:oeuvre] THE HEIR TO FLIGHT
2026-08-18 15:43:48,017 [INFO] [NOUVEAU:oeuvre] REHEARSAL FOR METAMORPHOSIS
2026-08-18 15:43:48,017 [INFO] [NOUVEAU:oeuvre] ECHO OF THIS OTHER
2026-08-18 15:43:48,017 [INFO] [NOUVEAU:oeuvre] SAKURA 72
2026-08-18 15:43:48,017 [INFO] [NOUVEAU:oeuvre] SAKURA 70
2026-08-18 15:43:48,018 [INFO] [NOUVEAU:oeuvre] SAKURA 73
2026-08-18 15:43:48,018 [INFO] [NOUVEAU:oeuvre] SAKURA 71
2026-08-18 15:43:48,018 [INFO] [NOUVEAU:oeuvre] SAKURA 66
2026-08-18 15:43:48,018 [INFO] [NOUVEAU:oeuvre] SAKURA 68
2026-08-18 15:43:48,018 [INFO] [NOUVEAU:oeuvre] SAKURA 67
2026-08-18 15:43:48,018 [INFO] [NOUVEAU:oeuvre] SAKURA XXX
2026-08-18 15:43:48,018 [INFO] [NOUVEAU:oeuvre] SAKURA 59
2026-08-18 15:43:48,018 [INFO] [NOUVEAU:oeuvre] INTERCULTURALITY SAKURA I
2026-08-18 15:43:48,018 [INFO] [NOUVEAU:oeuvre] SAKURA 60
2026-08-18 15:43:48,018 [INFO] [NOUVEAU:oeuvre] SAKURA XXXVIII
2026-08-18 15:43:48,018 [INFO] [NOUVEAU:oeuvre] SAKURA XXXX
2026-08-18 15:43:48,018 [INFO] [NOUVEAU:oeuvre] LE BATEAU BLANC
2026-08-18 15:43:48,019 [INFO] [NOUVEAU:oeuvre] LE SECRET DES PAPILLONS
2026-08-18 15:43:48,019 [INFO] [NOUVEAU:oeuvre] LES VEILLEURS DU CHAPITEAU
2026-08-18 15:43:48,019 [INFO] [NOUVEAU:oeuvre] LES DEUX SOEURS
2026-08-18 15:43:48,019 [INFO] [NOUVEAU:oeuvre] COEUR D’OURSON
2026-08-18 15:43:48,019 [INFO] [NOUVEAU:oeuvre] LE PREMIER ACCORD
2026-08-18 15:43:48,019 [INFO] [NOUVEAU:oeuvre] CÔTE À CÔTE
2026-08-18 15:43:48,019 [INFO] [NOUVEAU:oeuvre] LE BOUQUET DES PROMESSES
2026-08-18 15:43:48,019 [INFO] [NOUVEAU:oeuvre] JE TE CONFIE MON COEUR
2026-08-18 15:43:48,019 [INFO] [NOUVEAU:oeuvre] À DEUX
2026-08-18 15:43:48,019 [INFO] [NOUVEAU:oeuvre] À PAS DE VELOURS
2026-08-18 15:43:48,019 [INFO] [NOUVEAU:oeuvre] FRAGMENTS DE VIOLON
2026-08-18 15:43:48,019 [INFO] [NOUVEAU:oeuvre] FRAGMENTS DE LICORNE
2026-08-18 15:43:48,019 [INFO] [NOUVEAU:oeuvre] LECTURE
2026-08-18 15:43:48,020 [INFO] [NOUVEAU:oeuvre] CHAT D’ÉCLAT
2026-08-18 15:43:48,020 [INFO] [NOUVEAU:oeuvre] ÉCLAT AU PIANO
2026-08-18 15:43:48,020 [INFO] [NOUVEAU:oeuvre] FRAGMENTS DE LAPIN
2026-08-18 15:43:48,020 [INFO] [NOUVEAU:oeuvre] UN INSTANT D’ÉTERNITÉ
2026-08-18 15:43:48,020 [INFO] [NOUVEAU:oeuvre] LE REFUGE
2026-08-18 15:43:48,020 [INFO] [NOUVEAU:oeuvre] FRAGMENT D’ORIGAMI
2026-08-18 15:43:48,020 [INFO] [NOUVEAU:oeuvre] À FLEUR D’ORIGAMI
2026-08-18 15:43:48,020 [INFO] [NOUVEAU:oeuvre] CONSTELLATION
2026-08-18 15:43:48,020 [INFO] [NOUVEAU:oeuvre] FRAGMENT D’ÉMOTION
2026-08-18 15:43:48,020 [INFO] [NOUVEAU:oeuvre] ECLOSION
2026-08-18 15:43:48,020 [INFO] [NOUVEAU:oeuvre] À FLEUR DE LUMIÈRE
2026-08-18 15:43:48,020 [INFO] [NOUVEAU:oeuvre] LE LION D’ANTAN
2026-08-18 15:43:48,021 [INFO] [NOUVEAU:oeuvre] FRAGMENT DE LAPIN
2026-08-18 15:43:48,021 [INFO] [NOUVEAU:oeuvre] GARDIEN DE LUMIÈRE
2026-08-18 15:43:48,021 [INFO] [NOUVEAU:oeuvre] FUSION
2026-08-18 15:43:48,021 [INFO] [NOUVEAU:oeuvre] À FLEUR DE SILENCE
2026-08-18 15:43:48,021 [INFO] [NOUVEAU:oeuvre] L’ETREINTE DES ECLATS
2026-08-18 15:43:48,021 [INFO] [NOUVEAU:oeuvre] RÊVE EN BLEU
2026-08-18 15:43:48,021 [INFO] [NOUVEAU:oeuvre] LA GRÂCE
2026-08-18 15:43:48,021 [INFO] [NOUVEAU:oeuvre] LA FLEUR DU TEMPS
2026-08-18 15:43:48,021 [INFO] [NOUVEAU:oeuvre] GÉOMÉTRIE DU CIRQUE INTÉRIEUR
2026-08-18 15:43:48,021 [INFO] [NOUVEAU:oeuvre] L’OURS AUX CORDES D’OR
2026-08-18 15:43:48,021 [INFO] [NOUVEAU:oeuvre] LE SILENCE DU PIANO
2026-08-18 15:43:48,021 [INFO] [NOUVEAU:oeuvre] FLEURS D’ORIGAMI
2026-08-18 15:43:48,021 [INFO] [NOUVEAU:oeuvre] LE LAPIN D’ANTAN
2026-08-18 15:43:48,022 [INFO] [NOUVEAU:oeuvre] THE THREE GRACES
2026-08-18 15:43:48,022 [INFO] [NOUVEAU:oeuvre] PRINTEMPS
2026-08-18 15:43:48,022 [INFO] [NOUVEAU:oeuvre] AUTOMNE
2026-08-18 15:43:48,022 [INFO] [NOUVEAU:oeuvre] NEW DAHLIA GOLD
2026-08-18 15:43:48,022 [INFO] [NOUVEAU:oeuvre] AUTOMNE
2026-08-18 15:43:48,022 [INFO] [NOUVEAU:oeuvre] PRINTEMPS CUIVRE
2026-08-18 15:43:48,022 [INFO] [NOUVEAU:oeuvre] PRINTEMPS
2026-08-18 15:43:48,022 [INFO] [NOUVEAU:oeuvre] SOUS LES PÉTALES VIOLET
2026-08-18 15:43:48,022 [INFO] [NOUVEAU:oeuvre] FLORE
2026-08-18 15:43:48,023 [INFO] [NOUVEAU:oeuvre] FLORE SILVER
2026-08-18 15:43:48,023 [INFO] [NOUVEAU:oeuvre] PRINTEMPS
2026-08-18 15:43:48,023 [INFO] [NOUVEAU:oeuvre] JARDIN D’HIVER
2026-08-18 15:43:48,023 [INFO] [NOUVEAU:oeuvre] PRINTEMPS I
2026-08-18 15:43:48,023 [INFO] [NOUVEAU:oeuvre] WILD ROSE
2026-08-18 15:43:48,023 [INFO] [NOUVEAU:oeuvre] JARDIN D HIVER
2026-08-18 15:43:48,023 [INFO] [NOUVEAU:oeuvre] SOUS LES PÉTALES VIOLETS II
2026-08-18 15:43:48,023 [INFO] [NOUVEAU:oeuvre] JARDIN SECRET IV
2026-08-18 15:43:48,023 [INFO] [NOUVEAU:oeuvre] LE JARDIN DE DAHLIA
2026-08-18 15:43:48,023 [INFO] [NOUVEAU:oeuvre] NEW DAHLIA
2026-08-18 15:43:48,023 [INFO] [NOUVEAU:oeuvre] JARDIN D’HIVER IV
2026-08-18 15:43:48,024 [INFO] [NOUVEAU:oeuvre] SAKURA GOLD
2026-08-18 15:43:48,024 [INFO] [NOUVEAU:oeuvre] SAKURA ROSE ET ROUGE
2026-08-18 15:43:48,024 [INFO] [NOUVEAU:oeuvre] SAKURA DÉGRADÉ DE COULEURS
2026-08-18 15:43:48,024 [INFO] [NOUVEAU:oeuvre] SAKURA GOLD
2026-08-18 15:43:48,024 [INFO] [NOUVEAU:oeuvre] SAKURA ROSE
2026-08-18 15:43:48,024 [INFO] [NOUVEAU:oeuvre] SAKURA BLEU
2026-08-18 15:43:48,024 [INFO] [NOUVEAU:oeuvre] SAKURA COPPER LEAF
2026-08-18 15:43:48,024 [INFO] [NOUVEAU:oeuvre] SAKURA GOLD
2026-08-18 15:43:48,024 [INFO] [NOUVEAU:oeuvre] SAKURA GOLD
2026-08-18 15:43:48,024 [INFO] [NOUVEAU:oeuvre] SAKURA GOLD BLANC
2026-08-18 15:43:48,024 [INFO] [NOUVEAU:oeuvre] IL CAMPANILE
2026-08-18 15:43:48,024 [INFO] [NOUVEAU:oeuvre] SOUS LA NEIGE
2026-08-18 15:43:48,024 [INFO] [NOUVEAU:oeuvre] LE GARDIEN DE LA PORTE BLEUE
2026-08-18 15:43:48,024 [INFO] [NOUVEAU:oeuvre] LA JEUNE FILLE À LA PERLE ET LA CHANDELLE
2026-08-18 15:43:48,024 [INFO] [NOUVEAU:oeuvre] L’ANCRE OUBLIÉE
2026-08-18 15:43:48,025 [INFO] [NOUVEAU:oeuvre] JEUNE FILLE AU CHAPEAU ROUGE DEVANT LA FENÊTRE
2026-08-18 15:43:48,025 [INFO] [NOUVEAU:oeuvre] LE CHEMIN DE TRAVERSE
2026-08-18 15:43:48,025 [INFO] [NOUVEAU:oeuvre] La taverne du galion
2026-08-18 15:43:48,025 [INFO] [NOUVEAU:oeuvre] Tout est calme
2026-08-18 15:43:48,025 [INFO] [NOUVEAU:oeuvre] LES GARDIENS DU QUAI
2026-08-18 15:43:48,025 [INFO] [NOUVEAU:oeuvre] HOMECOMING
2026-08-18 15:43:48,025 [INFO] [NOUVEAU:oeuvre] PANORAMA
2026-08-18 15:43:48,025 [INFO] [NOUVEAU:oeuvre] L’ACCADEMIA
2026-08-18 15:43:48,025 [INFO] [NOUVEAU:oeuvre] THE WEIGHT OF BEAUTIFUL THINGS
2026-08-18 15:43:48,025 [INFO] [NOUVEAU:oeuvre] THE KEEPER SMALL SECRETS
2026-08-18 15:43:48,025 [INFO] [NOUVEAU:oeuvre] ALL CREATURES BELONG
2026-08-18 15:43:48,025 [INFO] [NOUVEAU:oeuvre] VALZER DI PETALI
2026-08-18 15:43:48,025 [INFO] [NOUVEAU:oeuvre] CIELO DI FIESTA
2026-08-18 15:43:48,025 [INFO] [NOUVEAU:oeuvre] LUNA PARK DELLE FARFALLE
2026-08-18 15:43:48,025 [INFO] [NOUVEAU:oeuvre] FIORIRE ANCORA
2026-08-18 15:43:48,026 [INFO] [NOUVEAU:oeuvre] CAOS IN FESTA
2026-08-18 15:43:48,026 [INFO] [NOUVEAU:oeuvre] PERDERSI NEI RIFLESSI
2026-08-18 15:43:48,026 [INFO] [NOUVEAU:oeuvre] LABRINTO DI ILLUSIONI
2026-08-18 15:43:48,026 [INFO] [NOUVEAU:oeuvre] TRA MITI E MAGIE
2026-08-18 15:43:48,026 [INFO] [NOUVEAU:oeuvre] INTESA GLACIALE
2026-08-18 15:43:48,026 [INFO] [NOUVEAU:oeuvre] NELL’ORA DEL TRAMONTO
2026-08-18 15:43:48,026 [INFO] [NOUVEAU:oeuvre] FAVOLA BLU
2026-08-18 15:43:48,026 [INFO] [NOUVEAU:oeuvre] MEMORIE DI UNA LUNGA ESTATE
2026-08-18 15:43:48,026 [INFO] [NOUVEAU:oeuvre] EMOZIONI SCOMPOSTE
2026-08-18 15:43:48,026 [INFO] [NOUVEAU:oeuvre] LES CERISES
2026-08-18 15:43:48,026 [INFO] [NOUVEAU:oeuvre] LE RAMEAU D’ABRICOTS
2026-08-18 15:43:48,026 [INFO] [NOUVEAU:oeuvre] LES FLEURS MAUVES
2026-08-18 15:43:48,026 [INFO] [NOUVEAU:oeuvre] LA FLAMME D’UNE CHANDELLE
2026-08-18 15:43:48,027 [INFO] [NOUVEAU:oeuvre] MINIATURA PAPILLON
2026-08-18 15:43:48,027 [INFO] [NOUVEAU:oeuvre] LA BULLE DE VERRE ET LA PLUME
2026-08-18 15:43:48,027 [INFO] [NOUVEAU:oeuvre] MARGUERITE DES CHAMPS
2026-08-18 15:43:48,027 [INFO] [NOUVEAU:oeuvre] UNE FLEUR SIMPLE
2026-08-18 15:43:48,027 [INFO] [NOUVEAU:oeuvre] LE VASE DE VENISE
2026-08-18 15:43:48,027 [INFO] [NOUVEAU:oeuvre] LES FRAMBOISES ET LE LISERON
2026-08-18 15:43:48,027 [INFO] [NOUVEAU:oeuvre] LA CHANDELLE ET LES CERISES
2026-08-18 15:43:48,027 [INFO] [NOUVEAU:oeuvre] FLEUR DEVANT UNE FENÊTRE
2026-08-18 15:43:48,027 [INFO] [NOUVEAU:oeuvre] LES CERISES ET LE VERRE DE LAIT
2026-08-18 15:43:48,027 [INFO] [NOUVEAU:oeuvre] MINIATURA LUMIÈRE
2026-08-18 15:43:48,027 [INFO] [NOUVEAU:oeuvre] LES CERISES ET LE PAPILLON
2026-08-18 15:43:48,027 [INFO] [NOUVEAU:oeuvre] L’ÉGLANTINE ET LE PAPILLON
2026-08-18 15:43:48,028 [INFO] [NOUVEAU:oeuvre] LE SOLIFLORE ET LES PAVOTS
2026-08-18 15:43:48,028 [INFO] [NOUVEAU:oeuvre] L’ENVOL DU PAPILLON
2026-08-18 15:43:48,028 [INFO] [NOUVEAU:oeuvre] LES TROIS TULIPES
2026-08-18 15:43:48,028 [INFO] [NOUVEAU:oeuvre] LA BRIOCHE
2026-08-18 15:43:48,028 [INFO] [NOUVEAU:oeuvre] LE PAVOT
2026-08-18 15:43:48,028 [INFO] [NOUVEAU:oeuvre] LES CITRONS DE SICILE
2026-08-18 15:43:48,028 [INFO] [NOUVEAU:oeuvre] IL BANCHETTO
2026-08-18 15:43:48,028 [INFO] [NOUVEAU:oeuvre] IL SALOTTO ROSSO
2026-08-18 15:43:48,028 [INFO] [NOUVEAU:oeuvre] INTERNO
2026-08-18 15:43:48,028 [INFO] [NOUVEAU:oeuvre] INTERNO
2026-08-18 15:43:48,028 [INFO] [NOUVEAU:oeuvre] LA CASA DI ELISA
2026-08-18 15:43:48,028 [INFO] [NOUVEAU:oeuvre] PRIMAVERA
2026-08-18 15:43:48,028 [INFO] [NOUVEAU:oeuvre] PROSERPINA VIRGINIA
2026-08-18 15:43:48,028 [INFO] [NOUVEAU:oeuvre] VIRGINIA BLUE BUTTERFLY
2026-08-18 15:43:48,028 [INFO] [NOUVEAU:oeuvre] EMMA MATILDA
2026-08-18 15:43:48,029 [INFO] [NOUVEAU:oeuvre] ALICE
2026-08-18 15:43:48,029 [INFO] [NOUVEAU:oeuvre] EMMA MATILDA
2026-08-18 15:43:48,029 [INFO] [NOUVEAU:oeuvre] PROSERPINA
2026-08-18 15:43:48,029 [INFO] [NOUVEAU:oeuvre] PROSERPINA
2026-08-18 15:43:48,029 [INFO] [NOUVEAU:oeuvre] PROSERPINA
2026-08-18 15:43:48,029 [INFO] [NOUVEAU:oeuvre] PROSERPINA
2026-08-18 15:43:48,029 [INFO] [NOUVEAU:oeuvre] EMMA MATILDA WITH GEEN TURBAN
2026-08-18 15:43:48,029 [INFO] [NOUVEAU:oeuvre] PROSERPINA
2026-08-18 15:43:48,029 [INFO] [NOUVEAU:oeuvre] PROSERPHINA
2026-08-18 15:43:48,029 [INFO] [NOUVEAU:oeuvre] EMMA MATILDA WITH YELLOW BUTTERFLY
2026-08-18 15:43:48,029 [INFO] [NOUVEAU:oeuvre] LAURA PRIMAVERA
2026-08-18 15:43:48,029 [INFO] [NOUVEAU:oeuvre] EMMA MATILDA BLUE BUTTERFLY
2026-08-18 15:43:48,029 [INFO] [NOUVEAU:oeuvre] VIRGINIA
2026-08-18 15:43:48,029 [INFO] [NOUVEAU:oeuvre] LAURA
2026-08-18 15:43:48,030 [INFO] [NOUVEAU:oeuvre] PRIMAVERA
2026-08-18 15:43:48,030 [INFO] [NOUVEAU:oeuvre] VIRGINIA IBISCUS
2026-08-18 15:43:48,030 [INFO] [NOUVEAU:oeuvre] AGNUS DEI
2026-08-18 15:43:48,030 [INFO] [NOUVEAU:oeuvre] PROSERPINA
2026-08-18 15:43:48,030 [INFO] [NOUVEAU:oeuvre] RIDER
2026-08-18 15:43:48,030 [INFO] [NOUVEAU:oeuvre] UNICORN I
2026-08-18 15:43:48,030 [INFO] [NOUVEAU:oeuvre] THE ROOM
2026-08-18 15:43:48,030 [INFO] [NOUVEAU:oeuvre] BLEU
2026-08-18 15:43:48,030 [INFO] [NOUVEAU:oeuvre] ROSE
2026-08-18 15:43:48,030 [INFO] [NOUVEAU:oeuvre] RUBY
2026-08-18 15:43:48,030 [INFO] [NOUVEAU:oeuvre] ORDER
2026-08-18 15:43:48,030 [INFO] [NOUVEAU:oeuvre] ZHY-B12655-X
2026-08-18 15:43:48,030 [INFO] [NOUVEAU:oeuvre] ZHY-B12685-X
2026-08-18 15:43:48,030 [INFO] [NOUVEAU:oeuvre] ZHY-S62418
2026-08-18 15:43:48,030 [INFO] [NOUVEAU:oeuvre] ZHY-B12686-X
2026-08-18 15:43:48,031 [INFO] [NOUVEAU:oeuvre] ZHY-B32594
2026-08-18 15:43:48,031 [INFO] [NOUVEAU:oeuvre] ZHY-S62419-P
2026-08-18 15:43:48,031 [INFO] [NOUVEAU:oeuvre] ZHY-S02581
2026-08-18 15:43:48,031 [INFO] [NOUVEAU:oeuvre] ZHY-S62420
2026-08-18 15:43:48,031 [INFO] [NOUVEAU:oeuvre] ZHY-S82443
2026-08-18 15:43:48,031 [INFO] [NOUVEAU:oeuvre] ZHY-B12518
2026-08-18 15:43:48,031 [INFO] [NOUVEAU:oeuvre] ZHY-B12512
2026-08-18 15:43:48,031 [INFO] [NOUVEAU:oeuvre] ZHY-B12510
2026-08-18 15:43:48,031 [INFO] [NOUVEAU:oeuvre] ZHY-S02502
2026-08-18 15:43:48,031 [INFO] [NOUVEAU:oeuvre] ZHY-B12517
2026-08-18 15:43:48,031 [INFO] [NOUVEAU:oeuvre] DESTINATI AD AMARSI
2026-08-18 15:43:48,031 [INFO] [NOUVEAU:oeuvre] RADICI DI LUCE
2026-08-18 15:43:48,031 [INFO] [NOUVEAU:oeuvre] UN LEGAME OLTRE IL VISIBILE
2026-08-18 15:43:48,031 [INFO] [NOUVEAU:oeuvre] DOVE NASCE L’AMORE
2026-08-18 15:43:48,031 [INFO] [NOUVEAU:oeuvre] FIORIRE INSIEME
2026-08-18 15:43:48,031 [INFO] [NOUVEAU:oeuvre] POTENZA CREATRICE D’AMORE
2026-08-18 15:43:48,032 [INFO] [NOUVEAU:oeuvre] ETERNITA DI UN BACIO
2026-08-18 15:43:48,032 [INFO] [NOUVEAU:oeuvre] DANZA DI LUCE TRA LE TUE BRACCIA
2026-08-18 15:43:48,032 [INFO] [NOUVEAU:oeuvre] LA NASCITA DELL’AMORE
2026-08-18 15:43:48,032 [INFO] [NOUVEAU:oeuvre] IL GIARDINO DEGLI AMORI
2026-08-18 15:43:48,032 [INFO] [NOUVEAU:oeuvre] STALKING HERON
2026-08-18 15:43:48,032 [INFO] [NOUVEAU:oeuvre] SPIRIT OWL
2026-08-18 15:43:48,032 [INFO] [NOUVEAU:oeuvre] RISE
2026-08-18 15:43:48,032 [INFO] [NOUVEAU:oeuvre] TALL HUNCHED HERON
2026-08-18 15:43:48,032 [INFO] [NOUVEAU:oeuvre] 20-20
2026-08-18 15:43:48,032 [INFO] [NOUVEAU:oeuvre] TURN AROUND
2026-08-18 15:43:48,032 [INFO] [NOUVEAU:oeuvre] BASTION 4
2026-08-18 15:43:48,032 [INFO] [NOUVEAU:oeuvre] KINGFISHER
2026-08-18 15:43:48,032 [INFO] [NOUVEAU:oeuvre] BITTERN
2026-08-18 15:43:48,033 [INFO] [NOUVEAU:oeuvre] BASTION 1
2026-08-18 15:43:48,033 [INFO] [NOUVEAU:oeuvre] SIDEWAYS
2026-08-18 15:43:48,033 [INFO] [NOUVEAU:oeuvre] BASTION 3
2026-08-18 15:43:48,033 [INFO] [NOUVEAU:oeuvre] BASTION 2
2026-08-18 15:43:48,033 [INFO] [NOUVEAU:oeuvre] WINGED SIDEWAYS
2026-08-18 15:43:48,033 [INFO] [NOUVEAU:oeuvre] SARAH
2026-08-18 15:43:48,033 [INFO] [NOUVEAU:oeuvre] GUENAEL
2026-08-18 15:43:48,033 [INFO] [NOUVEAU:oeuvre] SARAH
2026-08-18 15:43:48,033 [INFO] [NOUVEAU:oeuvre] SARAH
2026-08-18 15:43:48,033 [INFO] [NOUVEAU:oeuvre] CRISTIAN
2026-08-18 15:43:48,033 [INFO] [NOUVEAU:oeuvre] LE SEPTIÈME JOUR
2026-08-18 15:43:48,033 [INFO] [NOUVEAU:oeuvre] SARAH III
2026-08-18 15:43:48,033 [INFO] [NOUVEAU:oeuvre] RAPHAËL
2026-08-18 15:43:48,033 [INFO] [NOUVEAU:oeuvre] L’AVIATEUR
2026-08-18 15:43:48,034 [INFO] [NOUVEAU:oeuvre] HUBERT AU BANDEAU
2026-08-18 15:43:48,034 [INFO] [NOUVEAU:oeuvre] BENOIT POLI OR
2026-08-18 15:43:48,034 [INFO] [NOUVEAU:oeuvre] DUO MARGAUX ET TIMOTHY
2026-08-18 15:43:48,034 [INFO] [NOUVEAU:oeuvre] LUCAS
2026-08-18 15:43:48,034 [INFO] [NOUVEAU:oeuvre] MARCELLO
2026-08-18 15:43:48,034 [INFO] [NOUVEAU:oeuvre] LE DEPART
2026-08-18 15:43:48,034 [INFO] [NOUVEAU:oeuvre] LE VENT NOUS PORTERA
2026-08-18 15:43:48,034 [INFO] [NOUVEAU:oeuvre] LAURALOU
2026-08-18 15:43:48,034 [INFO] [NOUVEAU:oeuvre] JOHNNY
2026-08-18 15:43:48,034 [INFO] [NOUVEAU:oeuvre] LE MUSICIEN
2026-08-18 15:43:48,034 [INFO] [NOUVEAU:oeuvre] MATHILDE
2026-08-18 15:43:48,034 [INFO] [NOUVEAU:oeuvre] DUO NOUVELLE MARCHANDISE
2026-08-18 15:43:48,035 [INFO] [NOUVEAU:oeuvre] LE TOUR DU MONDE EN 80 JOURS
2026-08-18 15:43:48,035 [INFO] [NOUVEAU:oeuvre] NICKO
2026-08-18 15:43:48,035 [INFO] [NOUVEAU:oeuvre] UN HOMME ET UNE FEMME
2026-08-18 15:43:48,035 [INFO] [NOUVEAU:oeuvre] SARAH
2026-08-18 15:43:48,035 [INFO] [NOUVEAU:oeuvre] LE NAVIGATEUR
2026-08-18 15:43:48,035 [INFO] [NOUVEAU:oeuvre] RAPHAËL
2026-08-18 15:43:48,035 [INFO] [NOUVEAU:oeuvre] BACHIR
2026-08-18 15:43:48,035 [INFO] [NOUVEAU:oeuvre] FINAL DRAPE
2026-08-18 15:43:48,035 [INFO] [NOUVEAU:oeuvre] BLACK MAN
2026-08-18 15:43:48,035 [INFO] [NOUVEAU:oeuvre] LE DRAPE – LAURALOU
2026-08-18 15:43:48,036 [INFO] [NOUVEAU:oeuvre] LE DRAPE VIII
2026-08-18 15:43:48,036 [INFO] [NOUVEAU:oeuvre] LE DRAPPE III
2026-08-18 15:43:48,036 [INFO] [NOUVEAU:oeuvre] TEMPTATION
2026-08-18 15:43:48,036 [INFO] [NOUVEAU:oeuvre] MINIATURE SERENA
2026-08-18 15:43:48,036 [INFO] [NOUVEAU:oeuvre] PERSEVERANCE
2026-08-18 15:43:48,036 [INFO] [NOUVEAU:oeuvre] SERENITY
2026-08-18 15:43:48,036 [INFO] [NOUVEAU:oeuvre] PISCES LIFE SIZE
2026-08-18 15:43:48,036 [INFO] [NOUVEAU:oeuvre] MINIATURE QUAN PINK CHROMATIC
2026-08-18 15:43:48,036 [INFO] [NOUVEAU:oeuvre] CONTEMPLATION
2026-08-18 15:43:48,036 [INFO] [NOUVEAU:oeuvre] JUSTICE TABLE TOP
2026-08-18 15:43:48,036 [INFO] [NOUVEAU:oeuvre] PERSEVERANCE TABLE TOP
2026-08-18 15:43:48,036 [INFO] [NOUVEAU:oeuvre] TEMPTATION
2026-08-18 15:43:48,037 [INFO] [NOUVEAU:oeuvre] MINIATURE BALANCE
2026-08-18 15:43:48,037 [INFO] [NOUVEAU:oeuvre] NEXT SUMMER
2026-08-18 15:43:48,037 [INFO] [NOUVEAU:oeuvre] SERENITY
2026-08-18 15:43:48,037 [INFO] [NOUVEAU:oeuvre] TEMPTATION
2026-08-18 15:43:48,037 [INFO] [NOUVEAU:oeuvre] MINIATURE BALANCE TANGERINE SUIT
2026-08-18 15:43:48,037 [INFO] [NOUVEAU:oeuvre] THE DIVER TABLE TOP
2026-08-18 15:43:48,037 [INFO] [NOUVEAU:oeuvre] CONTEMPLATION TABLE TOP
2026-08-18 15:43:48,037 [INFO] [NOUVEAU:oeuvre] DR. FRANK
2026-08-18 15:43:48,037 [INFO] [NOUVEAU:oeuvre] CONTEMPLATION TABLE TOP
2026-08-18 15:43:48,037 [INFO] [NOUVEAU:oeuvre] PERSEVERANCE TABLE TOP
2026-08-18 15:43:48,037 [INFO] [NOUVEAU:oeuvre] WHAT IF TABLE TOP
2026-08-18 15:43:48,037 [INFO] [NOUVEAU:oeuvre] MIDPOINT TABLE TOP
2026-08-18 15:43:48,037 [INFO] [NOUVEAU:oeuvre] MINIATURE BROOKE WITH BEACH BALL
2026-08-18 15:43:48,038 [INFO] [NOUVEAU:oeuvre] MIDPOINT TABLE TOP
2026-08-18 15:43:48,038 [INFO] [NOUVEAU:oeuvre] MINIATURE SERENA
2026-08-18 15:43:48,038 [INFO] [NOUVEAU:oeuvre] MINIATURE QUAN
2026-08-18 15:43:48,038 [INFO] [NOUVEAU:oeuvre] MINIATURE QUAN
2026-08-18 15:43:48,038 [INFO] [NOUVEAU:oeuvre] AURA
2026-08-18 15:43:48,038 [INFO] [NOUVEAU:oeuvre] GALENE GREY PATINA
2026-08-18 15:43:48,038 [INFO] [NOUVEAU:oeuvre] ECHOES OF AUTUMN
2026-08-18 15:43:48,038 [INFO] [NOUVEAU:oeuvre] ASHIA
2026-08-18 15:43:48,038 [INFO] [NOUVEAU:oeuvre] WALKING IN BEAUTY SMALL
2026-08-18 15:43:48,038 [INFO] [NOUVEAU:oeuvre] FALL WHISPERS
2026-08-18 15:43:48,038 [INFO] [NOUVEAU:oeuvre] EN LA DEHESA
2026-08-18 15:43:48,038 [INFO] [NOUVEAU:oeuvre] GALATEA
2026-08-18 15:43:48,038 [INFO] [NOUVEAU:oeuvre] FALL WHISPERS
2026-08-18 15:43:48,038 [INFO] [NOUVEAU:oeuvre] HANAMI
2026-08-18 15:43:48,039 [INFO] [NOUVEAU:oeuvre] THE FAUN
2026-08-18 15:43:48,039 [INFO] [NOUVEAU:oeuvre] HAMLET THE DOUBT II
2026-08-18 15:43:48,039 [INFO] [NOUVEAU:oeuvre] ALIS VOLAT PROPRIIS CON DISCO
2026-08-18 15:43:48,039 [INFO] [NOUVEAU:oeuvre] HE SWIMMER ALUMINIUM
2026-08-18 15:43:48,039 [INFO] [NOUVEAU:oeuvre] FOREST GUARDIAN
2026-08-18 15:43:48,039 [INFO] [NOUVEAU:oeuvre] DANCE OF LIGHT
2026-08-18 15:43:48,039 [INFO] [NOUVEAU:oeuvre] THE GIANT OF SALT
2026-08-18 15:43:48,039 [INFO] [NOUVEAU:oeuvre] SCARECROW
2026-08-18 15:43:48,039 [INFO] [NOUVEAU:oeuvre] LA REVOLERA
2026-08-18 15:43:48,039 [INFO] [NOUVEAU:oeuvre] GALENE
2026-08-18 15:43:48,039 [INFO] [NOUVEAU:oeuvre] MY LIFE IS MY MESSAGE
2026-08-18 15:43:48,039 [INFO] [NOUVEAU:oeuvre] KYMO
2026-08-18 15:43:48,039 [INFO] [NOUVEAU:oeuvre] ALIS VOLAT PROPRIIS
2026-08-18 15:43:48,039 [INFO] [NOUVEAU:oeuvre] KYMO
2026-08-18 15:43:48,039 [INFO] [NOUVEAU:oeuvre] TENSEGRITY VARIATION
2026-08-18 15:43:48,039 [INFO] [NOUVEAU:oeuvre] LIBER
2026-08-18 15:43:48,040 [INFO] [NOUVEAU:oeuvre] LA PETITE PAUSE
2026-08-18 15:43:48,040 [INFO] [NOUVEAU:oeuvre] CONSOLATION
2026-08-18 15:43:48,040 [INFO] [NOUVEAU:oeuvre] LE POÈTE
2026-08-18 15:43:48,040 [INFO] [NOUVEAU:oeuvre] PETITE PRIÈRE
2026-08-18 15:43:48,040 [INFO] [NOUVEAU:oeuvre] LE RÉVEIL AMOUREUX
2026-08-18 15:43:48,040 [INFO] [NOUVEAU:oeuvre] LE VIOLONISTE
2026-08-18 15:43:48,040 [INFO] [NOUVEAU:oeuvre] LA CONVERSATION
2026-08-18 15:43:48,040 [INFO] [NOUVEAU:oeuvre] LE VIOLON
2026-08-18 15:43:48,040 [INFO] [NOUVEAU:oeuvre] LOSANGES
2026-08-18 15:43:48,040 [INFO] [NOUVEAU:oeuvre] PETITE CHORALE III
2026-08-18 15:43:48,040 [INFO] [NOUVEAU:oeuvre] LE FLUTISTE
2026-08-18 15:43:48,040 [INFO] [NOUVEAU:oeuvre] BAISER SUR LA BOUCHE
2026-08-18 15:43:48,040 [INFO] [NOUVEAU:oeuvre] À LA TIENNE
2026-08-18 15:43:48,040 [INFO] [NOUVEAU:oeuvre] BAISER DANS LE COU
2026-08-18 15:43:48,041 [INFO] [NOUVEAU:oeuvre] BAISER SUR LE FRONT
2026-08-18 15:43:48,041 [INFO] [NOUVEAU:oeuvre] BAISER DANS LE COU
2026-08-18 15:43:48,041 [INFO] [NOUVEAU:oeuvre] Le baiser monumental
2026-08-18 15:43:48,041 [INFO] [NOUVEAU:oeuvre] LE PIANO
2026-08-18 15:43:48,041 [INFO] [NOUVEAU:oeuvre] Baiser soufflé
2026-08-18 15:43:48,041 [INFO] [NOUVEAU:oeuvre] Baiser sur le pouce
2026-08-18 15:43:48,041 [INFO] [NOUVEAU:oeuvre] SECRETS DES MOLÉCULES
2026-08-18 15:43:48,041 [INFO] [NOUVEAU:oeuvre] AMINO
2026-08-18 15:43:48,041 [INFO] [NOUVEAU:oeuvre] STARRY MESSENGER
2026-08-18 15:43:48,041 [INFO] [NOUVEAU:oeuvre] STARRY MESSENGER II
2026-08-18 15:43:48,041 [INFO] [NOUVEAU:oeuvre] EARTH TO THE STARS
2026-08-18 15:43:48,041 [INFO] [NOUVEAU:oeuvre] ANTHROPOCOSMOS
2026-08-18 15:43:48,041 [INFO] [NOUVEAU:oeuvre] RHEA
2026-08-18 15:43:48,041 [INFO] [NOUVEAU:oeuvre] ISIS
2026-08-18 15:43:48,041 [INFO] [NOUVEAU:oeuvre] MAIA
2026-08-18 15:43:48,042 [INFO] [NOUVEAU:oeuvre] LE BAISER
2026-08-18 15:43:48,042 [INFO] [NOUVEAU:oeuvre] ARIA
2026-08-18 15:43:48,042 [INFO] [NOUVEAU:oeuvre] KALI
2026-08-18 15:43:48,042 [INFO] [NOUVEAU:oeuvre] HARMONIE
2026-08-18 15:43:48,042 [INFO] [NOUVEAU:oeuvre] ARIANE
2026-08-18 15:43:48,042 [INFO] [NOUVEAU:oeuvre] CALLIOPE
2026-08-18 15:43:48,042 [INFO] [NOUVEAU:oeuvre] VICTORIA
2026-08-18 15:43:48,042 [INFO] [NOUVEAU:oeuvre] TARA
2026-08-18 15:43:48,042 [INFO] [NOUVEAU:oeuvre] PSYCHÉ
2026-08-18 15:43:48,042 [INFO] [NOUVEAU:oeuvre] OLD BROTHER
2026-08-18 15:43:48,042 [INFO] [NOUVEAU:oeuvre] NARDO
2026-08-18 15:43:48,042 [INFO] [NOUVEAU:oeuvre] LA RÊVEUSE AUX ORIGAMIS
2026-08-18 15:43:48,042 [INFO] [NOUVEAU:oeuvre] LA GARDIENNE ET L’OURSON D’ORIGAMI
2026-08-18 15:43:48,042 [INFO] [NOUVEAU:oeuvre] L’ARLEQUIN
2026-08-18 15:43:48,043 [INFO] [NOUVEAU:oeuvre] OURSON VIOLON
2026-08-18 15:43:48,043 [INFO] [NOUVEAU:oeuvre] OURSON SKI
2026-08-18 15:43:48,043 [INFO] [NOUVEAU:oeuvre] I GIVE YOU MY HEART III
2026-08-18 15:43:48,043 [INFO] [NOUVEAU:oeuvre] Infinite Emotions
2026-08-18 15:43:48,043 [INFO] [NOUVEAU:oeuvre] Joining Hearts
2026-08-18 15:43:48,043 [INFO] [NOUVEAU:oeuvre] I GIVE YOU MY HEART III
2026-08-18 15:43:48,043 [INFO] [NOUVEAU:oeuvre] DURING LOVE
2026-08-18 15:43:48,043 [INFO] [NOUVEAU:oeuvre] I GIVE YOU MY HEART III – GREEN
2026-08-18 15:43:48,043 [INFO] [NOUVEAU:oeuvre] I GIVE YOU MY HEART III – PINK
2026-08-18 15:43:48,043 [INFO] [NOUVEAU:oeuvre] REACHING FOR LOVE
2026-08-18 15:43:48,043 [INFO] [NOUVEAU:oeuvre] I GIVE YOU MY HEART III
2026-08-18 15:43:48,043 [INFO] [NOUVEAU:oeuvre] BALANCE OF LOVE
2026-08-18 15:43:48,043 [INFO] [NOUVEAU:oeuvre] REACH MALE
2026-08-18 15:43:48,043 [INFO] [NOUVEAU:oeuvre] I GIVE YOU MY HEART III
2026-08-18 15:43:48,043 [INFO] [NOUVEAU:oeuvre] FINDING LOVE
2026-08-18 15:43:48,044 [INFO] [NOUVEAU:oeuvre] GIVING AND RECEIVING LOVE
2026-08-18 15:43:48,044 [INFO] [NOUVEAU:oeuvre] TIGHT ROPE HANDS
2026-08-18 15:43:48,044 [INFO] [NOUVEAU:oeuvre] LADIES DESIRE DIOR SADDLE BAG
2026-08-18 15:43:48,044 [INFO] [NOUVEAU:oeuvre] LADIES DESIRE CHANEL 25
2026-08-18 15:43:48,044 [INFO] [NOUVEAU:oeuvre] LADIES DESIRE CHANEL
2026-08-18 15:43:48,044 [INFO] [NOUVEAU:oeuvre] LADIES DESIRE
2026-08-18 15:43:48,044 [INFO] [NOUVEAU:oeuvre] LADIES DESIRE HERMÈS BIRKIN
2026-08-18 15:43:48,044 [INFO] [NOUVEAU:oeuvre] SWEET HEART SMALL SINGLE
2026-08-18 15:43:48,044 [INFO] [NOUVEAU:oeuvre] CELEBRATION MIDI
2026-08-18 15:43:48,044 [INFO] [NOUVEAU:oeuvre] TRIO MIDI
2026-08-18 15:43:48,044 [INFO] [NOUVEAU:oeuvre] LE COUPLE WITH THREE LEAFS
2026-08-18 15:43:48,044 [INFO] [NOUVEAU:oeuvre] LOVE CHERRY TENDER SINGLE PURE INSIDE
2026-08-18 15:43:48,044 [INFO] [NOUVEAU:oeuvre] LOVE CHERRIES PURE INSIDE SERIE IV
2026-08-18 15:43:48,044 [INFO] [NOUVEAU:oeuvre] REFLECTION
2026-08-18 15:43:48,044 [INFO] [NOUVEAU:oeuvre] TEMPTATION
2026-08-18 15:43:48,045 [INFO] [NOUVEAU:oeuvre] HAPPINESS SERIE I
2026-08-18 15:43:48,045 [INFO] [NOUVEAU:oeuvre] BRAVE SOUL
2026-08-18 15:43:48,045 [INFO] [NOUVEAU:oeuvre] BREAK INTO LIGHT
2026-08-18 15:43:48,045 [INFO] [NOUVEAU:oeuvre] AMONG BLOSSOMS
2026-08-18 15:43:48,045 [INFO] [NOUVEAU:oeuvre] COEUR VOLANT
2026-08-18 15:43:48,045 [INFO] [NOUVEAU:oeuvre] LEAP OF SILENCE
2026-08-18 15:43:48,045 [INFO] [NOUVEAU:oeuvre] AUX SOURCES DU RÊVE
2026-08-18 15:43:48,045 [INFO] [NOUVEAU:oeuvre] VOL HAUT
2026-08-18 15:43:48,045 [INFO] [NOUVEAU:oeuvre] LEAPING BEYOND
2026-08-18 15:43:48,045 [INFO] [NOUVEAU:oeuvre] CONTEMPLATION
2026-08-18 15:43:48,045 [INFO] [NOUVEAU:oeuvre] ELEGANT FRAGRANCE
2026-08-18 15:43:48,045 [INFO] [NOUVEAU:oeuvre] THE EDGE OF THE WIND
2026-08-18 15:43:48,045 [INFO] [NOUVEAU:oeuvre] NUANCES
2026-08-18 15:43:48,045 [INFO] [NOUVEAU:oeuvre] LIGHTNESS
2026-08-18 15:43:48,046 [INFO] [NOUVEAU:oeuvre] INATTENDU
2026-08-18 15:43:48,046 [INFO] [NOUVEAU:oeuvre] AUTOMNALE
2026-08-18 15:43:48,046 [INFO] [NOUVEAU:oeuvre] SECRETS IN THE WIND
2026-08-18 15:43:48,046 [INFO] [NOUVEAU:oeuvre] AU LOIN
2026-08-18 15:43:48,046 [INFO] [NOUVEAU:oeuvre] PLONGÉE DANS TON CŒUR
2026-08-18 15:43:48,046 [INFO] [NOUVEAU:oeuvre] EYE TO EYE
2026-08-18 15:43:48,046 [INFO] [NOUVEAU:oeuvre] VOL HAUT
2026-08-18 15:43:48,046 [INFO] [NOUVEAU:oeuvre] Dancing Wings
2026-08-18 15:43:48,046 [INFO] [NOUVEAU:oeuvre] NIRVANA
2026-08-18 15:43:48,046 [INFO] [NOUVEAU:oeuvre] AUTOMNAL
2026-08-18 15:43:48,046 [INFO] [NOUVEAU:oeuvre] INDIRA
2026-08-18 15:43:48,046 [INFO] [NOUVEAU:oeuvre] PORTEUSE DE LUMIÈRE
2026-08-18 15:43:48,046 [INFO] [NOUVEAU:oeuvre] I USED TO FLOAT
2026-08-18 15:43:48,047 [INFO] [NOUVEAU:oeuvre] JEU DE LI MEI
2026-08-18 15:43:48,047 [INFO] [NOUVEAU:oeuvre] SECRET LIFE
2026-08-18 15:43:48,047 [INFO] [NOUVEAU:oeuvre] LA JEUNE ÉPOUSE
2026-08-18 15:43:48,047 [INFO] [NOUVEAU:oeuvre] DOLCE
2026-08-18 15:43:48,047 [INFO] [NOUVEAU:oeuvre] NOS ÂMES SI FRAGILES
2026-08-18 15:43:48,047 [INFO] [NOUVEAU:oeuvre] À L’OMBRE DES GRANDS ARBRES
2026-08-18 15:43:48,047 [INFO] [NOUVEAU:oeuvre] LIBRE
2026-08-18 15:43:48,047 [INFO] [NOUVEAU:oeuvre] L’ÉVEIL AU MONDE
2026-08-18 15:43:48,047 [INFO] [NOUVEAU:oeuvre] AMOUREUSE DES NUAGES
2026-08-18 15:43:48,047 [INFO] [NOUVEAU:oeuvre] UN DÉSIR SI FRAGILE
2026-08-18 15:43:48,047 [INFO] [NOUVEAU:oeuvre] SIAM
2026-08-18 15:43:48,047 [INFO] [NOUVEAU:oeuvre] LE PHOQUE N°1
2026-08-18 15:43:48,047 [INFO] [NOUVEAU:oeuvre] 114 LE DOMINANT N°5
2026-08-18 15:43:48,048 [INFO] [NOUVEAU:oeuvre] 147 LA FRATRIE N°2A
2026-08-18 15:43:48,048 [INFO] [NOUVEAU:oeuvre] 186 LE MÉLÈZE N°2
2026-08-18 15:43:48,048 [INFO] [NOUVEAU:oeuvre] 176 LE JEU N°3
2026-08-18 15:43:48,048 [INFO] [NOUVEAU:oeuvre] 148 LA VOLUPTÉ N°2
2026-08-18 15:43:48,048 [INFO] [NOUVEAU:oeuvre] 088 LE DOS ARGENTÉ N°4
2026-08-18 15:43:48,048 [INFO] [NOUVEAU:oeuvre] 047 LE MIEL N°2
2026-08-18 15:43:48,048 [INFO] [NOUVEAU:oeuvre] 122 LA BANQUISE N°1
2026-08-18 15:43:48,048 [INFO] [NOUVEAU:oeuvre] 161 LA MARCHE N°2
2026-08-18 15:43:48,048 [INFO] [NOUVEAU:oeuvre] 006 LE DOS ROND N°1
2026-08-18 15:43:48,048 [INFO] [NOUVEAU:oeuvre] 244 LE PATRIARCHE N°5
2026-08-18 15:43:48,048 [INFO] [NOUVEAU:oeuvre] SERENGETI & TEFNOUT
2026-08-18 15:43:48,048 [INFO] [NOUVEAU:oeuvre] PAKHET & KALAHARI
2026-08-18 15:43:48,048 [INFO] [NOUVEAU:oeuvre] SANADA
2026-08-18 15:43:48,048 [INFO] [NOUVEAU:oeuvre] LA DERNIÈRE ÉPREUVE D’ULYSSE
2026-08-18 15:43:48,049 [INFO] [NOUVEAU:oeuvre] MENELAS
2026-08-18 15:43:48,049 [INFO] [NOUVEAU:oeuvre] SPARTAN
2026-08-18 15:43:48,049 [INFO] [NOUVEAU:oeuvre] JIN
2026-08-18 15:43:48,049 [INFO] [NOUVEAU:oeuvre] KENSHIRO
2026-08-18 15:43:48,049 [INFO] [NOUVEAU:oeuvre] RAIDEN
2026-08-18 15:43:48,049 [INFO] [NOUVEAU:oeuvre] LINDBERGH
2026-08-18 15:43:48,049 [INFO] [NOUVEAU:oeuvre] SAMOURAI ROUGE
2026-08-18 15:43:48,049 [INFO] [NOUVEAU:oeuvre] DAME DE CHINE BLEUE
2026-08-18 15:43:48,049 [INFO] [NOUVEAU:oeuvre] MARCHÉ AUX FLEURS
2026-08-18 15:43:48,049 [INFO] [NOUVEAU:oeuvre] POTIERE
2026-08-18 15:43:48,049 [INFO] [NOUVEAU:oeuvre] IMPÉRATRICE DE CHINE
2026-08-18 15:43:48,049 [INFO] [NOUVEAU:oeuvre] LAVENDIÈRE
2026-08-18 15:43:48,049 [INFO] [NOUVEAU:oeuvre] MANDARIN
2026-08-18 15:43:48,049 [INFO] [NOUVEAU:oeuvre] ÉPOUSE DU MANDARIN
2026-08-18 15:43:48,050 [INFO] [NOUVEAU:oeuvre] PRINCESSE DE CHINE
2026-08-18 15:43:48,050 [INFO] [NOUVEAU:oeuvre] La Lavandière
2026-08-18 15:43:48,050 [INFO] [NOUVEAU:oeuvre] LE MARCHE DE NOUAKCHOTT MARRON
2026-08-18 15:43:48,050 [INFO] [NOUVEAU:oeuvre] FLAMME
2026-08-18 15:43:48,050 [INFO] [NOUVEAU:oeuvre] LA CEUILLEUSE DE SECRETS
2026-08-18 15:43:48,050 [INFO] [NOUVEAU:oeuvre] DE TOUT MON COEUR
2026-08-18 15:43:48,050 [INFO] [NOUVEAU:oeuvre] UN COEUR POUR DEUX
2026-08-18 15:43:48,050 [INFO] [NOUVEAU:oeuvre] TRIUMPHANT ELEPHANT
2026-08-18 15:43:48,050 [INFO] [NOUVEAU:oeuvre] DANCE OF TIME II
2026-08-18 15:43:48,050 [INFO] [NOUVEAU:oeuvre] SURREALIST PIANO
2026-08-18 15:43:48,050 [INFO] [NOUVEAU:oeuvre] PROFILE OF TIME
2026-08-18 15:43:48,051 [INFO] [NOUVEAU:oeuvre] SURREALIST NEWTON
2026-08-18 15:43:48,051 [INFO] [NOUVEAU:oeuvre] HOMAGE TO FASHION
2026-08-18 15:43:48,051 [INFO] [NOUVEAU:oeuvre] DALINIAN DANCER
2026-08-18 15:43:48,051 [INFO] [NOUVEAU:oeuvre] DANCE OF TIME I
2026-08-18 15:43:48,051 [INFO] [NOUVEAU:oeuvre] MAE WEST LIPS SOFA
2026-08-18 15:43:48,051 [INFO] [NOUVEAU:oeuvre] PERSISTENCE OF MEMORY
2026-08-18 15:43:48,051 [INFO] [NOUVEAU:oeuvre] SAINT GEORGE AND THE DRAGON
2026-08-18 15:43:48,051 [INFO] [NOUVEAU:oeuvre] ALICE IN WONDERLAND
2026-08-18 15:43:48,051 [INFO] [NOUVEAU:oeuvre] LADY GODIVA WITH BUTTERFLIES
2026-08-18 15:43:48,051 [INFO] [NOUVEAU:oeuvre] ADAM AND EVE
2026-08-18 15:43:48,052 [INFO] [NOUVEAU:oeuvre] HOMAGE TO TERPSICHORE
2026-08-18 15:43:48,052 [INFO] [NOUVEAU:oeuvre] SURREALIST WARRIOR
2026-08-18 15:43:48,052 [INFO] [NOUVEAU:oeuvre] SPACE ELEPHANT
2026-08-18 15:43:48,052 [INFO] [NOUVEAU:oeuvre] VENUS À LA GIRAFE
2026-08-18 15:43:48,052 [INFO] [NOUVEAU:oeuvre] FEMME EN FLAMME
2026-08-18 15:43:48,052 [INFO] [NOUVEAU:oeuvre] Femme à la tête de rose
2026-08-18 15:43:48,052 [INFO] [NOUVEAU:oeuvre] ITHEMBA
2026-08-18 15:43:48,052 [INFO] [NOUVEAU:oeuvre] NOVA KOMENCO
2026-08-18 15:43:48,052 [INFO] [NOUVEAU:oeuvre] LE MEME ALLANT
2026-08-18 15:43:48,052 [INFO] [NOUVEAU:oeuvre] SAKSOFOON
2026-08-18 15:43:48,052 [INFO] [NOUVEAU:oeuvre] TROP DE LA VITESSE
2026-08-18 15:43:48,052 [INFO] [NOUVEAU:oeuvre] PROMESSE TENUE
2026-08-18 15:43:48,052 [INFO] [NOUVEAU:oeuvre] VAN DENBAYA
2026-08-18 15:43:48,053 [INFO] [NOUVEAU:oeuvre] AMAHLANU
2026-08-18 15:43:48,053 [INFO] [NOUVEAU:oeuvre] POLE POLE
2026-08-18 15:43:48,053 [INFO] [NOUVEAU:oeuvre] Mama Wa
2026-08-18 15:43:48,053 [INFO] [NOUVEAU:oeuvre] Matiti
2026-08-18 15:43:48,053 [INFO] [NOUVEAU:oeuvre] Obhejane One
2026-08-18 15:43:48,053 [INFO] [NOUVEAU:oeuvre] VENERE DI VENEZIA
2026-08-18 15:43:48,053 [INFO] [NOUVEAU:oeuvre] MARTE DI VENEZIA
2026-08-18 15:43:48,053 [INFO] [NOUVEAU:oeuvre] ATENA DI VENEZIA
2026-08-18 15:43:48,053 [INFO] [NOUVEAU:oeuvre] MERCURIO DI VENEZIA
2026-08-18 15:43:48,053 [INFO] [NOUVEAU:oeuvre] CUSTODI DI EMOZIONI CUSTODE DEL TEMPO
2026-08-18 15:43:48,053 [INFO] [NOUVEAU:oeuvre] CUSTODI DI EMOZIONI ATTIMI VITTORIO
2026-08-18 15:43:48,053 [INFO] [NOUVEAU:oeuvre] CUSTODI DI EMOZIONI GUERRIERO CON COLIBRI
2026-08-18 15:43:48,053 [INFO] [NOUVEAU:oeuvre] PYGMALION AND GALATEA
2026-08-18 15:43:48,054 [INFO] [NOUVEAU:oeuvre] YOUNG DREAMER FAUN
2026-08-18 15:43:48,054 [INFO] [NOUVEAU:oeuvre] ARIADNE’S THREAD
2026-08-18 15:43:48,054 [INFO] [NOUVEAU:oeuvre] VENUS DROPS OF BEAUTY
2026-08-18 15:43:48,054 [INFO] [NOUVEAU:oeuvre] PAN CUSTODIANS OF EMOTIONS
2026-08-18 15:43:48,054 [INFO] [NOUVEAU:oeuvre] CUSTODIANS OF EMOTIONS
2026-08-18 15:43:48,054 [INFO] [NOUVEAU:oeuvre] THE THOUGHTS OF ATHENA
2026-08-18 15:43:48,054 [INFO] [NOUVEAU:oeuvre] LA MIGRAZIONE DELLE EMOZIONI
2026-08-18 15:43:48,054 [INFO] [NOUVEAU:oeuvre] MINOTAURO DI MONTERREY
2026-08-18 15:43:48,054 [INFO] [NOUVEAU:oeuvre] TWILIGHT CREST
2026-08-18 15:43:48,054 [INFO] [NOUVEAU:oeuvre] SMALL AMBER SLICE
2026-08-18 15:43:48,054 [INFO] [NOUVEAU:oeuvre] NEO VIEW
2026-08-18 15:43:48,054 [INFO] [NOUVEAU:oeuvre] AMBER SUNRISE
2026-08-18 15:43:48,055 [INFO] [NOUVEAU:oeuvre] GREEN BALANCE
2026-08-18 15:43:48,055 [INFO] [NOUVEAU:oeuvre] FOSSIL MOON XXXII
2026-08-18 15:43:48,055 [INFO] [NOUVEAU:oeuvre] FOSSIL MOON XXXV
2026-08-18 15:43:48,055 [INFO] [NOUVEAU:oeuvre] FOSSIL MOON XXXVIII
2026-08-18 15:43:48,055 [INFO] [NOUVEAU:oeuvre] FOSSIL MOON XXXIV
2026-08-18 15:43:48,055 [INFO] [NOUVEAU:oeuvre] FOSSIL MOON XXXIII
2026-08-18 15:43:48,055 [INFO] [NOUVEAU:oeuvre] FOSSIL MOON XXVII
2026-08-18 15:43:48,055 [INFO] [NOUVEAU:oeuvre] FOSSIL MOON XXVIII
2026-08-18 15:43:48,055 [INFO] [NOUVEAU:oeuvre] ECHOES OF TIME I
2026-08-18 15:43:48,055 [INFO] [NOUVEAU:oeuvre] FOSSIL DROP
2026-08-18 15:43:48,055 [INFO] [NOUVEAU:oeuvre] Fossil Moon XIX
2026-08-18 15:43:48,055 [INFO] [NOUVEAU:oeuvre] Aqua Fossil Soul V
2026-08-18 15:43:48,055 [INFO] [NOUVEAU:oeuvre] GRAVITY
2026-08-18 15:43:48,056 [INFO] [NOUVEAU:oeuvre] AELIA
2026-08-18 15:43:48,056 [INFO] [NOUVEAU:oeuvre] ECLIPSE
2026-08-18 15:43:48,056 [INFO] [NOUVEAU:oeuvre] PALOMA
2026-08-18 15:43:48,056 [INFO] [NOUVEAU:oeuvre] WONDERLAND (DIPTYCH)
2026-08-18 15:43:48,056 [INFO] [NOUVEAU:oeuvre] SUNSHINE SHOWER
2026-08-18 15:43:48,056 [INFO] [NOUVEAU:oeuvre] JULIET’S GLADE
2026-08-18 15:43:48,056 [INFO] [NOUVEAU:oeuvre] THE SOFT BREEZE PLAYS
2026-08-18 15:43:48,056 [INFO] [NOUVEAU:oeuvre] LOVER’S FLURRY
2026-08-18 15:43:48,056 [INFO] [NOUVEAU:oeuvre] SUN DEW
2026-08-18 15:43:48,056 [INFO] [NOUVEAU:oeuvre] DAYS GO BY
2026-08-18 15:43:48,056 [INFO] [NOUVEAU:oeuvre] TWILIGHT FABLE
2026-08-18 15:43:48,056 [INFO] [NOUVEAU:oeuvre] COSMO
2026-08-18 15:43:48,057 [INFO] [NOUVEAU:oeuvre] MIDNIGHT BLUSTER
2026-08-18 15:43:48,057 [INFO] [NOUVEAU:oeuvre] MOONLIT SONNET
2026-08-18 15:43:48,057 [INFO] [NOUVEAU:oeuvre] DREAMCATCHER FEU
2026-08-18 15:43:48,057 [INFO] [NOUVEAU:oeuvre] DREAMCATCHER BIG LIGHT
2026-08-18 15:43:48,057 [INFO] [NOUVEAU:oeuvre] DREAMCATCHER TIFFANY
2026-08-18 15:43:48,057 [INFO] [NOUVEAU:oeuvre] DREAMCATCHER RED EMOTION
2026-08-18 15:43:48,057 [INFO] [NOUVEAU:oeuvre] DREAMCATCHER ELISIR
2026-08-18 15:43:48,057 [INFO] [NOUVEAU:oeuvre] DREAMCATCHER GOLDEN HOUR
2026-08-18 15:43:48,057 [INFO] [NOUVEAU:oeuvre] DREAMCATCHER ONDA BLUE
2026-08-18 15:43:48,057 [INFO] [NOUVEAU:oeuvre] DREAMCATCHER RED SKY
2026-08-18 15:43:48,057 [INFO] [NOUVEAU:oeuvre] DREAMCATCHER ORO BLU
2026-08-18 15:43:48,057 [INFO] [NOUVEAU:oeuvre] DREAMCATCHER VOLO ROSSO
2026-08-18 15:43:48,057 [INFO] [NOUVEAU:oeuvre] DREAMCATCHER GARDEN
2026-08-18 15:43:48,057 [INFO] [NOUVEAU:oeuvre] DREAMCATCHER FIRE IN THE SKY
2026-08-18 15:43:48,058 [INFO] [NOUVEAU:oeuvre] DREAMCATCHER LIGHT SOUL
2026-08-18 15:43:48,058 [INFO] [NOUVEAU:oeuvre] DREAMCATCHER COLOR SPIRIT
2026-08-18 15:43:48,058 [INFO] [NOUVEAU:oeuvre] DREAMCATCHER BIG SOUL
2026-08-18 15:43:48,058 [INFO] [NOUVEAU:oeuvre] FUKINAGASHI BLUE WIND
2026-08-18 15:43:48,058 [INFO] [NOUVEAU:oeuvre] WHITE FLOWER
2026-08-18 15:43:48,058 [INFO] [NOUVEAU:oeuvre] KENGAI ATAMA
2026-08-18 15:43:48,058 [INFO] [NOUVEAU:oeuvre] RED VAS
2026-08-18 15:43:48,058 [INFO] [NOUVEAU:oeuvre] J CLASS BLEU
2026-08-18 15:43:48,058 [INFO] [NOUVEAU:oeuvre] LAMBORGHINI AVENTADOR VIOLET ET INOX
2026-08-18 15:43:48,058 [INFO] [NOUVEAU:oeuvre] BLACKBIRD NOIR
2026-08-18 15:43:48,058 [INFO] [NOUVEAU:oeuvre] AUDI R8 BLANCHE
2026-08-18 15:43:48,058 [INFO] [NOUVEAU:oeuvre] PORSCHE 992 TURBO S ORANGE
2026-08-18 15:43:48,058 [INFO] [NOUVEAU:oeuvre] J CLASS
2026-08-18 15:43:48,058 [INFO] [NOUVEAU:oeuvre] FERRARI GTO ST ROUGE BANDES TRICOLORES
2026-08-18 15:43:48,059 [INFO] [NOUVEAU:oeuvre] AIRBUS CONCORDE WHITE
2026-08-18 15:43:48,059 [INFO] [NOUVEAU:oeuvre] PORSCHE 992 CARRERA 4S KAKI
2026-08-18 15:43:48,059 [INFO] [NOUVEAU:oeuvre] PORSCHE 991 GTS ORANGE
2026-08-18 15:43:48,059 [INFO] [NOUVEAU:oeuvre] PORSCHE 901 BLUE
2026-08-18 15:43:48,059 [INFO] [NOUVEAU:oeuvre] ASTON MARTIN DBS JAUNE
2026-08-18 15:43:48,059 [INFO] [NOUVEAU:oeuvre] FORD GT40 BLUE
2026-08-18 15:43:48,059 [INFO] [NOUVEAU:oeuvre] FERRARI LA FERRARI YELLOW
2026-08-18 15:43:48,059 [INFO] [NOUVEAU:oeuvre] BUGATTI VEYRON INOX
2026-08-18 15:43:48,059 [INFO] [NOUVEAU:oeuvre] MERCEDES 300SL TUBE BLACK
2026-08-18 15:43:48,059 [INFO] [NOUVEAU:oeuvre] AUDI R8
2026-08-18 15:43:48,059 [INFO] [NOUVEAU:oeuvre] FERRARI DAYTONA SP3 RED
2026-08-18 15:43:48,059 [INFO] [NOUVEAU:oeuvre] FORMULA 1 BLEUE
2026-08-18 15:43:48,059 [INFO] [NOUVEAU:oeuvre] LAMBORGHINI MURCIELAGO ORANGE
2026-08-18 15:43:48,059 [INFO] [NOUVEAU:oeuvre] MIROIR BRONZE
2026-08-18 15:43:48,059 [INFO] [NOUVEAU:oeuvre] MIROIR CLAIR DE LUNE
2026-08-18 15:43:48,060 [INFO] [NOUVEAU:oeuvre] MIROIR MAUVE ET ROSE
2026-08-18 15:43:48,060 [INFO] [NOUVEAU:oeuvre] MIROIR SCARABÉE
2026-08-18 15:43:48,060 [INFO] [NOUVEAU:oeuvre] MIROIR VITAMINE
2026-08-18 15:43:48,060 [INFO] [NOUVEAU:oeuvre] MIROIR PLANÈTE OR ET BLEU
2026-08-18 15:43:48,060 [INFO] [NOUVEAU:oeuvre] MIROIR OXYDE ECLAT ARGENT OR
2026-08-18 15:43:48,060 [INFO] [NOUVEAU:oeuvre] MIROIR ÉTÉ INDIEN
2026-08-18 15:43:48,060 [INFO] [NOUVEAU:oeuvre] MIROIR NEPTUNE
2026-08-18 15:43:48,060 [INFO] [NOUVEAU:oeuvre] LA LUNE
2026-08-18 15:43:48,060 [INFO] [NOUVEAU:oeuvre] MIROIR VERT VÉGÉTAL
2026-08-18 15:43:48,060 [INFO] [NOUVEAU:oeuvre] MIROIR NOIR ET OR
2026-08-18 15:43:48,060 [INFO] [NOUVEAU:oeuvre] MIROIR PÉTALE
2026-08-18 15:43:48,060 [INFO] [NOUVEAU:oeuvre] SAFFRON
2026-08-18 15:43:48,060 [INFO] [NOUVEAU:oeuvre] MUTE OR
2026-08-18 15:43:48,060 [INFO] [NOUVEAU:oeuvre] SOAP
2026-08-18 15:43:48,061 [INFO] [NOUVEAU:oeuvre] SOAP
2026-08-18 15:43:48,061 [INFO] [NOUVEAU:oeuvre] SOAP PILL
2026-08-18 15:43:48,061 [INFO] [NOUVEAU:oeuvre] OSCILLATION SOAP
2026-08-18 15:43:48,061 [INFO] [NOUVEAU:oeuvre] SOAP
2026-08-18 15:43:48,061 [INFO] [NOUVEAU:oeuvre] SOAP
2026-08-18 15:43:48,061 [INFO] [NOUVEAU:oeuvre] SOAP
2026-08-18 15:43:48,061 [INFO] [NOUVEAU:oeuvre] WAVE TRACES
2026-08-18 15:43:48,061 [INFO] [NOUVEAU:oeuvre] SOAP
2026-08-18 15:43:48,061 [INFO] [NOUVEAU:oeuvre] OSCILLATION SOAP BICOLORE VAGO
2026-08-18 15:43:48,061 [INFO] [NOUVEAU:oeuvre] WAVE TRACES ORANGE
2026-08-18 15:43:48,062 [INFO] [NOUVEAU:oeuvre] VOID PETAL MINT
2026-08-18 15:43:48,062 [INFO] [NOUVEAU:oeuvre] SOAP PILL
2026-08-18 15:43:48,062 [INFO] [NOUVEAU:oeuvre] PALAWAN
2026-08-18 15:43:48,062 [INFO] [NOUVEAU:oeuvre] OXY
2026-08-18 15:43:48,062 [INFO] [NOUVEAU:oeuvre] TERRAINS OF CHANGE
2026-08-18 15:43:48,062 [INFO] [NOUVEAU:oeuvre] BLUSH OF SPRING
2026-08-18 15:43:48,062 [INFO] [NOUVEAU:oeuvre] CONSTELLATION
2026-08-18 15:43:48,062 [INFO] [NOUVEAU:oeuvre] VOICE OF SPRING
2026-08-18 15:43:48,062 [INFO] [NOUVEAU:oeuvre] BLOOMING EARTH
2026-08-18 15:43:48,062 [INFO] [NOUVEAU:oeuvre] GATES TO HEAVEN
2026-08-18 15:43:48,062 [INFO] [NOUVEAU:oeuvre] CHROMATA
2026-08-18 15:43:48,062 [INFO] [NOUVEAU:oeuvre] POP
2026-08-18 15:43:48,062 [INFO] [NOUVEAU:oeuvre] BLUSH
2026-08-18 15:43:48,063 [INFO] [NOUVEAU:oeuvre] DUSK
2026-08-18 15:43:48,063 [INFO] [NOUVEAU:oeuvre] SPIRIT
2026-08-18 15:43:48,063 [INFO] [NOUVEAU:oeuvre] SAFE CHROME MIX X
2026-08-18 15:43:48,063 [INFO] [NOUVEAU:oeuvre] PANORAMIC SAFE
2026-08-18 15:43:48,063 [INFO] [NOUVEAU:oeuvre] Safe chrome diamonds
2026-08-18 15:43:48,063 [INFO] [NOUVEAU:oeuvre] COFFRE IN GOLD WE TRUST
2026-08-18 15:43:48,063 [INFO] [NOUVEAU:oeuvre] SAFE BLACK
2026-08-18 15:43:48,063 [INFO] [NOUVEAU:oeuvre] Safe Round chrome Y dollars
2026-08-18 15:43:48,063 [INFO] [NOUVEAU:oeuvre] B FOR BANK
2026-08-18 15:43:48,063 [INFO] [NOUVEAU:oeuvre] SAFE GOLD X DIAMONDS
2026-08-18 15:43:48,063 [INFO] [NOUVEAU:oeuvre] Safe Round shiny gold X diamants
2026-08-18 15:43:48,063 [INFO] [NOUVEAU:oeuvre] SAFE MEN’S TREASURE FLORAL
2026-08-18 15:43:48,063 [INFO] [NOUVEAU:oeuvre] Safe Round Shiny gold Y dollars
2026-08-18 15:43:48,063 [INFO] [NOUVEAU:oeuvre] SAFE MAN’S TREASURE SHINY GOLD
2026-08-18 15:43:48,064 [INFO] [NOUVEAU:oeuvre] AFFINITY IN MOTION I & II – DIPTYQUE
2026-08-18 15:43:48,064 [INFO] [NOUVEAU:oeuvre] TROPICAL SKIES
2026-08-18 15:43:48,064 [INFO] [NOUVEAU:oeuvre] COSTA VERDE
2026-08-18 15:43:48,064 [INFO] [NOUVEAU:oeuvre] SOULMATE
2026-08-18 15:43:48,064 [INFO] [NOUVEAU:oeuvre] STARFIELD
2026-08-18 15:43:48,064 [INFO] [NOUVEAU:oeuvre] IRIDESCENT I & II – DIPTYQUE
2026-08-18 15:43:48,064 [INFO] [NOUVEAU:oeuvre] SUDDENLY
2026-08-18 15:43:48,064 [INFO] [NOUVEAU:oeuvre] TIDAL SERENADE
2026-08-18 15:43:48,093 [INFO] ===== RESUME =====
2026-08-18 15:43:48,093 [INFO] [Artistes]  total=57 actifs=57 avec_bio=57 -> artistes.json
2026-08-18 15:43:48,093 [INFO] [Oeuvres]   total=717 actifs=717 avec_image=717 -> catalogue.json
2026-08-18 15:43:48,093 [INFO] Dossier images : artistes/
2026-08-18 15:43:48,093 [INFO] Termine.
